cod,nom,foto,medida_raw,medida_px,factor,lado_destino,estado,detalle
DWE4315,"MINI ESMERILADORA 4 1/2"" DEWALT (DWE4315)",DWE4315.webp,"4 1/2""",4.0,1.0,700,ok,Guardado con lado_destino=700px (factor=1.0)
MESMM4010,"MINI ESMERILADORA DEWALT  4 1/2"" (4010)",MESMM4010.webp,"4 1/2""",4.0,1.0,700,ok,Guardado con lado_destino=700px (factor=1.0)
MESMD4020,"MINI ESMERILADORA DEWALT  4 1/2"" (4020)",MESMD4020.webp,"4 1/2"" 1/2",4.0,1.0,700,ok,Guardado con lado_destino=700px (factor=1.0)
MESMD4120,"MINI ESMERILADORA DEWALT 4 1/2""(4120)",https://qdlezhfcnwsygtosieme.supabase.co/storage/v1/object/public/fotos/MESMD4120-1785145416575.webp,"4 1/2"" 1/2",4.0,1.0,700,skip,Foto no encontrada: /home/rodrigo/Documentos/ProyectosVisual/Catalogo_Digital_Aceros_Pe-ascal/catalogo-web/fotos/https:/qdlezhfcnwsygtosieme.supabase.co/storage/v1/object/public/fotos/MESMD4120-1785145416575.webp
MEMM41/29510,"MINI ESMERILADORA MAKITA 4 1/2"" ( M9510B )",MEMM41-29510.webp,"4 1/2"" 1/2",4.0,1.0,700,ok,Guardado con lado_destino=700px (factor=1.0)
MESM90B,"MINI ESMERILADORA MAKITA 4 1/2"" (MGA90B)",MESM90B.webp,"4 1/2"" 1/2",4.0,1.0,700,ok,Guardado con lado_destino=700px (factor=1.0)
SOLD6010,"SOLDADURA 6010 1/8"" ESAB",https://qdlezhfcnwsygtosieme.supabase.co/storage/v1/object/public/fotos/SOLD6010-1785305724860.webp,"6010 1/8"" 1/8",6010.0,0.9254,647,skip,Foto no encontrada: /home/rodrigo/Documentos/ProyectosVisual/Catalogo_Digital_Aceros_Pe-ascal/catalogo-web/fotos/https:/qdlezhfcnwsygtosieme.supabase.co/storage/v1/object/public/fotos/SOLD6010-1785305724860.webp
SOLESAB70181/8,"SOLDADURA 7018 1/8"" ESAB",https://qdlezhfcnwsygtosieme.supabase.co/storage/v1/object/public/fotos/SOLESAB70181-8-1785364173548.webp,"7018 1/8"" 1/8",7018.0,1.0,700,skip,Foto no encontrada: /home/rodrigo/Documentos/ProyectosVisual/Catalogo_Digital_Aceros_Pe-ascal/catalogo-web/fotos/https:/qdlezhfcnwsygtosieme.supabase.co/storage/v1/object/public/fotos/SOLESAB70181-8-1785364173548.webp
D2006,"DISCO 2006 P/CORTE 4 1/2""",D2006.webp,"4 1/2""",4.0,0.5345,374,ok,Guardado con lado_destino=374px (factor=0.5345)
D554,"DISCO 554 P/CORTE 7""",https://qdlezhfcnwsygtosieme.supabase.co/storage/v1/object/public/fotos/D554-1785148340425.webp,"7""",7.0,0.7071,494,skip,Foto no encontrada: /home/rodrigo/Documentos/ProyectosVisual/Catalogo_Digital_Aceros_Pe-ascal/catalogo-web/fotos/https:/qdlezhfcnwsygtosieme.supabase.co/storage/v1/object/public/fotos/D554-1785148340425.webp
D567,"DISCO 567 P/CORTE  7""",https://qdlezhfcnwsygtosieme.supabase.co/storage/v1/object/public/fotos/D567-1785148441819.jpg,"7""",7.0,0.7071,494,skip,Foto no encontrada: /home/rodrigo/Documentos/ProyectosVisual/Catalogo_Digital_Aceros_Pe-ascal/catalogo-web/fotos/https:/qdlezhfcnwsygtosieme.supabase.co/storage/v1/object/public/fotos/D567-1785148441819.jpg
D732,"DISCO 732 P/CORTE 8""",https://qdlezhfcnwsygtosieme.supabase.co/storage/v1/object/public/fotos/D732-1785148602699.jpg,"8""",8.0,0.7559,529,skip,Foto no encontrada: /home/rodrigo/Documentos/ProyectosVisual/Catalogo_Digital_Aceros_Pe-ascal/catalogo-web/fotos/https:/qdlezhfcnwsygtosieme.supabase.co/storage/v1/object/public/fotos/D732-1785148602699.jpg
D733,"DISCO 733 P/CORTE 14""",https://qdlezhfcnwsygtosieme.supabase.co/storage/v1/object/public/fotos/D733-1785148581959.jpg,"14""",14.0,1.0,700,skip,Foto no encontrada: /home/rodrigo/Documentos/ProyectosVisual/Catalogo_Digital_Aceros_Pe-ascal/catalogo-web/fotos/https:/qdlezhfcnwsygtosieme.supabase.co/storage/v1/object/public/fotos/D733-1785148581959.jpg
D737,"DISCO 737 P/CORTE 14""",https://qdlezhfcnwsygtosieme.supabase.co/storage/v1/object/public/fotos/D737-1785148524230.jpg,"14""",14.0,1.0,700,skip,Foto no encontrada: /home/rodrigo/Documentos/ProyectosVisual/Catalogo_Digital_Aceros_Pe-ascal/catalogo-web/fotos/https:/qdlezhfcnwsygtosieme.supabase.co/storage/v1/object/public/fotos/D737-1785148524230.jpg
D739,"DISCO 739 P/CORTE 14""",https://qdlezhfcnwsygtosieme.supabase.co/storage/v1/object/public/fotos/D739-1785148545308.jpg,"14""",14.0,1.0,700,skip,Foto no encontrada: /home/rodrigo/Documentos/ProyectosVisual/Catalogo_Digital_Aceros_Pe-ascal/catalogo-web/fotos/https:/qdlezhfcnwsygtosieme.supabase.co/storage/v1/object/public/fotos/D739-1785148545308.jpg
D742,"DISCO 742 P/CORTE  14""",https://qdlezhfcnwsygtosieme.supabase.co/storage/v1/object/public/fotos/D742-1785148625089.jpg,"14""",14.0,1.0,700,skip,Foto no encontrada: /home/rodrigo/Documentos/ProyectosVisual/Catalogo_Digital_Aceros_Pe-ascal/catalogo-web/fotos/https:/qdlezhfcnwsygtosieme.supabase.co/storage/v1/object/public/fotos/D742-1785148625089.jpg
D743,"DISCO 743 P/CORTE 14""",https://qdlezhfcnwsygtosieme.supabase.co/storage/v1/object/public/fotos/D743-1785148648378.jpg,"14""",14.0,1.0,700,skip,Foto no encontrada: /home/rodrigo/Documentos/ProyectosVisual/Catalogo_Digital_Aceros_Pe-ascal/catalogo-web/fotos/https:/qdlezhfcnwsygtosieme.supabase.co/storage/v1/object/public/fotos/D743-1785148648378.jpg
D744,"DISCO 744 P/CORTE 14""",https://qdlezhfcnwsygtosieme.supabase.co/storage/v1/object/public/fotos/D744-1785148669934.jpg,"14""",14.0,1.0,700,skip,Foto no encontrada: /home/rodrigo/Documentos/ProyectosVisual/Catalogo_Digital_Aceros_Pe-ascal/catalogo-web/fotos/https:/qdlezhfcnwsygtosieme.supabase.co/storage/v1/object/public/fotos/D744-1785148669934.jpg
D758,"DISCO 758 P/CORTE 14""",https://qdlezhfcnwsygtosieme.supabase.co/storage/v1/object/public/fotos/D758-1785149108183.jpg,"14""",14.0,1.0,700,skip,Foto no encontrada: /home/rodrigo/Documentos/ProyectosVisual/Catalogo_Digital_Aceros_Pe-ascal/catalogo-web/fotos/https:/qdlezhfcnwsygtosieme.supabase.co/storage/v1/object/public/fotos/D758-1785149108183.jpg
D766,"DISCO 766 P/CORTE 14""",https://qdlezhfcnwsygtosieme.supabase.co/storage/v1/object/public/fotos/D766-1785149128639.jpg,"14""",14.0,1.0,700,skip,Foto no encontrada: /home/rodrigo/Documentos/ProyectosVisual/Catalogo_Digital_Aceros_Pe-ascal/catalogo-web/fotos/https:/qdlezhfcnwsygtosieme.supabase.co/storage/v1/object/public/fotos/D766-1785149128639.jpg
D775,"DISCO 775  P/CORTE 4 1/2""",https://qdlezhfcnwsygtosieme.supabase.co/storage/v1/object/public/fotos/D775-1785149167393.jpg,"4 1/2""",4.0,0.5345,374,skip,Foto no encontrada: /home/rodrigo/Documentos/ProyectosVisual/Catalogo_Digital_Aceros_Pe-ascal/catalogo-web/fotos/https:/qdlezhfcnwsygtosieme.supabase.co/storage/v1/object/public/fotos/D775-1785149167393.jpg
D778,"DISCO 778  P/CORTE 4 1/2""",D778.webp,"4 1/2""",4.0,0.5345,374,ok,Guardado con lado_destino=374px (factor=0.5345)
D781,"DISCO 781 P/CORTE 4 1/2""",https://qdlezhfcnwsygtosieme.supabase.co/storage/v1/object/public/fotos/D781-1785149204855.jpg,"4 1/2""",4.0,0.5345,374,skip,Foto no encontrada: /home/rodrigo/Documentos/ProyectosVisual/Catalogo_Digital_Aceros_Pe-ascal/catalogo-web/fotos/https:/qdlezhfcnwsygtosieme.supabase.co/storage/v1/object/public/fotos/D781-1785149204855.jpg
D879,"DISCO 879 P/CORTE 7""",https://qdlezhfcnwsygtosieme.supabase.co/storage/v1/object/public/fotos/D879-1785149291983.jpg,"7""",7.0,0.7071,494,skip,Foto no encontrada: /home/rodrigo/Documentos/ProyectosVisual/Catalogo_Digital_Aceros_Pe-ascal/catalogo-web/fotos/https:/qdlezhfcnwsygtosieme.supabase.co/storage/v1/object/public/fotos/D879-1785149291983.jpg
D889,"DISCO 889 P/CORTE 7""",https://qdlezhfcnwsygtosieme.supabase.co/storage/v1/object/public/fotos/D889-1785149367417.jpg,"7""",7.0,0.7071,494,skip,Foto no encontrada: /home/rodrigo/Documentos/ProyectosVisual/Catalogo_Digital_Aceros_Pe-ascal/catalogo-web/fotos/https:/qdlezhfcnwsygtosieme.supabase.co/storage/v1/object/public/fotos/D889-1785149367417.jpg
D2015,"DISCO 2015  P/CORTE INOX. 4 1/2""",https://qdlezhfcnwsygtosieme.supabase.co/storage/v1/object/public/fotos/D2015-1785145802129.webp,"4 1/2""",4.0,0.7559,529,skip,Foto no encontrada: /home/rodrigo/Documentos/ProyectosVisual/Catalogo_Digital_Aceros_Pe-ascal/catalogo-web/fotos/https:/qdlezhfcnwsygtosieme.supabase.co/storage/v1/object/public/fotos/D2015-1785145802129.webp
D751,"DISCO 751 P/CORTE INOX. 4 1/2""",https://qdlezhfcnwsygtosieme.supabase.co/storage/v1/object/public/fotos/D751-1785148931080.jpg,"4 1/2""",4.0,0.7559,529,skip,Foto no encontrada: /home/rodrigo/Documentos/ProyectosVisual/Catalogo_Digital_Aceros_Pe-ascal/catalogo-web/fotos/https:/qdlezhfcnwsygtosieme.supabase.co/storage/v1/object/public/fotos/D751-1785148931080.jpg
D877,"DISCO 877 P/CORTE 7"" INOX.",https://qdlezhfcnwsygtosieme.supabase.co/storage/v1/object/public/fotos/D877-1785149260656.jpg,"7""",7.0,1.0,700,skip,Foto no encontrada: /home/rodrigo/Documentos/ProyectosVisual/Catalogo_Digital_Aceros_Pe-ascal/catalogo-web/fotos/https:/qdlezhfcnwsygtosieme.supabase.co/storage/v1/object/public/fotos/D877-1785149260656.jpg
D2024,"DISCO 2024 P/CORTE DE METAL 7""",D2024.webp,"7""",7.0,0.8819,617,ok,Guardado con lado_destino=617px (factor=0.8819)
D882,"DISCO 882 P/CORTE DE METAL 9""",https://qdlezhfcnwsygtosieme.supabase.co/storage/v1/object/public/fotos/D882-1785149345397.jpg,"9""",9.0,1.0,700,skip,Foto no encontrada: /home/rodrigo/Documentos/ProyectosVisual/Catalogo_Digital_Aceros_Pe-ascal/catalogo-web/fotos/https:/qdlezhfcnwsygtosieme.supabase.co/storage/v1/object/public/fotos/D882-1785149345397.jpg
D2133,"DISCO 2133  P/CORTE DE ALUM. 10"" 100 DIENTES",https://qdlezhfcnwsygtosieme.supabase.co/storage/v1/object/public/fotos/D2133-1785145948663.webp,"10""",10.0,1.0,700,skip,Foto no encontrada: /home/rodrigo/Documentos/ProyectosVisual/Catalogo_Digital_Aceros_Pe-ascal/catalogo-web/fotos/https:/qdlezhfcnwsygtosieme.supabase.co/storage/v1/object/public/fotos/D2133-1785145948663.webp
D2134,"DISCO 2134 P/CORTE DE ALUM.  10"" 120 DIENTES",https://qdlezhfcnwsygtosieme.supabase.co/storage/v1/object/public/fotos/D2134-1785145976617.webp,"10""",10.0,1.0,700,skip,Foto no encontrada: /home/rodrigo/Documentos/ProyectosVisual/Catalogo_Digital_Aceros_Pe-ascal/catalogo-web/fotos/https:/qdlezhfcnwsygtosieme.supabase.co/storage/v1/object/public/fotos/D2134-1785145976617.webp
D2216,"DISCO 2216 GRANO 40  4 1/2"" DE DESB.",https://qdlezhfcnwsygtosieme.supabase.co/storage/v1/object/public/fotos/D2216-1785146011408.webp,"4 1/2""",4.0,1.0,700,skip,Foto no encontrada: /home/rodrigo/Documentos/ProyectosVisual/Catalogo_Digital_Aceros_Pe-ascal/catalogo-web/fotos/https:/qdlezhfcnwsygtosieme.supabase.co/storage/v1/object/public/fotos/D2216-1785146011408.webp
D2218,"DISCO 2218 GRANO 80 4 1/2"" DE DESB.",https://qdlezhfcnwsygtosieme.supabase.co/storage/v1/object/public/fotos/D2218-1785146088509.webp,"4 1/2""",4.0,1.0,700,skip,Foto no encontrada: /home/rodrigo/Documentos/ProyectosVisual/Catalogo_Digital_Aceros_Pe-ascal/catalogo-web/fotos/https:/qdlezhfcnwsygtosieme.supabase.co/storage/v1/object/public/fotos/D2218-1785146088509.webp
D2217,DISCO 2217 GRANO 60 4 1/2 DE DESB.,https://qdlezhfcnwsygtosieme.supabase.co/storage/v1/object/public/fotos/D2217-1785146045253.webp,"4 1/2""",4.0,1.0,700,skip,Foto no encontrada: /home/rodrigo/Documentos/ProyectosVisual/Catalogo_Digital_Aceros_Pe-ascal/catalogo-web/fotos/https:/qdlezhfcnwsygtosieme.supabase.co/storage/v1/object/public/fotos/D2217-1785146045253.webp
D2639,DISCO 2639 GRANO 60 4 1/2 DE DESB.,D2639.webp,"4 1/2""",4.0,1.0,700,ok,Guardado con lado_destino=700px (factor=1.0)
D2552,"DISCO 2552 DIAMANTE DE 4""  DENTADO",D2552.webp,"4""",4.0,0.7559,529,ok,Guardado con lado_destino=529px (factor=0.7559)
D2555,"DISCO 2555 DIAMANTE DE 4 1/2"" DENTADO",https://qdlezhfcnwsygtosieme.supabase.co/storage/v1/object/public/fotos/D2555-1785146216870.webp,"4 1/2""",4.0,0.7559,529,skip,Foto no encontrada: /home/rodrigo/Documentos/ProyectosVisual/Catalogo_Digital_Aceros_Pe-ascal/catalogo-web/fotos/https:/qdlezhfcnwsygtosieme.supabase.co/storage/v1/object/public/fotos/D2555-1785146216870.webp
D2558,"DISCO 2558  DIAMANTE DE 7"" DENTADO",https://qdlezhfcnwsygtosieme.supabase.co/storage/v1/object/public/fotos/D2558-1785146274431.webp,"7""",7.0,1.0,700,skip,Foto no encontrada: /home/rodrigo/Documentos/ProyectosVisual/Catalogo_Digital_Aceros_Pe-ascal/catalogo-web/fotos/https:/qdlezhfcnwsygtosieme.supabase.co/storage/v1/object/public/fotos/D2558-1785146274431.webp
D2553,"DISCO 2553  DIAMANTE DE 4""",https://qdlezhfcnwsygtosieme.supabase.co/storage/v1/object/public/fotos/D2553-1785146143315.webp,"4""",4.0,0.5345,374,skip,Foto no encontrada: /home/rodrigo/Documentos/ProyectosVisual/Catalogo_Digital_Aceros_Pe-ascal/catalogo-web/fotos/https:/qdlezhfcnwsygtosieme.supabase.co/storage/v1/object/public/fotos/D2553-1785146143315.webp
D2556,"DISCO 2556 DIAMANTE DE 4 1/2""",https://qdlezhfcnwsygtosieme.supabase.co/storage/v1/object/public/fotos/D2556-1785146313866.webp,"4 1/2""",4.0,0.5345,374,skip,Foto no encontrada: /home/rodrigo/Documentos/ProyectosVisual/Catalogo_Digital_Aceros_Pe-ascal/catalogo-web/fotos/https:/qdlezhfcnwsygtosieme.supabase.co/storage/v1/object/public/fotos/D2556-1785146313866.webp
D2559,"DISCO 2559 DIAMANTE DE 7""",https://qdlezhfcnwsygtosieme.supabase.co/storage/v1/object/public/fotos/D2559-1785147942366.webp,"7""",7.0,0.7071,494,skip,Foto no encontrada: /home/rodrigo/Documentos/ProyectosVisual/Catalogo_Digital_Aceros_Pe-ascal/catalogo-web/fotos/https:/qdlezhfcnwsygtosieme.supabase.co/storage/v1/object/public/fotos/D2559-1785147942366.webp
D2691,"DISCO 2691 DIAMANTE DE 14""",https://qdlezhfcnwsygtosieme.supabase.co/storage/v1/object/public/fotos/D2691-1785146472470.webp,"14""",14.0,1.0,700,skip,Foto no encontrada: /home/rodrigo/Documentos/ProyectosVisual/Catalogo_Digital_Aceros_Pe-ascal/catalogo-web/fotos/https:/qdlezhfcnwsygtosieme.supabase.co/storage/v1/object/public/fotos/D2691-1785146472470.webp
D3250,"DISCO 3250 DIAMANTE DE 4""",https://qdlezhfcnwsygtosieme.supabase.co/storage/v1/object/public/fotos/D3250-1785147974598.webp,"4""",4.0,0.5345,374,skip,Foto no encontrada: /home/rodrigo/Documentos/ProyectosVisual/Catalogo_Digital_Aceros_Pe-ascal/catalogo-web/fotos/https:/qdlezhfcnwsygtosieme.supabase.co/storage/v1/object/public/fotos/D3250-1785147974598.webp
D3251,"DISCO 3251 DIAMANTE DE 4""",https://qdlezhfcnwsygtosieme.supabase.co/storage/v1/object/public/fotos/D3251-1785147995875.webp,"4""",4.0,0.5345,374,skip,Foto no encontrada: /home/rodrigo/Documentos/ProyectosVisual/Catalogo_Digital_Aceros_Pe-ascal/catalogo-web/fotos/https:/qdlezhfcnwsygtosieme.supabase.co/storage/v1/object/public/fotos/D3251-1785147995875.webp
D3252,"DISCO 3252 DIAMANTE DE 4""",https://qdlezhfcnwsygtosieme.supabase.co/storage/v1/object/public/fotos/D3252-1785148018451.webp,"4""",4.0,0.5345,374,skip,Foto no encontrada: /home/rodrigo/Documentos/ProyectosVisual/Catalogo_Digital_Aceros_Pe-ascal/catalogo-web/fotos/https:/qdlezhfcnwsygtosieme.supabase.co/storage/v1/object/public/fotos/D3252-1785148018451.webp
D3253,"DISCO 3253 DIAMANTE DE 4""",D3253.webp,"4""",4.0,0.5345,374,ok,Guardado con lado_destino=374px (factor=0.5345)
D2638,DISCO 2638 GRANO 40 4 1/2  DE DESB,https://qdlezhfcnwsygtosieme.supabase.co/storage/v1/object/public/fotos/D2638-1785146360870.webp,"4 1/2""",4.0,1.0,700,skip,Foto no encontrada: /home/rodrigo/Documentos/ProyectosVisual/Catalogo_Digital_Aceros_Pe-ascal/catalogo-web/fotos/https:/qdlezhfcnwsygtosieme.supabase.co/storage/v1/object/public/fotos/D2638-1785146360870.webp
D2643,DISCO 2643 GRANO 80 4 1/2 DE DESB,D2643.webp,"4 1/2""",4.0,1.0,700,ok,Guardado con lado_destino=700px (factor=1.0)
D2716,DISCO 2716 LAMINADO G-40 4 1/2,https://qdlezhfcnwsygtosieme.supabase.co/storage/v1/object/public/fotos/D2716-1785146540243.webp,"4 1/2""",4.0,1.0,700,skip,Foto no encontrada: /home/rodrigo/Documentos/ProyectosVisual/Catalogo_Digital_Aceros_Pe-ascal/catalogo-web/fotos/https:/qdlezhfcnwsygtosieme.supabase.co/storage/v1/object/public/fotos/D2716-1785146540243.webp
D2717,DISCO 2717 LAMINADO G-60 4 1/2,https://qdlezhfcnwsygtosieme.supabase.co/storage/v1/object/public/fotos/D2717-1785146563960.webp,"4 1/2""",4.0,1.0,700,skip,Foto no encontrada: /home/rodrigo/Documentos/ProyectosVisual/Catalogo_Digital_Aceros_Pe-ascal/catalogo-web/fotos/https:/qdlezhfcnwsygtosieme.supabase.co/storage/v1/object/public/fotos/D2717-1785146563960.webp
D2718,DISCO 2718 LAMINADO G-80 4 1/2,https://qdlezhfcnwsygtosieme.supabase.co/storage/v1/object/public/fotos/D2718-1785146596650.webp,"4 1/2""",4.0,1.0,700,skip,Foto no encontrada: /home/rodrigo/Documentos/ProyectosVisual/Catalogo_Digital_Aceros_Pe-ascal/catalogo-web/fotos/https:/qdlezhfcnwsygtosieme.supabase.co/storage/v1/object/public/fotos/D2718-1785146596650.webp
D2982,DISCO 2982 LAMINADO G-80 4 1/2,https://qdlezhfcnwsygtosieme.supabase.co/storage/v1/object/public/fotos/D2982-1785147538228.webp,"4 1/2""",4.0,1.0,700,skip,Foto no encontrada: /home/rodrigo/Documentos/ProyectosVisual/Catalogo_Digital_Aceros_Pe-ascal/catalogo-web/fotos/https:/qdlezhfcnwsygtosieme.supabase.co/storage/v1/object/public/fotos/D2982-1785147538228.webp
D2953,DISCO 2953  GRANO 60 DE 4 1/2 DE DESBASTE,https://qdlezhfcnwsygtosieme.supabase.co/storage/v1/object/public/fotos/D2953-1785146712580.webp,"4 1/2""",4.0,1.0,700,skip,Foto no encontrada: /home/rodrigo/Documentos/ProyectosVisual/Catalogo_Digital_Aceros_Pe-ascal/catalogo-web/fotos/https:/qdlezhfcnwsygtosieme.supabase.co/storage/v1/object/public/fotos/D2953-1785146712580.webp
D2954,DISCO 2954  GRANO 80 DE 4 1/2 DE DESBASTE,https://qdlezhfcnwsygtosieme.supabase.co/storage/v1/object/public/fotos/D2954-1785147196584.webp,"4 1/2""",4.0,1.0,700,skip,Foto no encontrada: /home/rodrigo/Documentos/ProyectosVisual/Catalogo_Digital_Aceros_Pe-ascal/catalogo-web/fotos/https:/qdlezhfcnwsygtosieme.supabase.co/storage/v1/object/public/fotos/D2954-1785147196584.webp
D2955,DISCO 2955  GRANO 120 DE 4 1/2 DE DESBASTE,https://qdlezhfcnwsygtosieme.supabase.co/storage/v1/object/public/fotos/D2955-1785147246799.webp,"4 1/2""",4.0,1.0,700,skip,Foto no encontrada: /home/rodrigo/Documentos/ProyectosVisual/Catalogo_Digital_Aceros_Pe-ascal/catalogo-web/fotos/https:/qdlezhfcnwsygtosieme.supabase.co/storage/v1/object/public/fotos/D2955-1785147246799.webp
D2956,DISCO 2956  GRANO 180 DE 4 1/2 DE DESBASTE,https://qdlezhfcnwsygtosieme.supabase.co/storage/v1/object/public/fotos/D2956-1785147359012.webp,"4 1/2""",4.0,1.0,700,skip,Foto no encontrada: /home/rodrigo/Documentos/ProyectosVisual/Catalogo_Digital_Aceros_Pe-ascal/catalogo-web/fotos/https:/qdlezhfcnwsygtosieme.supabase.co/storage/v1/object/public/fotos/D2956-1785147359012.webp
D2959,DISCO 2959  GRANO 320 DE 4 1/2 DE DESBASTE,https://qdlezhfcnwsygtosieme.supabase.co/storage/v1/object/public/fotos/D2959-1785147400076.webp,"4 1/2""",4.0,1.0,700,skip,Foto no encontrada: /home/rodrigo/Documentos/ProyectosVisual/Catalogo_Digital_Aceros_Pe-ascal/catalogo-web/fotos/https:/qdlezhfcnwsygtosieme.supabase.co/storage/v1/object/public/fotos/D2959-1785147400076.webp
D2980,DISCO 2980 GRANO 40 DE 4 1/2 DE DESBASTE,https://qdlezhfcnwsygtosieme.supabase.co/storage/v1/object/public/fotos/D2980-1785147494485.webp,"4 1/2""",4.0,1.0,700,skip,Foto no encontrada: /home/rodrigo/Documentos/ProyectosVisual/Catalogo_Digital_Aceros_Pe-ascal/catalogo-web/fotos/https:/qdlezhfcnwsygtosieme.supabase.co/storage/v1/object/public/fotos/D2980-1785147494485.webp
D2988,DISCO 2988 GRANO 40 DE 4 1/2 DE DESBASTE,https://qdlezhfcnwsygtosieme.supabase.co/storage/v1/object/public/fotos/D2988-1785147599850.webp,"4 1/2""",4.0,1.0,700,skip,Foto no encontrada: /home/rodrigo/Documentos/ProyectosVisual/Catalogo_Digital_Aceros_Pe-ascal/catalogo-web/fotos/https:/qdlezhfcnwsygtosieme.supabase.co/storage/v1/object/public/fotos/D2988-1785147599850.webp
D2989,DISCO 2989 GRANO 60 DE 4 1/2 DE DESBASTE,D2989.webp,"4 1/2""",4.0,1.0,700,ok,Guardado con lado_destino=700px (factor=1.0)
D2995,"DISCO 2995 GRANO 40 DE 7"" DE DESBASTE",https://qdlezhfcnwsygtosieme.supabase.co/storage/v1/object/public/fotos/D2995-1785147693622.webp,"7""",7.0,1.0,700,skip,Foto no encontrada: /home/rodrigo/Documentos/ProyectosVisual/Catalogo_Digital_Aceros_Pe-ascal/catalogo-web/fotos/https:/qdlezhfcnwsygtosieme.supabase.co/storage/v1/object/public/fotos/D2995-1785147693622.webp
D2996,"DISCO 2996 GRANO 60 DE 7"" DE DESBASTE",https://qdlezhfcnwsygtosieme.supabase.co/storage/v1/object/public/fotos/D2996-1785147719418.webp,"7""",7.0,1.0,700,skip,Foto no encontrada: /home/rodrigo/Documentos/ProyectosVisual/Catalogo_Digital_Aceros_Pe-ascal/catalogo-web/fotos/https:/qdlezhfcnwsygtosieme.supabase.co/storage/v1/object/public/fotos/D2996-1785147719418.webp
D2997,"DISCO 2997 GRANO 80 DE 7"" DE DESBASTE",https://qdlezhfcnwsygtosieme.supabase.co/storage/v1/object/public/fotos/D2997-1785147747101.webp,"7""",7.0,1.0,700,skip,Foto no encontrada: /home/rodrigo/Documentos/ProyectosVisual/Catalogo_Digital_Aceros_Pe-ascal/catalogo-web/fotos/https:/qdlezhfcnwsygtosieme.supabase.co/storage/v1/object/public/fotos/D2997-1785147747101.webp
D561,"DISCO 561 P/DESBASTE  7""",https://qdlezhfcnwsygtosieme.supabase.co/storage/v1/object/public/fotos/D561-1785148374975.webp,"7""",7.0,1.0,700,skip,Foto no encontrada: /home/rodrigo/Documentos/ProyectosVisual/Catalogo_Digital_Aceros_Pe-ascal/catalogo-web/fotos/https:/qdlezhfcnwsygtosieme.supabase.co/storage/v1/object/public/fotos/D561-1785148374975.webp
D999,"DISCO 999 P/DESBASTE 7""",https://qdlezhfcnwsygtosieme.supabase.co/storage/v1/object/public/fotos/D999-1785149627313.jpg,"7""",7.0,1.0,700,skip,Foto no encontrada: /home/rodrigo/Documentos/ProyectosVisual/Catalogo_Digital_Aceros_Pe-ascal/catalogo-web/fotos/https:/qdlezhfcnwsygtosieme.supabase.co/storage/v1/object/public/fotos/D999-1785149627313.jpg
1686,HOJA LIJA 1686 P/PASTA GRANO 36,https://qdlezhfcnwsygtosieme.supabase.co/storage/v1/object/public/fotos/1686-1785151707821.jpg,230 x 279 mm,230.0,1.0,700,skip,Foto no encontrada: /home/rodrigo/Documentos/ProyectosVisual/Catalogo_Digital_Aceros_Pe-ascal/catalogo-web/fotos/https:/qdlezhfcnwsygtosieme.supabase.co/storage/v1/object/public/fotos/1686-1785151707821.jpg
1687,HOJA LIJA 1687 P/PASTA GRANO 50,https://qdlezhfcnwsygtosieme.supabase.co/storage/v1/object/public/fotos/1687-1785151755496.jpg,230 x 279 mm,230.0,1.0,700,skip,Foto no encontrada: /home/rodrigo/Documentos/ProyectosVisual/Catalogo_Digital_Aceros_Pe-ascal/catalogo-web/fotos/https:/qdlezhfcnwsygtosieme.supabase.co/storage/v1/object/public/fotos/1687-1785151755496.jpg
2740,HOJA LIJA 2740 GRANO 80,https://qdlezhfcnwsygtosieme.supabase.co/storage/v1/object/public/fotos/2740-1785151892086.jpg,230 x 280 mm,230.0,0.2896,202,skip,Foto no encontrada: /home/rodrigo/Documentos/ProyectosVisual/Catalogo_Digital_Aceros_Pe-ascal/catalogo-web/fotos/https:/qdlezhfcnwsygtosieme.supabase.co/storage/v1/object/public/fotos/2740-1785151892086.jpg
2741,HOJA LIJA 2741  GRANO 100,https://qdlezhfcnwsygtosieme.supabase.co/storage/v1/object/public/fotos/2741-1785151939004.jpg,230 x 280 mm,230.0,0.2896,202,skip,Foto no encontrada: /home/rodrigo/Documentos/ProyectosVisual/Catalogo_Digital_Aceros_Pe-ascal/catalogo-web/fotos/https:/qdlezhfcnwsygtosieme.supabase.co/storage/v1/object/public/fotos/2741-1785151939004.jpg
2742,HOJA LIJA 2742  GRANO 120,https://qdlezhfcnwsygtosieme.supabase.co/storage/v1/object/public/fotos/2742-1785151972755.jpg,,2742.0,1.0,700,skip,Foto no encontrada: /home/rodrigo/Documentos/ProyectosVisual/Catalogo_Digital_Aceros_Pe-ascal/catalogo-web/fotos/https:/qdlezhfcnwsygtosieme.supabase.co/storage/v1/object/public/fotos/2742-1785151972755.jpg
2743,HOJA LIJA 2743 GRANO 150,https://qdlezhfcnwsygtosieme.supabase.co/storage/v1/object/public/fotos/2743-1785152005734.jpg,230 x 280 mm,230.0,0.2896,202,skip,Foto no encontrada: /home/rodrigo/Documentos/ProyectosVisual/Catalogo_Digital_Aceros_Pe-ascal/catalogo-web/fotos/https:/qdlezhfcnwsygtosieme.supabase.co/storage/v1/object/public/fotos/2743-1785152005734.jpg
2744,HOJA LIJA 2744 GRANO 180,https://qdlezhfcnwsygtosieme.supabase.co/storage/v1/object/public/fotos/2744-1785152268173.jpg,230 x 280 mm,230.0,0.2896,202,skip,Foto no encontrada: /home/rodrigo/Documentos/ProyectosVisual/Catalogo_Digital_Aceros_Pe-ascal/catalogo-web/fotos/https:/qdlezhfcnwsygtosieme.supabase.co/storage/v1/object/public/fotos/2744-1785152268173.jpg
2745,HOJA LIJA 2745  GRANO 220,https://qdlezhfcnwsygtosieme.supabase.co/storage/v1/object/public/fotos/2745-1785152300916.jpg,230 x 280 mm,230.0,0.2896,202,skip,Foto no encontrada: /home/rodrigo/Documentos/ProyectosVisual/Catalogo_Digital_Aceros_Pe-ascal/catalogo-web/fotos/https:/qdlezhfcnwsygtosieme.supabase.co/storage/v1/object/public/fotos/2745-1785152300916.jpg
2746,HOJA LIJA 2746  GRANO 240,https://qdlezhfcnwsygtosieme.supabase.co/storage/v1/object/public/fotos/2746-1785152306276.jpg,230 x 280 mm,230.0,0.2896,202,skip,Foto no encontrada: /home/rodrigo/Documentos/ProyectosVisual/Catalogo_Digital_Aceros_Pe-ascal/catalogo-web/fotos/https:/qdlezhfcnwsygtosieme.supabase.co/storage/v1/object/public/fotos/2746-1785152306276.jpg
2747,HOJA LIJA 2747 GRANO 280,https://qdlezhfcnwsygtosieme.supabase.co/storage/v1/object/public/fotos/2747-1785152313470.jpg,230 x 280 mm,230.0,0.2896,202,skip,Foto no encontrada: /home/rodrigo/Documentos/ProyectosVisual/Catalogo_Digital_Aceros_Pe-ascal/catalogo-web/fotos/https:/qdlezhfcnwsygtosieme.supabase.co/storage/v1/object/public/fotos/2747-1785152313470.jpg
2748,HOJA LIJA 2748  GRANO 320,https://qdlezhfcnwsygtosieme.supabase.co/storage/v1/object/public/fotos/2748-1785152319767.jpg,230 x 280 mm,230.0,0.2896,202,skip,Foto no encontrada: /home/rodrigo/Documentos/ProyectosVisual/Catalogo_Digital_Aceros_Pe-ascal/catalogo-web/fotos/https:/qdlezhfcnwsygtosieme.supabase.co/storage/v1/object/public/fotos/2748-1785152319767.jpg
2750,HOJA LIJA 2750 GRANO 400,https://qdlezhfcnwsygtosieme.supabase.co/storage/v1/object/public/fotos/2750-1785152325502.jpg,230 x 280 mm,230.0,0.2896,202,skip,Foto no encontrada: /home/rodrigo/Documentos/ProyectosVisual/Catalogo_Digital_Aceros_Pe-ascal/catalogo-web/fotos/https:/qdlezhfcnwsygtosieme.supabase.co/storage/v1/object/public/fotos/2750-1785152325502.jpg
2752,HOJA LIJA 2752 GRANO 600,https://qdlezhfcnwsygtosieme.supabase.co/storage/v1/object/public/fotos/2752-1785152332856.jpg,230 x 280 mm,230.0,0.2896,202,skip,Foto no encontrada: /home/rodrigo/Documentos/ProyectosVisual/Catalogo_Digital_Aceros_Pe-ascal/catalogo-web/fotos/https:/qdlezhfcnwsygtosieme.supabase.co/storage/v1/object/public/fotos/2752-1785152332856.jpg
102,"LIMA ROTATIVA 102 1/2""X 1""",https://qdlezhfcnwsygtosieme.supabase.co/storage/v1/object/public/fotos/102-1785152919677.webp,"1/2"" X  1""",1.0,1.0,700,skip,Foto no encontrada: /home/rodrigo/Documentos/ProyectosVisual/Catalogo_Digital_Aceros_Pe-ascal/catalogo-web/fotos/https:/qdlezhfcnwsygtosieme.supabase.co/storage/v1/object/public/fotos/102-1785152919677.webp
105,"LIMA ROTATIVA 105  1/4"" X 5/8""",https://qdlezhfcnwsygtosieme.supabase.co/storage/v1/object/public/fotos/105-1785153026255.webp,"1/4"" X 5/8""",0.625,0.7906,553,skip,Foto no encontrada: /home/rodrigo/Documentos/ProyectosVisual/Catalogo_Digital_Aceros_Pe-ascal/catalogo-web/fotos/https:/qdlezhfcnwsygtosieme.supabase.co/storage/v1/object/public/fotos/105-1785153026255.webp
107,"LIMA ROTATIVA 107 1/2""X 1""",https://qdlezhfcnwsygtosieme.supabase.co/storage/v1/object/public/fotos/107-1785153050490.webp,"1/2"" X 1""",1.0,1.0,700,skip,Foto no encontrada: /home/rodrigo/Documentos/ProyectosVisual/Catalogo_Digital_Aceros_Pe-ascal/catalogo-web/fotos/https:/qdlezhfcnwsygtosieme.supabase.co/storage/v1/object/public/fotos/107-1785153050490.webp
120,"LIMA ROTATIVA 120 1/2""X 1""",https://qdlezhfcnwsygtosieme.supabase.co/storage/v1/object/public/fotos/120-1785153088870.webp,"1/2"" X 1""",1.0,1.0,700,skip,Foto no encontrada: /home/rodrigo/Documentos/ProyectosVisual/Catalogo_Digital_Aceros_Pe-ascal/catalogo-web/fotos/https:/qdlezhfcnwsygtosieme.supabase.co/storage/v1/object/public/fotos/120-1785153088870.webp
122,"LIMA ROTATIVA 122 1/2""X 1""",https://qdlezhfcnwsygtosieme.supabase.co/storage/v1/object/public/fotos/122-1785153144366.webp,"1/2"" X 1""",1.0,1.0,700,skip,Foto no encontrada: /home/rodrigo/Documentos/ProyectosVisual/Catalogo_Digital_Aceros_Pe-ascal/catalogo-web/fotos/https:/qdlezhfcnwsygtosieme.supabase.co/storage/v1/object/public/fotos/122-1785153144366.webp
124,"LIMA ROTATIVA 124 1/2"" X 1""1/8""",https://qdlezhfcnwsygtosieme.supabase.co/storage/v1/object/public/fotos/124-1785153166309.webp,"1/2"" X  1"" 1/8""",1.0,1.0,700,skip,Foto no encontrada: /home/rodrigo/Documentos/ProyectosVisual/Catalogo_Digital_Aceros_Pe-ascal/catalogo-web/fotos/https:/qdlezhfcnwsygtosieme.supabase.co/storage/v1/object/public/fotos/124-1785153166309.webp
125,"LIMA ROTATIVA 125 1/2""X 7/8""",https://qdlezhfcnwsygtosieme.supabase.co/storage/v1/object/public/fotos/125-1785153203469.webp,"1/2"" X 7/8""",0.875,0.9354,654,skip,Foto no encontrada: /home/rodrigo/Documentos/ProyectosVisual/Catalogo_Digital_Aceros_Pe-ascal/catalogo-web/fotos/https:/qdlezhfcnwsygtosieme.supabase.co/storage/v1/object/public/fotos/125-1785153203469.webp
136,"LIMA ROTATIVA 136 1/2"" X 1 1/4""",https://qdlezhfcnwsygtosieme.supabase.co/storage/v1/object/public/fotos/136-1785153231919.webp,"1/2"" X 1 1/4""",1.0,1.0,700,skip,Foto no encontrada: /home/rodrigo/Documentos/ProyectosVisual/Catalogo_Digital_Aceros_Pe-ascal/catalogo-web/fotos/https:/qdlezhfcnwsygtosieme.supabase.co/storage/v1/object/public/fotos/136-1785153231919.webp
391,PUNTA MONTADA PARA DESBASTE 391,https://qdlezhfcnwsygtosieme.supabase.co/storage/v1/object/public/fotos/391-1785150136164.jpg,"3/4""x 2 1/2""",2.0,1.0,700,skip,Foto no encontrada: /home/rodrigo/Documentos/ProyectosVisual/Catalogo_Digital_Aceros_Pe-ascal/catalogo-web/fotos/https:/qdlezhfcnwsygtosieme.supabase.co/storage/v1/object/public/fotos/391-1785150136164.jpg
392,PUNTA MONTADA PARA DESBASTE  392,https://qdlezhfcnwsygtosieme.supabase.co/storage/v1/object/public/fotos/392-1785150191396.jpg,"1""X 2 3/4""",2.0,1.0,700,skip,Foto no encontrada: /home/rodrigo/Documentos/ProyectosVisual/Catalogo_Digital_Aceros_Pe-ascal/catalogo-web/fotos/https:/qdlezhfcnwsygtosieme.supabase.co/storage/v1/object/public/fotos/392-1785150191396.jpg
398,PUNTA MONTADA PARA DESBASTE 398,https://qdlezhfcnwsygtosieme.supabase.co/storage/v1/object/public/fotos/398-1785150264485.jpg,"1/4""X 1""",1.0,0.7071,494,skip,Foto no encontrada: /home/rodrigo/Documentos/ProyectosVisual/Catalogo_Digital_Aceros_Pe-ascal/catalogo-web/fotos/https:/qdlezhfcnwsygtosieme.supabase.co/storage/v1/object/public/fotos/398-1785150264485.jpg
405,PUNTA MONTADA PARA DESBASTE 405,https://qdlezhfcnwsygtosieme.supabase.co/storage/v1/object/public/fotos/405-1785150317073.jpg,"1 1/2"" X 3/8""",1.0,0.7071,494,skip,Foto no encontrada: /home/rodrigo/Documentos/ProyectosVisual/Catalogo_Digital_Aceros_Pe-ascal/catalogo-web/fotos/https:/qdlezhfcnwsygtosieme.supabase.co/storage/v1/object/public/fotos/405-1785150317073.jpg
406,PUNTA MONTADA PARA DESBASTE 406,https://qdlezhfcnwsygtosieme.supabase.co/storage/v1/object/public/fotos/406-1785150353125.jpg,"1 1/4""  X 1/4""",1.0,0.7071,494,skip,Foto no encontrada: /home/rodrigo/Documentos/ProyectosVisual/Catalogo_Digital_Aceros_Pe-ascal/catalogo-web/fotos/https:/qdlezhfcnwsygtosieme.supabase.co/storage/v1/object/public/fotos/406-1785150353125.jpg
902,RUEDA FLAP 902 GRANO 80,https://qdlezhfcnwsygtosieme.supabase.co/storage/v1/object/public/fotos/902-1785150400108.jpg,"1"" X  1/2""",1.0,0.5774,404,skip,Foto no encontrada: /home/rodrigo/Documentos/ProyectosVisual/Catalogo_Digital_Aceros_Pe-ascal/catalogo-web/fotos/https:/qdlezhfcnwsygtosieme.supabase.co/storage/v1/object/public/fotos/902-1785150400108.jpg
906,RUEDA FLAP 906 GRANO 80,https://qdlezhfcnwsygtosieme.supabase.co/storage/v1/object/public/fotos/906-1785150438915.jpg,"1"" X  1""",1.0,0.5774,404,skip,Foto no encontrada: /home/rodrigo/Documentos/ProyectosVisual/Catalogo_Digital_Aceros_Pe-ascal/catalogo-web/fotos/https:/qdlezhfcnwsygtosieme.supabase.co/storage/v1/object/public/fotos/906-1785150438915.jpg
910,RUEDA FLAP 910 GRANO 80,https://qdlezhfcnwsygtosieme.supabase.co/storage/v1/object/public/fotos/910-1785150474497.jpg,"2"" X 1/2""",2.0,0.8165,571,skip,Foto no encontrada: /home/rodrigo/Documentos/ProyectosVisual/Catalogo_Digital_Aceros_Pe-ascal/catalogo-web/fotos/https:/qdlezhfcnwsygtosieme.supabase.co/storage/v1/object/public/fotos/910-1785150474497.jpg
919,RUEDA FLAP 919 GRANO 80,919.webp,"2"" X 1""",2.0,0.8165,571,ok,Guardado con lado_destino=571px (factor=0.8165)
923,RUEDA FLAP 923 GRANO 80,https://qdlezhfcnwsygtosieme.supabase.co/storage/v1/object/public/fotos/923-1785150538612.jpg,"3"" X 1/2""",3.0,1.0,700,skip,Foto no encontrada: /home/rodrigo/Documentos/ProyectosVisual/Catalogo_Digital_Aceros_Pe-ascal/catalogo-web/fotos/https:/qdlezhfcnwsygtosieme.supabase.co/storage/v1/object/public/fotos/923-1785150538612.jpg
930,RUEDA FLAP 930 GRANO 80,https://qdlezhfcnwsygtosieme.supabase.co/storage/v1/object/public/fotos/930-1785150574472.jpg,"3"" X 1""",3.0,1.0,700,skip,Foto no encontrada: /home/rodrigo/Documentos/ProyectosVisual/Catalogo_Digital_Aceros_Pe-ascal/catalogo-web/fotos/https:/qdlezhfcnwsygtosieme.supabase.co/storage/v1/object/public/fotos/930-1785150574472.jpg
934,RUEDA FLAP 934 GRANO 80,https://qdlezhfcnwsygtosieme.supabase.co/storage/v1/object/public/fotos/934-1785150597489.jpg,"2"" X  1 1/2""",2.0,0.8165,571,skip,Foto no encontrada: /home/rodrigo/Documentos/ProyectosVisual/Catalogo_Digital_Aceros_Pe-ascal/catalogo-web/fotos/https:/qdlezhfcnwsygtosieme.supabase.co/storage/v1/object/public/fotos/934-1785150597489.jpg
A6X38,"ANGULO 1/4 X 1 1/2""",https://qdlezhfcnwsygtosieme.supabase.co/storage/v1/object/public/fotos/A6X38-1785178972138.webp,"1/4"" X 1 1/2""",1.0,0.5,350,skip,Foto no encontrada: /home/rodrigo/Documentos/ProyectosVisual/Catalogo_Digital_Aceros_Pe-ascal/catalogo-web/fotos/https:/qdlezhfcnwsygtosieme.supabase.co/storage/v1/object/public/fotos/A6X38-1785178972138.webp
A6X32,"ANGULO 1/4 X 1 1/4""",https://qdlezhfcnwsygtosieme.supabase.co/storage/v1/object/public/fotos/A6X32-1784665388894.webp,"1 1/4"" 4 X 1 1/4",4.0,1.0,700,skip,Foto no encontrada: /home/rodrigo/Documentos/ProyectosVisual/Catalogo_Digital_Aceros_Pe-ascal/catalogo-web/fotos/https:/qdlezhfcnwsygtosieme.supabase.co/storage/v1/object/public/fotos/A6X32-1784665388894.webp
A6X50,"ANGULO 1/4 X 2""",https://qdlezhfcnwsygtosieme.supabase.co/storage/v1/object/public/fotos/A6X50-1785179303870.webp,"1/4 X 2""",2.0,0.7071,494,skip,Foto no encontrada: /home/rodrigo/Documentos/ProyectosVisual/Catalogo_Digital_Aceros_Pe-ascal/catalogo-web/fotos/https:/qdlezhfcnwsygtosieme.supabase.co/storage/v1/object/public/fotos/A6X50-1785179303870.webp
A6X100,"ANGULO 1/4 X 4""",https://qdlezhfcnwsygtosieme.supabase.co/storage/v1/object/public/fotos/A6X100-1785179392276.webp,"4"" 4 X 4 1/4",4.0,1.0,700,skip,Foto no encontrada: /home/rodrigo/Documentos/ProyectosVisual/Catalogo_Digital_Aceros_Pe-ascal/catalogo-web/fotos/https:/qdlezhfcnwsygtosieme.supabase.co/storage/v1/object/public/fotos/A6X100-1785179392276.webp
A6X64,"ANGULO 1/4"" X 2"" 1/2",https://qdlezhfcnwsygtosieme.supabase.co/storage/v1/object/public/fotos/A6X64-1785179415612.webp,"1/4"" X 2""",2.0,1.0,700,skip,Foto no encontrada: /home/rodrigo/Documentos/ProyectosVisual/Catalogo_Digital_Aceros_Pe-ascal/catalogo-web/fotos/https:/qdlezhfcnwsygtosieme.supabase.co/storage/v1/object/public/fotos/A6X64-1785179415612.webp
A5X64,"ANGULO 3/16"" X 2""1/2",https://qdlezhfcnwsygtosieme.supabase.co/storage/v1/object/public/fotos/A5X64-1785180427236.webp,"3/16"" X 2""",2.0,1.0,700,skip,Foto no encontrada: /home/rodrigo/Documentos/ProyectosVisual/Catalogo_Digital_Aceros_Pe-ascal/catalogo-web/fotos/https:/qdlezhfcnwsygtosieme.supabase.co/storage/v1/object/public/fotos/A5X64-1785180427236.webp
A6X75,"ANGULO 1/4"" X 3""",https://qdlezhfcnwsygtosieme.supabase.co/storage/v1/object/public/fotos/A6X75-1785179425490.webp,"1/4"" X 3""",3.0,1.0,700,skip,Foto no encontrada: /home/rodrigo/Documentos/ProyectosVisual/Catalogo_Digital_Aceros_Pe-ascal/catalogo-web/fotos/https:/qdlezhfcnwsygtosieme.supabase.co/storage/v1/object/public/fotos/A6X75-1785179425490.webp
A3X50L,"ANGULO 1/8"" X 2""",https://qdlezhfcnwsygtosieme.supabase.co/storage/v1/object/public/fotos/A3X50L-1785179557405.webp,"1/8"" X 2""",2.0,0.8165,571,skip,Foto no encontrada: /home/rodrigo/Documentos/ProyectosVisual/Catalogo_Digital_Aceros_Pe-ascal/catalogo-web/fotos/https:/qdlezhfcnwsygtosieme.supabase.co/storage/v1/object/public/fotos/A3X50L-1785179557405.webp
A3X19,"ANGULO 1/8"" X 3/4""",https://qdlezhfcnwsygtosieme.supabase.co/storage/v1/object/public/fotos/A3X19-1785179778273.webp,"1/8"" X 3/4""",0.75,0.5,350,skip,Foto no encontrada: /home/rodrigo/Documentos/ProyectosVisual/Catalogo_Digital_Aceros_Pe-ascal/catalogo-web/fotos/https:/qdlezhfcnwsygtosieme.supabase.co/storage/v1/object/public/fotos/A3X19-1785179778273.webp
A5X38,"ANGULO 3/16"" X 1 1/2""",https://qdlezhfcnwsygtosieme.supabase.co/storage/v1/object/public/fotos/A5X38-1785179849640.webp,"3/16"" X 1 1/2""",1.0,0.5774,404,skip,Foto no encontrada: /home/rodrigo/Documentos/ProyectosVisual/Catalogo_Digital_Aceros_Pe-ascal/catalogo-web/fotos/https:/qdlezhfcnwsygtosieme.supabase.co/storage/v1/object/public/fotos/A5X38-1785179849640.webp
A5X32,"ANGULO 3/16"" X 1 1/4""",https://qdlezhfcnwsygtosieme.supabase.co/storage/v1/object/public/fotos/A5X32-1785180339375.webp,"3/16"" X 1 1/4""",1.0,0.5774,404,skip,Foto no encontrada: /home/rodrigo/Documentos/ProyectosVisual/Catalogo_Digital_Aceros_Pe-ascal/catalogo-web/fotos/https:/qdlezhfcnwsygtosieme.supabase.co/storage/v1/object/public/fotos/A5X32-1785180339375.webp
A5X44,"ANGULO 3/16"" X 1 3/4""",https://qdlezhfcnwsygtosieme.supabase.co/storage/v1/object/public/fotos/A5X44-1785180375717.webp,"3/16"" X 1 3/4""",1.0,0.5774,404,skip,Foto no encontrada: /home/rodrigo/Documentos/ProyectosVisual/Catalogo_Digital_Aceros_Pe-ascal/catalogo-web/fotos/https:/qdlezhfcnwsygtosieme.supabase.co/storage/v1/object/public/fotos/A5X44-1785180375717.webp
A5X25,"ANGULO 3/16"" X 1""",https://qdlezhfcnwsygtosieme.supabase.co/storage/v1/object/public/fotos/A5X25-1785180384939.webp,"3/16"" X 1""",1.0,0.5774,404,skip,Foto no encontrada: /home/rodrigo/Documentos/ProyectosVisual/Catalogo_Digital_Aceros_Pe-ascal/catalogo-web/fotos/https:/qdlezhfcnwsygtosieme.supabase.co/storage/v1/object/public/fotos/A5X25-1785180384939.webp
A5X50,"ANGULO 3/16"" X 2""",https://qdlezhfcnwsygtosieme.supabase.co/storage/v1/object/public/fotos/A5X50-1785180410495.webp,"3/16"" X 2""",2.0,0.8165,571,skip,Foto no encontrada: /home/rodrigo/Documentos/ProyectosVisual/Catalogo_Digital_Aceros_Pe-ascal/catalogo-web/fotos/https:/qdlezhfcnwsygtosieme.supabase.co/storage/v1/object/public/fotos/A5X50-1785180410495.webp
A3X38L,"ANGULO 1/8"" X 1 1/2"" LIGERO",https://qdlezhfcnwsygtosieme.supabase.co/storage/v1/object/public/fotos/A3X38L-1785153573045.webp,"1/8"" X 1 1/2""",1.0,1.0,700,skip,Foto no encontrada: /home/rodrigo/Documentos/ProyectosVisual/Catalogo_Digital_Aceros_Pe-ascal/catalogo-web/fotos/https:/qdlezhfcnwsygtosieme.supabase.co/storage/v1/object/public/fotos/A3X38L-1785153573045.webp
A3X25L,"ANGULO 1/8"" X 1"" LIGERO",https://qdlezhfcnwsygtosieme.supabase.co/storage/v1/object/public/fotos/A3X25L-1785179437975.webp,"1/8"" X 1""",1.0,1.0,700,skip,Foto no encontrada: /home/rodrigo/Documentos/ProyectosVisual/Catalogo_Digital_Aceros_Pe-ascal/catalogo-web/fotos/https:/qdlezhfcnwsygtosieme.supabase.co/storage/v1/object/public/fotos/A3X25L-1785179437975.webp
CANALU75-5.3KG/MTS,"CANAL ""U"" 3"" 6.10 m (5.30KG/MTS)",https://qdlezhfcnwsygtosieme.supabase.co/storage/v1/object/public/fotos/CANALU75-5-3KG-MTS-1785177907630.webp,"3"" 6.10 MTS",6.1,1.0,700,skip,Foto no encontrada: /home/rodrigo/Documentos/ProyectosVisual/Catalogo_Digital_Aceros_Pe-ascal/catalogo-web/fotos/https:/qdlezhfcnwsygtosieme.supabase.co/storage/v1/object/public/fotos/CANALU75-5-3KG-MTS-1785177907630.webp
CANALU75,"CANAL ""U"" 3"" 6.10 m (6.03 KG/ML)",https://qdlezhfcnwsygtosieme.supabase.co/storage/v1/object/public/fotos/CANALU75-1785177898281.webp,"3"" 6.10 MTS",6.1,1.0,700,skip,Foto no encontrada: /home/rodrigo/Documentos/ProyectosVisual/Catalogo_Digital_Aceros_Pe-ascal/catalogo-web/fotos/https:/qdlezhfcnwsygtosieme.supabase.co/storage/v1/object/public/fotos/CANALU75-1785177898281.webp
CANALUL,"CANAL ""U"" 4"" 6.10 MTS.(6.70 KG/ML)",https://qdlezhfcnwsygtosieme.supabase.co/storage/v1/object/public/fotos/CANALUL-1785177863173.webp,"4"" 6.10 MTS",6.1,1.0,700,skip,Foto no encontrada: /home/rodrigo/Documentos/ProyectosVisual/Catalogo_Digital_Aceros_Pe-ascal/catalogo-web/fotos/https:/qdlezhfcnwsygtosieme.supabase.co/storage/v1/object/public/fotos/CANALUL-1785177863173.webp
CANALU100,"CANAL ""U"" 4"" 6.10 MTS.(8.19 KG/ML)",https://qdlezhfcnwsygtosieme.supabase.co/storage/v1/object/public/fotos/CANALU100-1785177867533.webp,"4"" 6.10 MTS",6.1,1.0,700,skip,Foto no encontrada: /home/rodrigo/Documentos/ProyectosVisual/Catalogo_Digital_Aceros_Pe-ascal/catalogo-web/fotos/https:/qdlezhfcnwsygtosieme.supabase.co/storage/v1/object/public/fotos/CANALU100-1785177867533.webp
CT13,"CARAMELO 1/2""",https://qdlezhfcnwsygtosieme.supabase.co/storage/v1/object/public/fotos/CT13-1785178199578.webp,"1/2""",0.5,0.8944,626,skip,Foto no encontrada: /home/rodrigo/Documentos/ProyectosVisual/Catalogo_Digital_Aceros_Pe-ascal/catalogo-web/fotos/https:/qdlezhfcnwsygtosieme.supabase.co/storage/v1/object/public/fotos/CT13-1785178199578.webp
CT10,"CARAMELO 3/8""",https://qdlezhfcnwsygtosieme.supabase.co/storage/v1/object/public/fotos/CT10-1785178217808.webp,"3/8""",0.375,0.7746,542,skip,Foto no encontrada: /home/rodrigo/Documentos/ProyectosVisual/Catalogo_Digital_Aceros_Pe-ascal/catalogo-web/fotos/https:/qdlezhfcnwsygtosieme.supabase.co/storage/v1/object/public/fotos/CT10-1785178217808.webp
CT16,"CARAMELO 5/8""",https://qdlezhfcnwsygtosieme.supabase.co/storage/v1/object/public/fotos/CT16-1785178288482.webp,"5/8""",0.625,1.0,700,skip,Foto no encontrada: /home/rodrigo/Documentos/ProyectosVisual/Catalogo_Digital_Aceros_Pe-ascal/catalogo-web/fotos/https:/qdlezhfcnwsygtosieme.supabase.co/storage/v1/object/public/fotos/CT16-1785178288482.webp
CL38,"CUADRADO 1 1/2"" MACIZO",https://qdlezhfcnwsygtosieme.supabase.co/storage/v1/object/public/fotos/CL38-1785178479145.webp,"1 1/2""",1.0,0.7071,494,skip,Foto no encontrada: /home/rodrigo/Documentos/ProyectosVisual/Catalogo_Digital_Aceros_Pe-ascal/catalogo-web/fotos/https:/qdlezhfcnwsygtosieme.supabase.co/storage/v1/object/public/fotos/CL38-1785178479145.webp
CL32,"CUADRADO 1 1/4"" MACIZO",https://qdlezhfcnwsygtosieme.supabase.co/storage/v1/object/public/fotos/CL32-1785178484132.webp,"1 1/4""",1.0,0.7071,494,skip,Foto no encontrada: /home/rodrigo/Documentos/ProyectosVisual/Catalogo_Digital_Aceros_Pe-ascal/catalogo-web/fotos/https:/qdlezhfcnwsygtosieme.supabase.co/storage/v1/object/public/fotos/CL32-1785178484132.webp
CL25,"CUADRADO 1"" MACIZO",https://qdlezhfcnwsygtosieme.supabase.co/storage/v1/object/public/fotos/CL25-1785178472235.webp,"1""",1.0,0.7071,494,skip,Foto no encontrada: /home/rodrigo/Documentos/ProyectosVisual/Catalogo_Digital_Aceros_Pe-ascal/catalogo-web/fotos/https:/qdlezhfcnwsygtosieme.supabase.co/storage/v1/object/public/fotos/CL25-1785178472235.webp
CL50,"CUADRADO 2"" MACIZO",https://qdlezhfcnwsygtosieme.supabase.co/storage/v1/object/public/fotos/CL50-1785178517108.webp,"2""",2.0,1.0,700,skip,Foto no encontrada: /home/rodrigo/Documentos/ProyectosVisual/Catalogo_Digital_Aceros_Pe-ascal/catalogo-web/fotos/https:/qdlezhfcnwsygtosieme.supabase.co/storage/v1/object/public/fotos/CL50-1785178517108.webp
CL13,"CUADRADO 1/2""",https://qdlezhfcnwsygtosieme.supabase.co/storage/v1/object/public/fotos/CL13-1785178496977.webp,"1/2""",0.5,0.8165,571,skip,Foto no encontrada: /home/rodrigo/Documentos/ProyectosVisual/Catalogo_Digital_Aceros_Pe-ascal/catalogo-web/fotos/https:/qdlezhfcnwsygtosieme.supabase.co/storage/v1/object/public/fotos/CL13-1785178496977.webp
CL6,"CUADRADO 1/4""",https://qdlezhfcnwsygtosieme.supabase.co/storage/v1/object/public/fotos/CL6-1785178507949.webp,"1/4""",0.25,0.5774,404,skip,Foto no encontrada: /home/rodrigo/Documentos/ProyectosVisual/Catalogo_Digital_Aceros_Pe-ascal/catalogo-web/fotos/https:/qdlezhfcnwsygtosieme.supabase.co/storage/v1/object/public/fotos/CL6-1785178507949.webp
CL19,"CUADRADO 3/4""",https://qdlezhfcnwsygtosieme.supabase.co/storage/v1/object/public/fotos/CL19-1785178521772.webp,"3/4""",0.75,1.0,700,skip,Foto no encontrada: /home/rodrigo/Documentos/ProyectosVisual/Catalogo_Digital_Aceros_Pe-ascal/catalogo-web/fotos/https:/qdlezhfcnwsygtosieme.supabase.co/storage/v1/object/public/fotos/CL19-1785178521772.webp
CL10,"CUADRADO 3/8""",https://qdlezhfcnwsygtosieme.supabase.co/storage/v1/object/public/fotos/CL10-1785178534076.webp,"3/8""",0.375,0.7071,494,skip,Foto no encontrada: /home/rodrigo/Documentos/ProyectosVisual/Catalogo_Digital_Aceros_Pe-ascal/catalogo-web/fotos/https:/qdlezhfcnwsygtosieme.supabase.co/storage/v1/object/public/fotos/CL10-1785178534076.webp
CL16,"CUADRADO 5/8""",https://qdlezhfcnwsygtosieme.supabase.co/storage/v1/object/public/fotos/CL16-1785178544242.webp,"5/8""",0.625,0.9129,639,skip,Foto no encontrada: /home/rodrigo/Documentos/ProyectosVisual/Catalogo_Digital_Aceros_Pe-ascal/catalogo-web/fotos/https:/qdlezhfcnwsygtosieme.supabase.co/storage/v1/object/public/fotos/CL16-1785178544242.webp
RED25,"REDONDO 1""",https://qdlezhfcnwsygtosieme.supabase.co/storage/v1/object/public/fotos/RED25-1785178655797.webp,"1""",1.0,1.0,700,skip,Foto no encontrada: /home/rodrigo/Documentos/ProyectosVisual/Catalogo_Digital_Aceros_Pe-ascal/catalogo-web/fotos/https:/qdlezhfcnwsygtosieme.supabase.co/storage/v1/object/public/fotos/RED25-1785178655797.webp
RED13,"REDONDO 1/2""",https://qdlezhfcnwsygtosieme.supabase.co/storage/v1/object/public/fotos/RED13-1785178662694.webp,"1/2""",0.5,0.7071,494,skip,Foto no encontrada: /home/rodrigo/Documentos/ProyectosVisual/Catalogo_Digital_Aceros_Pe-ascal/catalogo-web/fotos/https:/qdlezhfcnwsygtosieme.supabase.co/storage/v1/object/public/fotos/RED13-1785178662694.webp
RED6,"REDONDO 1/4""",https://qdlezhfcnwsygtosieme.supabase.co/storage/v1/object/public/fotos/RED6-1785178677035.webp,"1/4""",0.25,0.5,350,skip,Foto no encontrada: /home/rodrigo/Documentos/ProyectosVisual/Catalogo_Digital_Aceros_Pe-ascal/catalogo-web/fotos/https:/qdlezhfcnwsygtosieme.supabase.co/storage/v1/object/public/fotos/RED6-1785178677035.webp
RED5,"REDONDO 3/16""",https://qdlezhfcnwsygtosieme.supabase.co/storage/v1/object/public/fotos/RED5-1785178685150.webp,"3/16""",0.1875,0.433,303,skip,Foto no encontrada: /home/rodrigo/Documentos/ProyectosVisual/Catalogo_Digital_Aceros_Pe-ascal/catalogo-web/fotos/https:/qdlezhfcnwsygtosieme.supabase.co/storage/v1/object/public/fotos/RED5-1785178685150.webp
RED19,"REDONDO 3/4""",https://qdlezhfcnwsygtosieme.supabase.co/storage/v1/object/public/fotos/RED19-1785178695595.webp,"3/4""",0.75,0.866,606,skip,Foto no encontrada: /home/rodrigo/Documentos/ProyectosVisual/Catalogo_Digital_Aceros_Pe-ascal/catalogo-web/fotos/https:/qdlezhfcnwsygtosieme.supabase.co/storage/v1/object/public/fotos/RED19-1785178695595.webp
RED10,"REDONDO 3/8""",https://qdlezhfcnwsygtosieme.supabase.co/storage/v1/object/public/fotos/RED10-1785178710151.webp,"3/8""",0.375,0.6124,428,skip,Foto no encontrada: /home/rodrigo/Documentos/ProyectosVisual/Catalogo_Digital_Aceros_Pe-ascal/catalogo-web/fotos/https:/qdlezhfcnwsygtosieme.supabase.co/storage/v1/object/public/fotos/RED10-1785178710151.webp
RED8,"REDONDO 5/16""",https://qdlezhfcnwsygtosieme.supabase.co/storage/v1/object/public/fotos/RED8-1785178718085.webp,"5/16""",0.3125,0.559,391,skip,Foto no encontrada: /home/rodrigo/Documentos/ProyectosVisual/Catalogo_Digital_Aceros_Pe-ascal/catalogo-web/fotos/https:/qdlezhfcnwsygtosieme.supabase.co/storage/v1/object/public/fotos/RED8-1785178718085.webp
RED16,"REDONDO 5/8""",https://qdlezhfcnwsygtosieme.supabase.co/storage/v1/object/public/fotos/RED16-1785178814474.webp,"5/8""",0.625,0.7906,553,skip,Foto no encontrada: /home/rodrigo/Documentos/ProyectosVisual/Catalogo_Digital_Aceros_Pe-ascal/catalogo-web/fotos/https:/qdlezhfcnwsygtosieme.supabase.co/storage/v1/object/public/fotos/RED16-1785178814474.webp
RED38,"REDONDO DE 1 1/2""",https://qdlezhfcnwsygtosieme.supabase.co/storage/v1/object/public/fotos/RED38-1785178878910.webp,"1 1/2""",1.0,0.7071,494,skip,Foto no encontrada: /home/rodrigo/Documentos/ProyectosVisual/Catalogo_Digital_Aceros_Pe-ascal/catalogo-web/fotos/https:/qdlezhfcnwsygtosieme.supabase.co/storage/v1/object/public/fotos/RED38-1785178878910.webp
RED32,"REDONDO DE 1 1/4""",https://qdlezhfcnwsygtosieme.supabase.co/storage/v1/object/public/fotos/RED32-1785178886760.webp,"1 1/4""",1.0,0.7071,494,skip,Foto no encontrada: /home/rodrigo/Documentos/ProyectosVisual/Catalogo_Digital_Aceros_Pe-ascal/catalogo-web/fotos/https:/qdlezhfcnwsygtosieme.supabase.co/storage/v1/object/public/fotos/RED32-1785178886760.webp
RED50,"REDONDO DE 2""",https://qdlezhfcnwsygtosieme.supabase.co/storage/v1/object/public/fotos/RED50-1785178894606.webp,"2""",2.0,1.0,700,skip,Foto no encontrada: /home/rodrigo/Documentos/ProyectosVisual/Catalogo_Digital_Aceros_Pe-ascal/catalogo-web/fotos/https:/qdlezhfcnwsygtosieme.supabase.co/storage/v1/object/public/fotos/RED50-1785178894606.webp
SOL13X38,"SOLERA 1/2"" X 1 1/2""",https://qdlezhfcnwsygtosieme.supabase.co/storage/v1/object/public/fotos/SOL13X38-1785180460072.webp,"1/2"" X 1 1/2""",1.0,0.4082,285,skip,Foto no encontrada: /home/rodrigo/Documentos/ProyectosVisual/Catalogo_Digital_Aceros_Pe-ascal/catalogo-web/fotos/https:/qdlezhfcnwsygtosieme.supabase.co/storage/v1/object/public/fotos/SOL13X38-1785180460072.webp
SOL13X25,"SOLERA 1/2"" X 1""",https://qdlezhfcnwsygtosieme.supabase.co/storage/v1/object/public/fotos/SOL13X25-1785180476263.webp,"1/2"" X 1""",1.0,0.4082,285,skip,Foto no encontrada: /home/rodrigo/Documentos/ProyectosVisual/Catalogo_Digital_Aceros_Pe-ascal/catalogo-web/fotos/https:/qdlezhfcnwsygtosieme.supabase.co/storage/v1/object/public/fotos/SOL13X25-1785180476263.webp
SOL13X64,"SOLERA 1/2"" X 2 1/2""",https://qdlezhfcnwsygtosieme.supabase.co/storage/v1/object/public/fotos/SOL13X64-1785190392579.webp,"1/2"" X 2 1/2""",2.0,0.5774,404,skip,Foto no encontrada: /home/rodrigo/Documentos/ProyectosVisual/Catalogo_Digital_Aceros_Pe-ascal/catalogo-web/fotos/https:/qdlezhfcnwsygtosieme.supabase.co/storage/v1/object/public/fotos/SOL13X64-1785190392579.webp
SOL13X50,"SOLERA 1/2"" X 2""",https://qdlezhfcnwsygtosieme.supabase.co/storage/v1/object/public/fotos/SOL13X50-1785181087967.webp,"1/2"" X 2""",2.0,0.5774,404,skip,Foto no encontrada: /home/rodrigo/Documentos/ProyectosVisual/Catalogo_Digital_Aceros_Pe-ascal/catalogo-web/fotos/https:/qdlezhfcnwsygtosieme.supabase.co/storage/v1/object/public/fotos/SOL13X50-1785181087967.webp
SOL13X75,"SOLERA 1/2"" X 3""",https://qdlezhfcnwsygtosieme.supabase.co/storage/v1/object/public/fotos/SOL13X75-1785181093011.webp,"1/2"" X 3""",3.0,0.7071,494,skip,Foto no encontrada: /home/rodrigo/Documentos/ProyectosVisual/Catalogo_Digital_Aceros_Pe-ascal/catalogo-web/fotos/https:/qdlezhfcnwsygtosieme.supabase.co/storage/v1/object/public/fotos/SOL13X75-1785181093011.webp
SOL6X150,"SOLERA 1/4"" X 6""",https://qdlezhfcnwsygtosieme.supabase.co/storage/v1/object/public/fotos/SOL6X150-1785181105611.webp,"1/4"" X 6""",6.0,1.0,700,skip,Foto no encontrada: /home/rodrigo/Documentos/ProyectosVisual/Catalogo_Digital_Aceros_Pe-ascal/catalogo-web/fotos/https:/qdlezhfcnwsygtosieme.supabase.co/storage/v1/object/public/fotos/SOL6X150-1785181105611.webp
SOL10X38,"SOLERA 3/8"" X 1 1/2""",https://qdlezhfcnwsygtosieme.supabase.co/storage/v1/object/public/fotos/SOL10X38-1785181525377.webp,"3/8"" X 1 1/2""",1.0,0.4082,285,skip,Foto no encontrada: /home/rodrigo/Documentos/ProyectosVisual/Catalogo_Digital_Aceros_Pe-ascal/catalogo-web/fotos/https:/qdlezhfcnwsygtosieme.supabase.co/storage/v1/object/public/fotos/SOL10X38-1785181525377.webp
SOL10X75,"SOLERA 3/8"" X 3""",https://qdlezhfcnwsygtosieme.supabase.co/storage/v1/object/public/fotos/SOL10X75-1785181577349.webp,"3/8"" X 3""",3.0,0.7071,494,skip,Foto no encontrada: /home/rodrigo/Documentos/ProyectosVisual/Catalogo_Digital_Aceros_Pe-ascal/catalogo-web/fotos/https:/qdlezhfcnwsygtosieme.supabase.co/storage/v1/object/public/fotos/SOL10X75-1785181577349.webp
SOL10X100,"SOLERA 3/8"" X 4""",https://qdlezhfcnwsygtosieme.supabase.co/storage/v1/object/public/fotos/SOL10X100-1785181593790.webp,"3/8"" X 4""",4.0,0.8165,571,skip,Foto no encontrada: /home/rodrigo/Documentos/ProyectosVisual/Catalogo_Digital_Aceros_Pe-ascal/catalogo-web/fotos/https:/qdlezhfcnwsygtosieme.supabase.co/storage/v1/object/public/fotos/SOL10X100-1785181593790.webp
SOL6X38,"SOLERA 1/4 X 1 1/2""",https://qdlezhfcnwsygtosieme.supabase.co/storage/v1/object/public/fotos/SOL6X38-1785180556631.webp,"1/4"" X 1 1/2""",1.0,0.3536,247,skip,Foto no encontrada: /home/rodrigo/Documentos/ProyectosVisual/Catalogo_Digital_Aceros_Pe-ascal/catalogo-web/fotos/https:/qdlezhfcnwsygtosieme.supabase.co/storage/v1/object/public/fotos/SOL6X38-1785180556631.webp
SOL6X32,"SOLERA 1/4 X 1 1/4""",https://qdlezhfcnwsygtosieme.supabase.co/storage/v1/object/public/fotos/SOL6X32-1785180813521.webp,"1/4 X 1 1/4""",1.0,0.3536,247,skip,Foto no encontrada: /home/rodrigo/Documentos/ProyectosVisual/Catalogo_Digital_Aceros_Pe-ascal/catalogo-web/fotos/https:/qdlezhfcnwsygtosieme.supabase.co/storage/v1/object/public/fotos/SOL6X32-1785180813521.webp
SOL6X25,"SOLERA 1/4 X 1""",https://qdlezhfcnwsygtosieme.supabase.co/storage/v1/object/public/fotos/SOL6X25-1785180875288.webp,"1/4 X 1""",1.0,0.3536,247,skip,Foto no encontrada: /home/rodrigo/Documentos/ProyectosVisual/Catalogo_Digital_Aceros_Pe-ascal/catalogo-web/fotos/https:/qdlezhfcnwsygtosieme.supabase.co/storage/v1/object/public/fotos/SOL6X25-1785180875288.webp
SOL6X13,"SOLERA 1/4 X 1/2""",https://qdlezhfcnwsygtosieme.supabase.co/storage/v1/object/public/fotos/SOL6X13-1785180903476.webp,"1/4 X 1/2""",0.5,0.25,175,skip,Foto no encontrada: /home/rodrigo/Documentos/ProyectosVisual/Catalogo_Digital_Aceros_Pe-ascal/catalogo-web/fotos/https:/qdlezhfcnwsygtosieme.supabase.co/storage/v1/object/public/fotos/SOL6X13-1785180903476.webp
SOL6X50,"SOLERA 1/4 X 2""",https://qdlezhfcnwsygtosieme.supabase.co/storage/v1/object/public/fotos/SOL6X50-1785180944815.webp,"1/4 X 2""",2.0,0.5,350,skip,Foto no encontrada: /home/rodrigo/Documentos/ProyectosVisual/Catalogo_Digital_Aceros_Pe-ascal/catalogo-web/fotos/https:/qdlezhfcnwsygtosieme.supabase.co/storage/v1/object/public/fotos/SOL6X50-1785180944815.webp
SOL6X75,"SOLERA 1/4 X 3""",https://qdlezhfcnwsygtosieme.supabase.co/storage/v1/object/public/fotos/SOL6X75-1785180986349.webp,"1/4 X 3""",3.0,0.6124,428,skip,Foto no encontrada: /home/rodrigo/Documentos/ProyectosVisual/Catalogo_Digital_Aceros_Pe-ascal/catalogo-web/fotos/https:/qdlezhfcnwsygtosieme.supabase.co/storage/v1/object/public/fotos/SOL6X75-1785180986349.webp
SOL6X19,"SOLERA 1/4 X 3/4""",https://qdlezhfcnwsygtosieme.supabase.co/storage/v1/object/public/fotos/SOL6X19-1785181053825.webp,"1/4 X 3/4""",0.75,0.3062,214,skip,Foto no encontrada: /home/rodrigo/Documentos/ProyectosVisual/Catalogo_Digital_Aceros_Pe-ascal/catalogo-web/fotos/https:/qdlezhfcnwsygtosieme.supabase.co/storage/v1/object/public/fotos/SOL6X19-1785181053825.webp
SOL6X100,"SOLERA 1/4 X 4""",https://qdlezhfcnwsygtosieme.supabase.co/storage/v1/object/public/fotos/SOL6X100-1785181122487.webp,"1/4 X 4""",4.0,0.7071,494,skip,Foto no encontrada: /home/rodrigo/Documentos/ProyectosVisual/Catalogo_Digital_Aceros_Pe-ascal/catalogo-web/fotos/https:/qdlezhfcnwsygtosieme.supabase.co/storage/v1/object/public/fotos/SOL6X100-1785181122487.webp
SOL3X38,"SOLERA 1/8 X 1 1/2""",https://qdlezhfcnwsygtosieme.supabase.co/storage/v1/object/public/fotos/SOL3X38-1785181146876.webp,"1/8 X 1 1/2""",1.0,0.3536,247,skip,Foto no encontrada: /home/rodrigo/Documentos/ProyectosVisual/Catalogo_Digital_Aceros_Pe-ascal/catalogo-web/fotos/https:/qdlezhfcnwsygtosieme.supabase.co/storage/v1/object/public/fotos/SOL3X38-1785181146876.webp
SOL3X32,"SOLERA 1/8 X 1 1/4""",SOL3X32.webp,"1 1/4"" 8 X 1 1/8 1/4",8.0,1.0,700,ok,Guardado con lado_destino=700px (factor=1.0)
SOL3X25,"SOLERA 1/8 X 1""",https://qdlezhfcnwsygtosieme.supabase.co/storage/v1/object/public/fotos/SOL3X25-1785181171303.webp,"1/8 X 1""",1.0,0.3536,247,skip,Foto no encontrada: /home/rodrigo/Documentos/ProyectosVisual/Catalogo_Digital_Aceros_Pe-ascal/catalogo-web/fotos/https:/qdlezhfcnwsygtosieme.supabase.co/storage/v1/object/public/fotos/SOL3X25-1785181171303.webp
SOL3X13,"SOLERA 1/8 X 1/2""",https://qdlezhfcnwsygtosieme.supabase.co/storage/v1/object/public/fotos/SOL3X13-1785181188984.webp,"1/8 X 1/2""",0.5,0.25,175,skip,Foto no encontrada: /home/rodrigo/Documentos/ProyectosVisual/Catalogo_Digital_Aceros_Pe-ascal/catalogo-web/fotos/https:/qdlezhfcnwsygtosieme.supabase.co/storage/v1/object/public/fotos/SOL3X13-1785181188984.webp
SOL3X50,"SOLERA 1/8 X 2""",https://qdlezhfcnwsygtosieme.supabase.co/storage/v1/object/public/fotos/SOL3X50-1785181209182.webp,"1/8 X 2""",2.0,0.5,350,skip,Foto no encontrada: /home/rodrigo/Documentos/ProyectosVisual/Catalogo_Digital_Aceros_Pe-ascal/catalogo-web/fotos/https:/qdlezhfcnwsygtosieme.supabase.co/storage/v1/object/public/fotos/SOL3X50-1785181209182.webp
SOL3X19,"SOLERA 1/8 X 3/4""",https://qdlezhfcnwsygtosieme.supabase.co/storage/v1/object/public/fotos/SOL3X19-1785181234111.webp,"1/8 X 3/4""",0.75,0.3062,214,skip,Foto no encontrada: /home/rodrigo/Documentos/ProyectosVisual/Catalogo_Digital_Aceros_Pe-ascal/catalogo-web/fotos/https:/qdlezhfcnwsygtosieme.supabase.co/storage/v1/object/public/fotos/SOL3X19-1785181234111.webp
SOL5X38,"SOLERA 3/16 X 1 1/2""",https://qdlezhfcnwsygtosieme.supabase.co/storage/v1/object/public/fotos/SOL5X38-1785181260525.webp,"3/16 X 1 1/2""",1.0,0.3536,247,skip,Foto no encontrada: /home/rodrigo/Documentos/ProyectosVisual/Catalogo_Digital_Aceros_Pe-ascal/catalogo-web/fotos/https:/qdlezhfcnwsygtosieme.supabase.co/storage/v1/object/public/fotos/SOL5X38-1785181260525.webp
SOL5X32,"SOLERA 3/16 X 1 1/4""",https://qdlezhfcnwsygtosieme.supabase.co/storage/v1/object/public/fotos/SOL5X32-1785181287394.webp,"3/16 X 1 1/4""",1.0,0.3536,247,skip,Foto no encontrada: /home/rodrigo/Documentos/ProyectosVisual/Catalogo_Digital_Aceros_Pe-ascal/catalogo-web/fotos/https:/qdlezhfcnwsygtosieme.supabase.co/storage/v1/object/public/fotos/SOL5X32-1785181287394.webp
SOL5X25,"SOLERA 3/16 X 1""",https://qdlezhfcnwsygtosieme.supabase.co/storage/v1/object/public/fotos/SOL5X25-1785181307272.webp,"3/16 X 1""",1.0,0.3536,247,skip,Foto no encontrada: /home/rodrigo/Documentos/ProyectosVisual/Catalogo_Digital_Aceros_Pe-ascal/catalogo-web/fotos/https:/qdlezhfcnwsygtosieme.supabase.co/storage/v1/object/public/fotos/SOL5X25-1785181307272.webp
SOL5X13,"SOLERA 3/16 X 1/2""",https://qdlezhfcnwsygtosieme.supabase.co/storage/v1/object/public/fotos/SOL5X13-1785181323009.webp,"3/16 X 1/2""",0.5,0.25,175,skip,Foto no encontrada: /home/rodrigo/Documentos/ProyectosVisual/Catalogo_Digital_Aceros_Pe-ascal/catalogo-web/fotos/https:/qdlezhfcnwsygtosieme.supabase.co/storage/v1/object/public/fotos/SOL5X13-1785181323009.webp
SOL5X50,"SOLERA 3/16 X 2""",https://qdlezhfcnwsygtosieme.supabase.co/storage/v1/object/public/fotos/SOL5X50-1785181403013.webp,"3/16 X 2""",2.0,0.5,350,skip,Foto no encontrada: /home/rodrigo/Documentos/ProyectosVisual/Catalogo_Digital_Aceros_Pe-ascal/catalogo-web/fotos/https:/qdlezhfcnwsygtosieme.supabase.co/storage/v1/object/public/fotos/SOL5X50-1785181403013.webp
sol5x75,"SOLERA 3/16 X 3""",https://qdlezhfcnwsygtosieme.supabase.co/storage/v1/object/public/fotos/SOL5X75-1785181447628.webp,"3/16 X 3""",3.0,0.6124,428,skip,Foto no encontrada: /home/rodrigo/Documentos/ProyectosVisual/Catalogo_Digital_Aceros_Pe-ascal/catalogo-web/fotos/https:/qdlezhfcnwsygtosieme.supabase.co/storage/v1/object/public/fotos/SOL5X75-1785181447628.webp
SOL4X19,"SOLERA 3/16 X 3/4""",https://qdlezhfcnwsygtosieme.supabase.co/storage/v1/object/public/fotos/SOL4X19-1785181465252.webp,"3/16 X 3/4""",0.75,0.3062,214,skip,Foto no encontrada: /home/rodrigo/Documentos/ProyectosVisual/Catalogo_Digital_Aceros_Pe-ascal/catalogo-web/fotos/https:/qdlezhfcnwsygtosieme.supabase.co/storage/v1/object/public/fotos/SOL4X19-1785181465252.webp
SOL10X50,"SOLERA 3/8 X 2""",https://qdlezhfcnwsygtosieme.supabase.co/storage/v1/object/public/fotos/SOL10X50-1785181508945.webp,"3/8 X 2""",2.0,0.5,350,skip,Foto no encontrada: /home/rodrigo/Documentos/ProyectosVisual/Catalogo_Digital_Aceros_Pe-ascal/catalogo-web/fotos/https:/qdlezhfcnwsygtosieme.supabase.co/storage/v1/object/public/fotos/SOL10X50-1785181508945.webp
MEDAGDE,MEDALLON GRANDE,MEDAGDE.webp,,0.0,0.0,0,skip,Medida 0: no se puede calcular escala relativa.
MEDEGDE2,MEDALLON GRANDE (45.50 CM X 26 CM),MEDEGDE2.webp,45.50 CM 26 CM,45.5,1.0,700,skip,Foto no encontrada: /home/rodrigo/Documentos/ProyectosVisual/Catalogo_Digital_Aceros_Pe-ascal/catalogo-web/fotos/MEDEGDE2.webp
MEDE25,"MEDIA ESFERA 1""",MEDE25.webp,"1""",1.0,0.7071,494,ok,Guardado con lado_destino=494px (factor=0.7071)
MEDE50,"MEDIA ESFERA 2""",MEDE50.webp,"2""",2.0,1.0,700,ok,Guardado con lado_destino=700px (factor=1.0)
-451772,HOJA 11 X 14 CM,https://qdlezhfcnwsygtosieme.supabase.co/storage/v1/object/public/fotos/451772-1785214614180.webp,11 X 14 CM,14.0,1.0,700,skip,Foto no encontrada: /home/rodrigo/Documentos/ProyectosVisual/Catalogo_Digital_Aceros_Pe-ascal/catalogo-web/fotos/https:/qdlezhfcnwsygtosieme.supabase.co/storage/v1/object/public/fotos/451772-1785214614180.webp
-451347,HOJA 9 X 9 CM,https://qdlezhfcnwsygtosieme.supabase.co/storage/v1/object/public/fotos/451347-1785214471969.webp,9 X 9  CM,9.0,0.8018,561,skip,Foto no encontrada: /home/rodrigo/Documentos/ProyectosVisual/Catalogo_Digital_Aceros_Pe-ascal/catalogo-web/fotos/https:/qdlezhfcnwsygtosieme.supabase.co/storage/v1/object/public/fotos/451347-1785214471969.webp
E0091,INOX SOPORTE CRISTAL 8 A 10MM E0091,https://qdlezhfcnwsygtosieme.supabase.co/storage/v1/object/public/fotos/E0091-1785215055182.webp,10MM,0.3937007874015748,1.0,700,skip,Foto no encontrada: /home/rodrigo/Documentos/ProyectosVisual/Catalogo_Digital_Aceros_Pe-ascal/catalogo-web/fotos/https:/qdlezhfcnwsygtosieme.supabase.co/storage/v1/object/public/fotos/E0091-1785215055182.webp
E00911,INOX SOPORTE CRISTAL 8 A10 MM E00911,https://qdlezhfcnwsygtosieme.supabase.co/storage/v1/object/public/fotos/E00911-1785215073653.webp,10 MM,0.3937007874015748,1.0,700,skip,Foto no encontrada: /home/rodrigo/Documentos/ProyectosVisual/Catalogo_Digital_Aceros_Pe-ascal/catalogo-web/fotos/https:/qdlezhfcnwsygtosieme.supabase.co/storage/v1/object/public/fotos/E00911-1785215073653.webp
E006,INOX SOPORTE P/VARILLA E006,E006.webp,,6.0,0.2949,206,ok,Guardado con lado_destino=206px (factor=0.2949)
E0069,INOX SOPORTE P/VARILLA E0069,https://qdlezhfcnwsygtosieme.supabase.co/storage/v1/object/public/fotos/E0069-1785305300879.webp,,69.0,1.0,700,skip,Foto no encontrada: /home/rodrigo/Documentos/ProyectosVisual/Catalogo_Digital_Aceros_Pe-ascal/catalogo-web/fotos/https:/qdlezhfcnwsygtosieme.supabase.co/storage/v1/object/public/fotos/E0069-1785305300879.webp
E454,INOX SOPORTE PASAMANOS E454,E454.webp,,454.0,0.3148,220,ok,Guardado con lado_destino=220px (factor=0.3148)
E4581,INOX SOPORTE PASAMANOS E4581,E4581.webp,,4581.0,1.0,700,ok,Guardado con lado_destino=700px (factor=1.0)
E01112,INOX TERMINAL CON ROSCA E01112,E01112.webp,,1112.0,0.9829,688,ok,Guardado con lado_destino=688px (factor=0.9829)
E01151,INOX TERMINAL CON ROSCA E01151,E01151.webp,,1151.0,1.0,700,ok,Guardado con lado_destino=700px (factor=1.0)
-642673,TULIPAN CHAPA 1.8 CM D. X 1.5 CM ALTO,642673.webp,1.8 CM 1.5 CM,1.8,0.866,606,ok,Guardado con lado_destino=606px (factor=0.866)
-642643,TULIPAN CHAPA 2.4 CM D. X 1.30 CM ALTO,642643.webp,2.4 CM 1.30 CM,2.4,1.0,700,ok,Guardado con lado_destino=700px (factor=1.0)
O315224401,LAMINA POLIPROPILENO OND.1.52X2.44 ROJA,https://qdlezhfcnwsygtosieme.supabase.co/storage/v1/object/public/fotos/O315224401-1785218213185.webp,1.52X2.44,2.44,0.8944,626,skip,Foto no encontrada: /home/rodrigo/Documentos/ProyectosVisual/Catalogo_Digital_Aceros_Pe-ascal/catalogo-web/fotos/https:/qdlezhfcnwsygtosieme.supabase.co/storage/v1/object/public/fotos/O315224401-1785218213185.webp
O315230501,LAMINA POLIPROPILENO OND.1.52X3.05 ROJA,https://qdlezhfcnwsygtosieme.supabase.co/storage/v1/object/public/fotos/O315230501-1785218827234.webp,1.52X3.05,3.05,1.0,700,skip,Foto no encontrada: /home/rodrigo/Documentos/ProyectosVisual/Catalogo_Digital_Aceros_Pe-ascal/catalogo-web/fotos/https:/qdlezhfcnwsygtosieme.supabase.co/storage/v1/object/public/fotos/O315230501-1785218827234.webp
O315224402,LAMINA POLIPROPILENO OND.1.52X2.44 TRASL,https://qdlezhfcnwsygtosieme.supabase.co/storage/v1/object/public/fotos/O315224402-1785218710729.webp,1.52X2.44,2.44,0.8944,626,skip,Foto no encontrada: /home/rodrigo/Documentos/ProyectosVisual/Catalogo_Digital_Aceros_Pe-ascal/catalogo-web/fotos/https:/qdlezhfcnwsygtosieme.supabase.co/storage/v1/object/public/fotos/O315224402-1785218710729.webp
O315230502,LAMINA POLIPROPILENO OND.1.52X3.05 TRASL,https://qdlezhfcnwsygtosieme.supabase.co/storage/v1/object/public/fotos/O315230502-1785218863283.webp,1.52X3.05,3.05,1.0,700,skip,Foto no encontrada: /home/rodrigo/Documentos/ProyectosVisual/Catalogo_Digital_Aceros_Pe-ascal/catalogo-web/fotos/https:/qdlezhfcnwsygtosieme.supabase.co/storage/v1/object/public/fotos/O315230502-1785218863283.webp
R110730502,LAMINA POLIPROPILENO R-101 DE 3.05 TRASL,R110730502.webp,,101.0,1.0,700,ok,Guardado con lado_destino=700px (factor=1.0)
R110736602,LAMINA POLIPROPILENO R-101 DE 3.66 TRASL,R110736602.webp,,101.0,1.0,700,ok,Guardado con lado_destino=700px (factor=1.0)
CAB-74A,LENTE PROTECTOR POLI. AMBAR CAB-74A,CAB-74A.webp,,74.0,0.9868,690,ok,Guardado con lado_destino=690px (factor=0.9868)
CAB-76A,LENTE PROTECTOR POLI. AMBAR CAB-76A,CAB-76A.webp,,76.0,1.0,700,ok,Guardado con lado_destino=700px (factor=1.0)
CAB-66A,LENTE PROTECTOR POLI.AMBAR CAB-66A,CAB-66A.webp,,66.0,0.9083,635,ok,Guardado con lado_destino=635px (factor=0.9083)
CAB-70A,LENTE PROTECTOR POLI.AMBAR CAB-70A,CAB-70A.webp,,70.0,0.9354,654,ok,Guardado con lado_destino=654px (factor=0.9354)
CAB-80A,LENTE PROTECTOR POLI.AMBAR CAB-80A,CAB-80A.webp,,80.0,1.0,700,ok,Guardado con lado_destino=700px (factor=1.0)
ABRATE47,"ABRAZADERA P/TUBO 1 1/2"" TENSION (1 7/8"")",https://qdlezhfcnwsygtosieme.supabase.co/storage/v1/object/public/fotos/ABRATE47-1785219187061.webp,"1 1/2"" 1 7/8"" 1/2 7/8",1.0,1.0,700,skip,Foto no encontrada: /home/rodrigo/Documentos/ProyectosVisual/Catalogo_Digital_Aceros_Pe-ascal/catalogo-web/fotos/https:/qdlezhfcnwsygtosieme.supabase.co/storage/v1/object/public/fotos/ABRATE47-1785219187061.webp
ABRATE41,"ABRAZADERA P/TUBO 1 1/4"" TENSION (1 5/8"")",https://qdlezhfcnwsygtosieme.supabase.co/storage/v1/object/public/fotos/ABRATE41-1785220141581.webp,"1 1/4"" 1 5/8"" 1/4 5/8",1.0,1.0,700,skip,Foto no encontrada: /home/rodrigo/Documentos/ProyectosVisual/Catalogo_Digital_Aceros_Pe-ascal/catalogo-web/fotos/https:/qdlezhfcnwsygtosieme.supabase.co/storage/v1/object/public/fotos/ABRATE41-1785220141581.webp
"BISBA5""C/PLA","BISAGRA DE BARRIL 5"" C/PLACA (BH05)",BISBA5-C-PLA.webp,"5""",5.0,0.8452,591,ok,Guardado con lado_destino=591px (factor=0.8452)
"BISBA7""C/PLA","BISAGRA DE BARRIL 7"" C/PLACA (BH07)",BISBA7-C-PLA.webp,"7""",7.0,1.0,700,ok,Guardado con lado_destino=700px (factor=1.0)
BISLB56,"BISAGRA DE LIBRO 2 1/4"" X 3 1/2""",https://qdlezhfcnwsygtosieme.supabase.co/storage/v1/object/public/fotos/BISLB56-1785301570627.webp,"2 1/4"" 3 1/2"" 1/4 1/2",3.0,1.0,700,skip,Foto no encontrada: /home/rodrigo/Documentos/ProyectosVisual/Catalogo_Digital_Aceros_Pe-ascal/catalogo-web/fotos/https:/qdlezhfcnwsygtosieme.supabase.co/storage/v1/object/public/fotos/BISLB56-1785301570627.webp
BISLB75,"BISAGRA DE LIBRO 3"" X 3""",https://qdlezhfcnwsygtosieme.supabase.co/storage/v1/object/public/fotos/BISLB75-1785301588013.webp,"3""",3.0,1.0,700,skip,Foto no encontrada: /home/rodrigo/Documentos/ProyectosVisual/Catalogo_Digital_Aceros_Pe-ascal/catalogo-web/fotos/https:/qdlezhfcnwsygtosieme.supabase.co/storage/v1/object/public/fotos/BISLB75-1785301588013.webp
BISL100,"BISAGRA DE LIBRO ALTA R. 4"" X 4""",https://qdlezhfcnwsygtosieme.supabase.co/storage/v1/object/public/fotos/BISL100-1785301675962.webp,"4""",4.0,0.8165,571,skip,Foto no encontrada: /home/rodrigo/Documentos/ProyectosVisual/Catalogo_Digital_Aceros_Pe-ascal/catalogo-web/fotos/https:/qdlezhfcnwsygtosieme.supabase.co/storage/v1/object/public/fotos/BISL100-1785301675962.webp
BISLBA125,"BISAGRA DE LIBRO ALTA R. 5"" X 5""",https://qdlezhfcnwsygtosieme.supabase.co/storage/v1/object/public/fotos/BISLBA125-1785301670837.webp,"5""",5.0,0.9129,639,skip,Foto no encontrada: /home/rodrigo/Documentos/ProyectosVisual/Catalogo_Digital_Aceros_Pe-ascal/catalogo-web/fotos/https:/qdlezhfcnwsygtosieme.supabase.co/storage/v1/object/public/fotos/BISLBA125-1785301670837.webp
BISLBA150,"BISAGRA DE LIBRO ALTA R. 6"" X 6""",https://qdlezhfcnwsygtosieme.supabase.co/storage/v1/object/public/fotos/BISLBA150-1785301628592.webp,"6""",6.0,1.0,700,skip,Foto no encontrada: /home/rodrigo/Documentos/ProyectosVisual/Catalogo_Digital_Aceros_Pe-ascal/catalogo-web/fotos/https:/qdlezhfcnwsygtosieme.supabase.co/storage/v1/object/public/fotos/BISLBA150-1785301628592.webp
BISLB50,"BISAGRA DE LIBRO DE 2"" X 2""",https://qdlezhfcnwsygtosieme.supabase.co/storage/v1/object/public/fotos/BISLB50-1785301662153.webp,"2""",2.0,0.8165,571,skip,Foto no encontrada: /home/rodrigo/Documentos/ProyectosVisual/Catalogo_Digital_Aceros_Pe-ascal/catalogo-web/fotos/https:/qdlezhfcnwsygtosieme.supabase.co/storage/v1/object/public/fotos/BISLB50-1785301662153.webp
BISL88,"BISAGRA DE LIBRO DE 3 1/2"" X 3 1/2""",https://qdlezhfcnwsygtosieme.supabase.co/storage/v1/object/public/fotos/BISL88-1785301726376.webp,"3 1/2"" 1/2",3.0,1.0,700,skip,Foto no encontrada: /home/rodrigo/Documentos/ProyectosVisual/Catalogo_Digital_Aceros_Pe-ascal/catalogo-web/fotos/https:/qdlezhfcnwsygtosieme.supabase.co/storage/v1/object/public/fotos/BISL88-1785301726376.webp
CAJAR4,"CAJA PARA RUEDA DE ANGULO DE 4""",https://qdlezhfcnwsygtosieme.supabase.co/storage/v1/object/public/fotos/CAJAR4-1785301900400.webp,"4""",4.0,0.8165,571,skip,Foto no encontrada: /home/rodrigo/Documentos/ProyectosVisual/Catalogo_Digital_Aceros_Pe-ascal/catalogo-web/fotos/https:/qdlezhfcnwsygtosieme.supabase.co/storage/v1/object/public/fotos/CAJAR4-1785301900400.webp
CAJAR6,"CAJA PARA RUEDA DE ANGULO DE 6""",https://qdlezhfcnwsygtosieme.supabase.co/storage/v1/object/public/fotos/CAJAR6-1785301924238.webp,"6""",6.0,1.0,700,skip,Foto no encontrada: /home/rodrigo/Documentos/ProyectosVisual/Catalogo_Digital_Aceros_Pe-ascal/catalogo-web/fotos/https:/qdlezhfcnwsygtosieme.supabase.co/storage/v1/object/public/fotos/CAJAR6-1785301924238.webp
CODSOL38,"CODO SOLDABLE 1"" 1/2 X 45 GRADOS",https://qdlezhfcnwsygtosieme.supabase.co/storage/v1/object/public/fotos/CODSOL38-1785302077735.webp,"1"" 2 X 45 1/2",45.0,1.0,700,skip,Foto no encontrada: /home/rodrigo/Documentos/ProyectosVisual/Catalogo_Digital_Aceros_Pe-ascal/catalogo-web/fotos/https:/qdlezhfcnwsygtosieme.supabase.co/storage/v1/object/public/fotos/CODSOL38-1785302077735.webp
CODSOL32,"CODO SOLDABLE 1"" 1/4 X 45 GRADOS",CODSOL32.webp,"1"" 4 X 45 1/4",45.0,1.0,700,ok,Guardado con lado_destino=700px (factor=1.0)
CUMEDF13,"CUELLO MEDIO FRANCES P/RED 1/2"" (7093)",https://qdlezhfcnwsygtosieme.supabase.co/storage/v1/object/public/fotos/CUMEDF13-1785302895450.webp,"1/2"" 1/2",0.5,0.8944,626,skip,Foto no encontrada: /home/rodrigo/Documentos/ProyectosVisual/Catalogo_Digital_Aceros_Pe-ascal/catalogo-web/fotos/https:/qdlezhfcnwsygtosieme.supabase.co/storage/v1/object/public/fotos/CUMEDF13-1785302895450.webp
CUMEDF16,"CUELLO MEDIO FRANCES P/RED 5/8"" (7093)",https://qdlezhfcnwsygtosieme.supabase.co/storage/v1/object/public/fotos/CUMEDF16-1785302905677.webp,"5/8"" 5/8",0.625,1.0,700,skip,Foto no encontrada: /home/rodrigo/Documentos/ProyectosVisual/Catalogo_Digital_Aceros_Pe-ascal/catalogo-web/fotos/https:/qdlezhfcnwsygtosieme.supabase.co/storage/v1/object/public/fotos/CUMEDF16-1785302905677.webp
CUMEDR13,"CUELLO MEDIO P/RED. DE 1/2""(552)(7027-1/2)",https://qdlezhfcnwsygtosieme.supabase.co/storage/v1/object/public/fotos/CUMEDR13-1785302923407.webp,"1/2"" 1/2",0.5,0.8944,626,skip,Foto no encontrada: /home/rodrigo/Documentos/ProyectosVisual/Catalogo_Digital_Aceros_Pe-ascal/catalogo-web/fotos/https:/qdlezhfcnwsygtosieme.supabase.co/storage/v1/object/public/fotos/CUMEDR13-1785302923407.webp
CUMEDR16,"CUELLO MEDIO P/RED. DE 5/8"" (7027)",https://qdlezhfcnwsygtosieme.supabase.co/storage/v1/object/public/fotos/CUMEDR16-1785303328461.webp,"5/8"" 5/8",0.625,1.0,700,skip,Foto no encontrada: /home/rodrigo/Documentos/ProyectosVisual/Catalogo_Digital_Aceros_Pe-ascal/catalogo-web/fotos/https:/qdlezhfcnwsygtosieme.supabase.co/storage/v1/object/public/fotos/CUMEDR16-1785303328461.webp
CUN13L,"CUELLO NAPOLITANO P/RED 1/2"" LIGH (201)(7090J-1/2)",https://qdlezhfcnwsygtosieme.supabase.co/storage/v1/object/public/fotos/CUN13L-1785303203542.webp,"1/2"" 1/2",0.5,0.8944,626,skip,Foto no encontrada: /home/rodrigo/Documentos/ProyectosVisual/Catalogo_Digital_Aceros_Pe-ascal/catalogo-web/fotos/https:/qdlezhfcnwsygtosieme.supabase.co/storage/v1/object/public/fotos/CUN13L-1785303203542.webp
CUN16L,"CUELLO NAPOLITANO P/RED 5/8"" LIGH (201)(7090J)",https://qdlezhfcnwsygtosieme.supabase.co/storage/v1/object/public/fotos/CUN16L-1785303466758.webp,"5/8"" 5/8",0.625,1.0,700,skip,Foto no encontrada: /home/rodrigo/Documentos/ProyectosVisual/Catalogo_Digital_Aceros_Pe-ascal/catalogo-web/fotos/https:/qdlezhfcnwsygtosieme.supabase.co/storage/v1/object/public/fotos/CUN16L-1785303466758.webp
ES25,"ESFERA SOLIDA DE 1"" (CASCAR)(ES)",https://qdlezhfcnwsygtosieme.supabase.co/storage/v1/object/public/fotos/ES25-1785306044704.webp,"1""",1.0,1.0,700,skip,Foto no encontrada: /home/rodrigo/Documentos/ProyectosVisual/Catalogo_Digital_Aceros_Pe-ascal/catalogo-web/fotos/https:/qdlezhfcnwsygtosieme.supabase.co/storage/v1/object/public/fotos/ES25-1785306044704.webp
ES19,"ESFERA SOLIDA DE 3/4"" (CASCAR)(ES)",https://qdlezhfcnwsygtosieme.supabase.co/storage/v1/object/public/fotos/ES19-1785306052635.webp,"3/4"" 3/4",0.75,0.866,606,skip,Foto no encontrada: /home/rodrigo/Documentos/ProyectosVisual/Catalogo_Digital_Aceros_Pe-ascal/catalogo-web/fotos/https:/qdlezhfcnwsygtosieme.supabase.co/storage/v1/object/public/fotos/ES19-1785306052635.webp
PICAR12,PASADOR DE PISO RUSTICO RED 1/2 A30 (PICAR12),https://qdlezhfcnwsygtosieme.supabase.co/storage/v1/object/public/fotos/PICAR12-1785306376320.webp,1/2,0.5,1.0,700,skip,Foto no encontrada: /home/rodrigo/Documentos/ProyectosVisual/Catalogo_Digital_Aceros_Pe-ascal/catalogo-web/fotos/https:/qdlezhfcnwsygtosieme.supabase.co/storage/v1/object/public/fotos/PICAR12-1785306376320.webp
PICAR22,PASADOR DE PISO RUSTICO RED 1/2 A55 (PICAR22),https://qdlezhfcnwsygtosieme.supabase.co/storage/v1/object/public/fotos/PICAR22-1785306393480.webp,1/2,0.5,1.0,700,skip,Foto no encontrada: /home/rodrigo/Documentos/ProyectosVisual/Catalogo_Digital_Aceros_Pe-ascal/catalogo-web/fotos/https:/qdlezhfcnwsygtosieme.supabase.co/storage/v1/object/public/fotos/PICAR22-1785306393480.webp
PLATOGB612,"PLATO GIRATORIO P/BANCO 6 1/2"" X 6 1/2""",https://qdlezhfcnwsygtosieme.supabase.co/storage/v1/object/public/fotos/PLATOGB612-1785306520527.webp,"6 1/2"" 1/2",6.0,0.866,606,skip,Foto no encontrada: /home/rodrigo/Documentos/ProyectosVisual/Catalogo_Digital_Aceros_Pe-ascal/catalogo-web/fotos/https:/qdlezhfcnwsygtosieme.supabase.co/storage/v1/object/public/fotos/PLATOGB612-1785306520527.webp
PLATOGB8,"PLATO GIRATORIO P/BANCO 8"" X 8""",https://qdlezhfcnwsygtosieme.supabase.co/storage/v1/object/public/fotos/PLATOGB8-1785306554056.webp,"8""",8.0,1.0,700,skip,Foto no encontrada: /home/rodrigo/Documentos/ProyectosVisual/Catalogo_Digital_Aceros_Pe-ascal/catalogo-web/fotos/https:/qdlezhfcnwsygtosieme.supabase.co/storage/v1/object/public/fotos/PLATOGB8-1785306554056.webp
PUNBA13,"PUNTA BARROCO P/REDONDO 1/2"" (227R)",https://qdlezhfcnwsygtosieme.supabase.co/storage/v1/object/public/fotos/PUNBA13-1785307182494.webp,"1/2"" 1/2",0.5,0.8944,626,skip,Foto no encontrada: /home/rodrigo/Documentos/ProyectosVisual/Catalogo_Digital_Aceros_Pe-ascal/catalogo-web/fotos/https:/qdlezhfcnwsygtosieme.supabase.co/storage/v1/object/public/fotos/PUNBA13-1785307182494.webp
PUNBA16,"PUNTA BARROCO P/REDONDO 5/8"" ( 227R )",https://qdlezhfcnwsygtosieme.supabase.co/storage/v1/object/public/fotos/PUNBA16-1785306836757.webp,"5/8"" 5/8",0.625,1.0,700,skip,Foto no encontrada: /home/rodrigo/Documentos/ProyectosVisual/Catalogo_Digital_Aceros_Pe-ascal/catalogo-web/fotos/https:/qdlezhfcnwsygtosieme.supabase.co/storage/v1/object/public/fotos/PUNBA16-1785306836757.webp
REMA6X38,"REMACHE DE GOLPE 1/4"" X 1 1/2""",https://qdlezhfcnwsygtosieme.supabase.co/storage/v1/object/public/fotos/REMA6X38-1785307643874.webp,"1/4"" 1 1/2"" 1/4 1/2",1.0,0.7071,494,skip,Foto no encontrada: /home/rodrigo/Documentos/ProyectosVisual/Catalogo_Digital_Aceros_Pe-ascal/catalogo-web/fotos/https:/qdlezhfcnwsygtosieme.supabase.co/storage/v1/object/public/fotos/REMA6X38-1785307643874.webp
REMA6X50,"REMACHE DE GOLPE 1/4"" X 2""",https://qdlezhfcnwsygtosieme.supabase.co/storage/v1/object/public/fotos/REMA6X50-1785307671500.webp,"1/4"" 2"" 1/4",2.0,1.0,700,skip,Foto no encontrada: /home/rodrigo/Documentos/ProyectosVisual/Catalogo_Digital_Aceros_Pe-ascal/catalogo-web/fotos/https:/qdlezhfcnwsygtosieme.supabase.co/storage/v1/object/public/fotos/REMA6X50-1785307671500.webp
"RODHU3""","RODILLO DE HULE 3""",https://qdlezhfcnwsygtosieme.supabase.co/storage/v1/object/public/fotos/RODHU3-1785308221412.webp,"3""",3.0,0.7071,494,skip,Foto no encontrada: /home/rodrigo/Documentos/ProyectosVisual/Catalogo_Digital_Aceros_Pe-ascal/catalogo-web/fotos/https:/qdlezhfcnwsygtosieme.supabase.co/storage/v1/object/public/fotos/RODHU3-1785308221412.webp
"RODHU6""","RODILLO DE HULE 6""",https://qdlezhfcnwsygtosieme.supabase.co/storage/v1/object/public/fotos/RODHU6-1785308210812.webp,"6""",6.0,1.0,700,skip,Foto no encontrada: /home/rodrigo/Documentos/ProyectosVisual/Catalogo_Digital_Aceros_Pe-ascal/catalogo-web/fotos/https:/qdlezhfcnwsygtosieme.supabase.co/storage/v1/object/public/fotos/RODHU6-1785308210812.webp
"RUEGIRF2""X1""","RUEDA GIRATORIA C/FRENO 2"" X 1""",https://qdlezhfcnwsygtosieme.supabase.co/storage/v1/object/public/fotos/RUEGIRF2-X1-1785308476764.webp,"2"" 1""",2.0,0.8165,571,skip,Foto no encontrada: /home/rodrigo/Documentos/ProyectosVisual/Catalogo_Digital_Aceros_Pe-ascal/catalogo-web/fotos/https:/qdlezhfcnwsygtosieme.supabase.co/storage/v1/object/public/fotos/RUEGIRF2-X1-1785308476764.webp
RUEGIRF75,"RUEDA GIRATORIA C/FRENO 3"" X 1 1/4""",https://qdlezhfcnwsygtosieme.supabase.co/storage/v1/object/public/fotos/RUEGIRF75-1785308496548.webp,"3"" 1 1/4"" 1/4",3.0,1.0,700,skip,Foto no encontrada: /home/rodrigo/Documentos/ProyectosVisual/Catalogo_Digital_Aceros_Pe-ascal/catalogo-web/fotos/https:/qdlezhfcnwsygtosieme.supabase.co/storage/v1/object/public/fotos/RUEGIRF75-1785308496548.webp
RUEANG4G,"RUEDA P/ANGULO DE 4"" GALV.",https://qdlezhfcnwsygtosieme.supabase.co/storage/v1/object/public/fotos/RUEANG4G-1785308576214.webp,"4""",4.0,0.8165,571,skip,Foto no encontrada: /home/rodrigo/Documentos/ProyectosVisual/Catalogo_Digital_Aceros_Pe-ascal/catalogo-web/fotos/https:/qdlezhfcnwsygtosieme.supabase.co/storage/v1/object/public/fotos/RUEANG4G-1785308576214.webp
RUEANG6G,"RUEDA P/ANGULO DE 6"" GALV.",https://qdlezhfcnwsygtosieme.supabase.co/storage/v1/object/public/fotos/RUEANG6G-1785308565286.webp,"6""",6.0,1.0,700,skip,Foto no encontrada: /home/rodrigo/Documentos/ProyectosVisual/Catalogo_Digital_Aceros_Pe-ascal/catalogo-web/fotos/https:/qdlezhfcnwsygtosieme.supabase.co/storage/v1/object/public/fotos/RUEANG6G-1785308565286.webp
RUEAND150,"RUEDA PARA ANDAMIO 6""",https://qdlezhfcnwsygtosieme.supabase.co/storage/v1/object/public/fotos/RUEAND150-1785308676271.webp,"6""",6.0,0.866,606,skip,Foto no encontrada: /home/rodrigo/Documentos/ProyectosVisual/Catalogo_Digital_Aceros_Pe-ascal/catalogo-web/fotos/https:/qdlezhfcnwsygtosieme.supabase.co/storage/v1/object/public/fotos/RUEAND150-1785308676271.webp
RUEAND200,"RUEDA PARA ANDAMIO 8""",https://qdlezhfcnwsygtosieme.supabase.co/storage/v1/object/public/fotos/RUEAND200-1785308693558.webp,"8""",8.0,1.0,700,skip,Foto no encontrada: /home/rodrigo/Documentos/ProyectosVisual/Catalogo_Digital_Aceros_Pe-ascal/catalogo-web/fotos/https:/qdlezhfcnwsygtosieme.supabase.co/storage/v1/object/public/fotos/RUEAND200-1785308693558.webp
TABOL38,"TAPON CON BOLA 1 1/2"" (TBC1-1/2)",https://qdlezhfcnwsygtosieme.supabase.co/storage/v1/object/public/fotos/TABOL38-1785308748101.webp,"1 1/2"" 1/2",1.0,0.5,350,skip,Foto no encontrada: /home/rodrigo/Documentos/ProyectosVisual/Catalogo_Digital_Aceros_Pe-ascal/catalogo-web/fotos/https:/qdlezhfcnwsygtosieme.supabase.co/storage/v1/object/public/fotos/TABOL38-1785308748101.webp
TABOL32,"TAPON CON BOLA 1 1/4"" (TBC1-1/4)",https://qdlezhfcnwsygtosieme.supabase.co/storage/v1/object/public/fotos/TABOL32-1785308757309.webp,"1 1/4"" 1/4",1.0,0.5,350,skip,Foto no encontrada: /home/rodrigo/Documentos/ProyectosVisual/Catalogo_Digital_Aceros_Pe-ascal/catalogo-web/fotos/https:/qdlezhfcnwsygtosieme.supabase.co/storage/v1/object/public/fotos/TABOL32-1785308757309.webp
TABOL25,"TAPON CON BOLA 1"" (TBC1)",https://qdlezhfcnwsygtosieme.supabase.co/storage/v1/object/public/fotos/TABOL25-1785308768335.webp,"1""",1.0,0.5,350,skip,Foto no encontrada: /home/rodrigo/Documentos/ProyectosVisual/Catalogo_Digital_Aceros_Pe-ascal/catalogo-web/fotos/https:/qdlezhfcnwsygtosieme.supabase.co/storage/v1/object/public/fotos/TABOL25-1785308768335.webp
TABOL65,"TAPON CON BOLA 2 1/2"" (TBC2-1/2)",https://qdlezhfcnwsygtosieme.supabase.co/storage/v1/object/public/fotos/TABOL65-1785308778816.webp,"2 1/2"" 1/2",2.0,0.7071,494,skip,Foto no encontrada: /home/rodrigo/Documentos/ProyectosVisual/Catalogo_Digital_Aceros_Pe-ascal/catalogo-web/fotos/https:/qdlezhfcnwsygtosieme.supabase.co/storage/v1/object/public/fotos/TABOL65-1785308778816.webp
TABOL50,"TAPON CON BOLA 2"" (TBC2)",https://qdlezhfcnwsygtosieme.supabase.co/storage/v1/object/public/fotos/TABOL50-1785308788015.webp,"2""",2.0,0.7071,494,skip,Foto no encontrada: /home/rodrigo/Documentos/ProyectosVisual/Catalogo_Digital_Aceros_Pe-ascal/catalogo-web/fotos/https:/qdlezhfcnwsygtosieme.supabase.co/storage/v1/object/public/fotos/TABOL50-1785308788015.webp
TABOL75,"TAPON CON BOLA 3"" (TBC3)",https://qdlezhfcnwsygtosieme.supabase.co/storage/v1/object/public/fotos/TABOL75-1785308795842.webp,"3""",3.0,0.866,606,skip,Foto no encontrada: /home/rodrigo/Documentos/ProyectosVisual/Catalogo_Digital_Aceros_Pe-ascal/catalogo-web/fotos/https:/qdlezhfcnwsygtosieme.supabase.co/storage/v1/object/public/fotos/TABOL75-1785308795842.webp
TABOL100,"TAPON CON BOLA 4"" (TBC4)",https://qdlezhfcnwsygtosieme.supabase.co/storage/v1/object/public/fotos/TABOL100-1785308803757.webp,"4""",4.0,1.0,700,skip,Foto no encontrada: /home/rodrigo/Documentos/ProyectosVisual/Catalogo_Digital_Aceros_Pe-ascal/catalogo-web/fotos/https:/qdlezhfcnwsygtosieme.supabase.co/storage/v1/object/public/fotos/TABOL100-1785308803757.webp
"TAPLAP/PTR1"" 1/2","TAPON PLASTICO P/PTR 1 1/2""  (101A)",https://qdlezhfcnwsygtosieme.supabase.co/storage/v1/object/public/fotos/TAPLAP-PTR1-1-2-1785348309248.webp,"1 1/2"" 1/2",1.0,0.5774,404,skip,Foto no encontrada: /home/rodrigo/Documentos/ProyectosVisual/Catalogo_Digital_Aceros_Pe-ascal/catalogo-web/fotos/https:/qdlezhfcnwsygtosieme.supabase.co/storage/v1/object/public/fotos/TAPLAP-PTR1-1-2-1785348309248.webp
"TAPLAP/PTR1""","TAPON PLASTICO P/PTR 1"" (099A)",https://qdlezhfcnwsygtosieme.supabase.co/storage/v1/object/public/fotos/TAPLAP-PTR1-1785348333233.webp,"1""",1.0,0.5774,404,skip,Foto no encontrada: /home/rodrigo/Documentos/ProyectosVisual/Catalogo_Digital_Aceros_Pe-ascal/catalogo-web/fotos/https:/qdlezhfcnwsygtosieme.supabase.co/storage/v1/object/public/fotos/TAPLAP-PTR1-1785348333233.webp
"TAPLAP/PTR13""","TAPON PLASTICO P/PTR 1/2""",https://qdlezhfcnwsygtosieme.supabase.co/storage/v1/object/public/fotos/TAPLAP-PTR13-1785348577160.webp,"1/2"" 1/2",0.5,0.4082,285,skip,Foto no encontrada: /home/rodrigo/Documentos/ProyectosVisual/Catalogo_Digital_Aceros_Pe-ascal/catalogo-web/fotos/https:/qdlezhfcnwsygtosieme.supabase.co/storage/v1/object/public/fotos/TAPLAP-PTR13-1785348577160.webp
"TAPLAP/PTR2""","TAPON PLASTICO P/PTR 2"" (107A)",https://qdlezhfcnwsygtosieme.supabase.co/storage/v1/object/public/fotos/TAPLAP-PTR2-1785348587531.webp,"2""",2.0,0.8165,571,skip,Foto no encontrada: /home/rodrigo/Documentos/ProyectosVisual/Catalogo_Digital_Aceros_Pe-ascal/catalogo-web/fotos/https:/qdlezhfcnwsygtosieme.supabase.co/storage/v1/object/public/fotos/TAPLAP-PTR2-1785348587531.webp
"TAPLAP/PTR3""","TAPON PLASTICO P/PTR 3""",https://qdlezhfcnwsygtosieme.supabase.co/storage/v1/object/public/fotos/TAPLAP-PTR3-1785348597037.webp,"3""",3.0,1.0,700,skip,Foto no encontrada: /home/rodrigo/Documentos/ProyectosVisual/Catalogo_Digital_Aceros_Pe-ascal/catalogo-web/fotos/https:/qdlezhfcnwsygtosieme.supabase.co/storage/v1/object/public/fotos/TAPLAP-PTR3-1785348597037.webp
"TAPLAP/PTR3/4""","TAPON PLASTICO P/PTR 3/4""  (098A)",https://qdlezhfcnwsygtosieme.supabase.co/storage/v1/object/public/fotos/TAPLAP-PTR3-4-1785348648190.webp,"3/4"" 3/4",0.75,0.5,350,skip,Foto no encontrada: /home/rodrigo/Documentos/ProyectosVisual/Catalogo_Digital_Aceros_Pe-ascal/catalogo-web/fotos/https:/qdlezhfcnwsygtosieme.supabase.co/storage/v1/object/public/fotos/TAPLAP-PTR3-4-1785348648190.webp
"TAPLAP/TUBO1""","TAPON PLASTICO P/TUBO 1""",https://qdlezhfcnwsygtosieme.supabase.co/storage/v1/object/public/fotos/TAPLAP-TUBO1-1785348670459.webp,"1""",1.0,0.7071,494,skip,Foto no encontrada: /home/rodrigo/Documentos/ProyectosVisual/Catalogo_Digital_Aceros_Pe-ascal/catalogo-web/fotos/https:/qdlezhfcnwsygtosieme.supabase.co/storage/v1/object/public/fotos/TAPLAP-TUBO1-1785348670459.webp
"TAPLAP/TUBO2""","TAPON PLASTICO P/TUBO 2""",https://qdlezhfcnwsygtosieme.supabase.co/storage/v1/object/public/fotos/TAPLAP-TUBO2-1785348723284.webp,"2""",2.0,1.0,700,skip,Foto no encontrada: /home/rodrigo/Documentos/ProyectosVisual/Catalogo_Digital_Aceros_Pe-ascal/catalogo-web/fotos/https:/qdlezhfcnwsygtosieme.supabase.co/storage/v1/object/public/fotos/TAPLAP-TUBO2-1785348723284.webp
"TAPLAP/TUBO3/4""","TAPON PLASTICO P/TUBO 3/4""",https://qdlezhfcnwsygtosieme.supabase.co/storage/v1/object/public/fotos/TAPLAP-TUBO3-4-1785348730473.webp,"3/4"" 3/4",0.75,0.6124,428,skip,Foto no encontrada: /home/rodrigo/Documentos/ProyectosVisual/Catalogo_Digital_Aceros_Pe-ascal/catalogo-web/fotos/https:/qdlezhfcnwsygtosieme.supabase.co/storage/v1/object/public/fotos/TAPLAP-TUBO3-4-1785348730473.webp
"TAPLAP/TUBO1""1/2","TAPON PLASTICO P/TUBO 1"" 1/2",https://qdlezhfcnwsygtosieme.supabase.co/storage/v1/object/public/fotos/TAPLAP-TUBO1-1-2-1785348698338.webp,"1"" 1/2",1.0,1.0,700,skip,Foto no encontrada: /home/rodrigo/Documentos/ProyectosVisual/Catalogo_Digital_Aceros_Pe-ascal/catalogo-web/fotos/https:/qdlezhfcnwsygtosieme.supabase.co/storage/v1/object/public/fotos/TAPLAP-TUBO1-1-2-1785348698338.webp
TAPLAP/TUBO1 1/4,"TAPON PLASTICO P/TUBO 1"" 1/4",https://qdlezhfcnwsygtosieme.supabase.co/storage/v1/object/public/fotos/TAPLAP-TUBO1-1-4-1785348711593.webp,"1"" 1/4",1.0,1.0,700,skip,Foto no encontrada: /home/rodrigo/Documentos/ProyectosVisual/Catalogo_Digital_Aceros_Pe-ascal/catalogo-web/fotos/https:/qdlezhfcnwsygtosieme.supabase.co/storage/v1/object/public/fotos/TAPLAP-TUBO1-1-4-1785348711593.webp
TASBOL25,"TAPON SIN BOLA 1"" (TSB1)",https://qdlezhfcnwsygtosieme.supabase.co/storage/v1/object/public/fotos/TASBOL25-1785361837679.webp,"1""",1.0,0.5,350,skip,Foto no encontrada: /home/rodrigo/Documentos/ProyectosVisual/Catalogo_Digital_Aceros_Pe-ascal/catalogo-web/fotos/https:/qdlezhfcnwsygtosieme.supabase.co/storage/v1/object/public/fotos/TASBOL25-1785361837679.webp
TASBOL50,"TAPON SIN BOLA 2"" (TSB2)",https://qdlezhfcnwsygtosieme.supabase.co/storage/v1/object/public/fotos/TASBOL50-1785361872320.webp,"2""",2.0,0.7071,494,skip,Foto no encontrada: /home/rodrigo/Documentos/ProyectosVisual/Catalogo_Digital_Aceros_Pe-ascal/catalogo-web/fotos/https:/qdlezhfcnwsygtosieme.supabase.co/storage/v1/object/public/fotos/TASBOL50-1785361872320.webp
TASBOL75,"TAPON SIN BOLA 3"" (TSB3)",https://qdlezhfcnwsygtosieme.supabase.co/storage/v1/object/public/fotos/TASBOL75-1785361879100.webp,"3""",3.0,0.866,606,skip,Foto no encontrada: /home/rodrigo/Documentos/ProyectosVisual/Catalogo_Digital_Aceros_Pe-ascal/catalogo-web/fotos/https:/qdlezhfcnwsygtosieme.supabase.co/storage/v1/object/public/fotos/TASBOL75-1785361879100.webp
TASBOL100,"TAPON SIN BOLA 4"" (TSB4)",https://qdlezhfcnwsygtosieme.supabase.co/storage/v1/object/public/fotos/TASBOL100-1785361884492.webp,"4""",4.0,1.0,700,skip,Foto no encontrada: /home/rodrigo/Documentos/ProyectosVisual/Catalogo_Digital_Aceros_Pe-ascal/catalogo-web/fotos/https:/qdlezhfcnwsygtosieme.supabase.co/storage/v1/object/public/fotos/TASBOL100-1785361884492.webp
TASBOL38,"TAPON SIN BOLA 1"" 1/2 (TSB1-1/2)",https://qdlezhfcnwsygtosieme.supabase.co/storage/v1/object/public/fotos/TASBOL38-1785361846000.webp,"1"" 1/2",1.0,1.0,700,skip,Foto no encontrada: /home/rodrigo/Documentos/ProyectosVisual/Catalogo_Digital_Aceros_Pe-ascal/catalogo-web/fotos/https:/qdlezhfcnwsygtosieme.supabase.co/storage/v1/object/public/fotos/TASBOL38-1785361846000.webp
TASBOL32,"TAPON SIN BOLA 1"" 1/4 (TSB1-1/4)",https://qdlezhfcnwsygtosieme.supabase.co/storage/v1/object/public/fotos/TASBOL32-1785361860733.webp,"1"" 1/4",1.0,1.0,700,skip,Foto no encontrada: /home/rodrigo/Documentos/ProyectosVisual/Catalogo_Digital_Aceros_Pe-ascal/catalogo-web/fotos/https:/qdlezhfcnwsygtosieme.supabase.co/storage/v1/object/public/fotos/TASBOL32-1785361860733.webp
TEES38,"TEE SOLDABLE P/TUBO 1 1/2""",https://qdlezhfcnwsygtosieme.supabase.co/storage/v1/object/public/fotos/TEES38-1785362004568.webp,"1 1/2"" 1/2",1.0,0.5774,404,skip,Foto no encontrada: /home/rodrigo/Documentos/ProyectosVisual/Catalogo_Digital_Aceros_Pe-ascal/catalogo-web/fotos/https:/qdlezhfcnwsygtosieme.supabase.co/storage/v1/object/public/fotos/TEES38-1785362004568.webp
TEES32,"TEE SOLDABLE P/TUBO 1 1/4""",https://qdlezhfcnwsygtosieme.supabase.co/storage/v1/object/public/fotos/TEES32-1785362014782.webp,"1 1/4"" 1/4",1.0,0.5774,404,skip,Foto no encontrada: /home/rodrigo/Documentos/ProyectosVisual/Catalogo_Digital_Aceros_Pe-ascal/catalogo-web/fotos/https:/qdlezhfcnwsygtosieme.supabase.co/storage/v1/object/public/fotos/TEES32-1785362014782.webp
TEES25,"TEE SOLDABLE P/TUBO 1""",https://qdlezhfcnwsygtosieme.supabase.co/storage/v1/object/public/fotos/TEES25-1785362021814.webp,"1""",1.0,0.5774,404,skip,Foto no encontrada: /home/rodrigo/Documentos/ProyectosVisual/Catalogo_Digital_Aceros_Pe-ascal/catalogo-web/fotos/https:/qdlezhfcnwsygtosieme.supabase.co/storage/v1/object/public/fotos/TEES25-1785362021814.webp
TEES50,"TEE SOLDABLE P/TUBO 2""",https://qdlezhfcnwsygtosieme.supabase.co/storage/v1/object/public/fotos/TEES50-1785362028857.webp,"2""",2.0,0.8165,571,skip,Foto no encontrada: /home/rodrigo/Documentos/ProyectosVisual/Catalogo_Digital_Aceros_Pe-ascal/catalogo-web/fotos/https:/qdlezhfcnwsygtosieme.supabase.co/storage/v1/object/public/fotos/TEES50-1785362028857.webp
TEES75,"TEE SOLDABLE P/TUBO 3""",https://qdlezhfcnwsygtosieme.supabase.co/storage/v1/object/public/fotos/TEES75-1785362039570.webp,"3""",3.0,1.0,700,skip,Foto no encontrada: /home/rodrigo/Documentos/ProyectosVisual/Catalogo_Digital_Aceros_Pe-ascal/catalogo-web/fotos/https:/qdlezhfcnwsygtosieme.supabase.co/storage/v1/object/public/fotos/TEES75-1785362039570.webp
CAND16932,CANDADO DEXTER ANTIPALANCA 70 MM (16932),https://qdlezhfcnwsygtosieme.supabase.co/storage/v1/object/public/fotos/CAND16932-1785364400273.webp,70 MM,2.7559055118110236,1.0,700,skip,Foto no encontrada: /home/rodrigo/Documentos/ProyectosVisual/Catalogo_Digital_Aceros_Pe-ascal/catalogo-web/fotos/https:/qdlezhfcnwsygtosieme.supabase.co/storage/v1/object/public/fotos/CAND16932-1785364400273.webp
CAND16934,CANDADO DEXTER ANTIPALANCA 70 MM (16934),https://qdlezhfcnwsygtosieme.supabase.co/storage/v1/object/public/fotos/CAND16934-1785364461099.webp,70 MM,2.7559055118110236,1.0,700,skip,Foto no encontrada: /home/rodrigo/Documentos/ProyectosVisual/Catalogo_Digital_Aceros_Pe-ascal/catalogo-web/fotos/https:/qdlezhfcnwsygtosieme.supabase.co/storage/v1/object/public/fotos/CAND16934-1785364461099.webp
CAND6932,CANDADO DEXTER DE ACERO 50MM (6932),CAND6932.webp,50MM,1.968503937007874,0.8771,613,ok,Guardado con lado_destino=613px (factor=0.8771)
CAND6943,CANDADO DEXTER DE ACERO 65MM (6943),CAND6943.webp,65MM,2.5590551181102366,1.0,700,ok,Guardado con lado_destino=700px (factor=1.0)
CAND6930,CANDADO DEXTER LAMINADO 40 MM (6930),https://qdlezhfcnwsygtosieme.supabase.co/storage/v1/object/public/fotos/CAND6930-1785364821194.webp,40 MM,1.5748031496062993,0.9428,659,skip,Foto no encontrada: /home/rodrigo/Documentos/ProyectosVisual/Catalogo_Digital_Aceros_Pe-ascal/catalogo-web/fotos/https:/qdlezhfcnwsygtosieme.supabase.co/storage/v1/object/public/fotos/CAND6930-1785364821194.webp
CAND6931,CANDADO DEXTER LAMINADO 45 MM (6931),CAND6931.webp,45 MM,1.7716535433070868,1.0,700,ok,Guardado con lado_destino=700px (factor=1.0)
CAND6947,CANDADO DEXTER LAMINADO CONTRA AGUA (6947),https://qdlezhfcnwsygtosieme.supabase.co/storage/v1/object/public/fotos/CAND6947-1785364855354.webp,,6947.0,0.9999,699,skip,Foto no encontrada: /home/rodrigo/Documentos/ProyectosVisual/Catalogo_Digital_Aceros_Pe-ascal/catalogo-web/fotos/https:/qdlezhfcnwsygtosieme.supabase.co/storage/v1/object/public/fotos/CAND6947-1785364855354.webp
CAND6948,CANDADO DEXTER LAMINADO CONTRA AGUA (6948),https://qdlezhfcnwsygtosieme.supabase.co/storage/v1/object/public/fotos/CAND6948-1785364862261.webp,,6948.0,1.0,700,skip,Foto no encontrada: /home/rodrigo/Documentos/ProyectosVisual/Catalogo_Digital_Aceros_Pe-ascal/catalogo-web/fotos/https:/qdlezhfcnwsygtosieme.supabase.co/storage/v1/object/public/fotos/CAND6948-1785364862261.webp
CAND6935,CANDADO DEXTER LATON (6935),CAND6935.webp,,6935.0,0.9995,699,ok,Guardado con lado_destino=699px (factor=0.9995)
CAND6937,CANDADO DEXTER LATON (6937),CAND6937.webp,,6937.0,0.9996,699,ok,Guardado con lado_destino=699px (factor=0.9996)
CAND6940,CANDADO DEXTER LATON (6940),https://qdlezhfcnwsygtosieme.supabase.co/storage/v1/object/public/fotos/CAND6940-1785364922138.webp,,6940.0,0.9999,699,skip,Foto no encontrada: /home/rodrigo/Documentos/ProyectosVisual/Catalogo_Digital_Aceros_Pe-ascal/catalogo-web/fotos/https:/qdlezhfcnwsygtosieme.supabase.co/storage/v1/object/public/fotos/CAND6940-1785364922138.webp
CAND6941,CANDADO DEXTER LATON (6941),https://qdlezhfcnwsygtosieme.supabase.co/storage/v1/object/public/fotos/CAND6941-1785364952657.webp,,6941.0,0.9999,699,skip,Foto no encontrada: /home/rodrigo/Documentos/ProyectosVisual/Catalogo_Digital_Aceros_Pe-ascal/catalogo-web/fotos/https:/qdlezhfcnwsygtosieme.supabase.co/storage/v1/object/public/fotos/CAND6941-1785364952657.webp
CAND6942,CANDADO DEXTER LATON (6942),https://qdlezhfcnwsygtosieme.supabase.co/storage/v1/object/public/fotos/CAND6942-1785364958621.webp,,6942.0,1.0,700,skip,Foto no encontrada: /home/rodrigo/Documentos/ProyectosVisual/Catalogo_Digital_Aceros_Pe-ascal/catalogo-web/fotos/https:/qdlezhfcnwsygtosieme.supabase.co/storage/v1/object/public/fotos/CAND6942-1785364958621.webp
CAND6936,CANDADO DEXTER LATON 30MM (6936),https://qdlezhfcnwsygtosieme.supabase.co/storage/v1/object/public/fotos/CAND6936-1785365016685.webp,30MM,1.1811023622047245,0.013,150,skip,Foto no encontrada: /home/rodrigo/Documentos/ProyectosVisual/Catalogo_Digital_Aceros_Pe-ascal/catalogo-web/fotos/https:/qdlezhfcnwsygtosieme.supabase.co/storage/v1/object/public/fotos/CAND6936-1785365016685.webp
CAND6318,CANDADO DEXTER M. DE COMBINACION (6318),https://qdlezhfcnwsygtosieme.supabase.co/storage/v1/object/public/fotos/CAND6318-1785365057000.webp,,6318.0,0.9999,699,skip,Foto no encontrada: /home/rodrigo/Documentos/ProyectosVisual/Catalogo_Digital_Aceros_Pe-ascal/catalogo-web/fotos/https:/qdlezhfcnwsygtosieme.supabase.co/storage/v1/object/public/fotos/CAND6318-1785365057000.webp
CAND6319,CANDADO DEXTER M. DE COMBINACION (6319),https://qdlezhfcnwsygtosieme.supabase.co/storage/v1/object/public/fotos/CAND6319-1785365063285.webp,,6319.0,1.0,700,skip,Foto no encontrada: /home/rodrigo/Documentos/ProyectosVisual/Catalogo_Digital_Aceros_Pe-ascal/catalogo-web/fotos/https:/qdlezhfcnwsygtosieme.supabase.co/storage/v1/object/public/fotos/CAND6319-1785365063285.webp
CAND6910,CANDADO DEXTER METALICO 25 MM GL(6910),https://qdlezhfcnwsygtosieme.supabase.co/storage/v1/object/public/fotos/CAND6910-1785365115189.webp,25 MM,0.984251968503937,0.7071,494,skip,Foto no encontrada: /home/rodrigo/Documentos/ProyectosVisual/Catalogo_Digital_Aceros_Pe-ascal/catalogo-web/fotos/https:/qdlezhfcnwsygtosieme.supabase.co/storage/v1/object/public/fotos/CAND6910-1785365115189.webp
CAND6915,CANDADO DEXTER METALICO 25 MM GL(6915),https://qdlezhfcnwsygtosieme.supabase.co/storage/v1/object/public/fotos/CAND6915-1785365152687.webp,25 MM,0.984251968503937,0.7071,494,skip,Foto no encontrada: /home/rodrigo/Documentos/ProyectosVisual/Catalogo_Digital_Aceros_Pe-ascal/catalogo-web/fotos/https:/qdlezhfcnwsygtosieme.supabase.co/storage/v1/object/public/fotos/CAND6915-1785365152687.webp
CAND6911,CANDADO DEXTER METALICO 30 MM GL(6911),https://qdlezhfcnwsygtosieme.supabase.co/storage/v1/object/public/fotos/CAND6911-1785365201021.webp,30 MM,1.1811023622047245,0.7746,542,skip,Foto no encontrada: /home/rodrigo/Documentos/ProyectosVisual/Catalogo_Digital_Aceros_Pe-ascal/catalogo-web/fotos/https:/qdlezhfcnwsygtosieme.supabase.co/storage/v1/object/public/fotos/CAND6911-1785365201021.webp
CAND6916,CANDADO DEXTER METALICO 30 MM GL(6916),https://qdlezhfcnwsygtosieme.supabase.co/storage/v1/object/public/fotos/CAND6916-1785365193371.webp,30 MM,1.1811023622047245,0.7746,542,skip,Foto no encontrada: /home/rodrigo/Documentos/ProyectosVisual/Catalogo_Digital_Aceros_Pe-ascal/catalogo-web/fotos/https:/qdlezhfcnwsygtosieme.supabase.co/storage/v1/object/public/fotos/CAND6916-1785365193371.webp
CAND6918,CANDADO DEXTER METALICO 50 MM GL (6918),https://qdlezhfcnwsygtosieme.supabase.co/storage/v1/object/public/fotos/CAND6918-1785365371107.webp,50 MM,1.968503937007874,1.0,700,skip,Foto no encontrada: /home/rodrigo/Documentos/ProyectosVisual/Catalogo_Digital_Aceros_Pe-ascal/catalogo-web/fotos/https:/qdlezhfcnwsygtosieme.supabase.co/storage/v1/object/public/fotos/CAND6918-1785365371107.webp
CAND6912,CANDADO DEXTER METALICO 40 MM (6912),https://qdlezhfcnwsygtosieme.supabase.co/storage/v1/object/public/fotos/CAND6912-1785365327759.webp,40 MM,1.5748031496062993,0.8165,571,skip,Foto no encontrada: /home/rodrigo/Documentos/ProyectosVisual/Catalogo_Digital_Aceros_Pe-ascal/catalogo-web/fotos/https:/qdlezhfcnwsygtosieme.supabase.co/storage/v1/object/public/fotos/CAND6912-1785365327759.webp
CAND6917,CANDADO DEXTER METALICO 40MM (6917),https://qdlezhfcnwsygtosieme.supabase.co/storage/v1/object/public/fotos/CAND6917-1785365354591.webp,40MM,1.5748031496062993,0.8165,571,skip,Foto no encontrada: /home/rodrigo/Documentos/ProyectosVisual/Catalogo_Digital_Aceros_Pe-ascal/catalogo-web/fotos/https:/qdlezhfcnwsygtosieme.supabase.co/storage/v1/object/public/fotos/CAND6917-1785365354591.webp
CAND6913,CANDADO DEXTER METALICO 50 MM  (6913),https://qdlezhfcnwsygtosieme.supabase.co/storage/v1/object/public/fotos/CAND6913-1785365364522.webp,50 MM,1.968503937007874,0.9129,639,skip,Foto no encontrada: /home/rodrigo/Documentos/ProyectosVisual/Catalogo_Digital_Aceros_Pe-ascal/catalogo-web/fotos/https:/qdlezhfcnwsygtosieme.supabase.co/storage/v1/object/public/fotos/CAND6913-1785365364522.webp
CAND6914,CANDADO DEXTER METALICO 60MM (6914),https://qdlezhfcnwsygtosieme.supabase.co/storage/v1/object/public/fotos/CAND6914-1785365394066.webp,60MM,2.362204724409449,1.0,700,skip,Foto no encontrada: /home/rodrigo/Documentos/ProyectosVisual/Catalogo_Digital_Aceros_Pe-ascal/catalogo-web/fotos/https:/qdlezhfcnwsygtosieme.supabase.co/storage/v1/object/public/fotos/CAND6914-1785365394066.webp
CAND6919,CANDADO DEXTER METALICO 60MM (6919),https://qdlezhfcnwsygtosieme.supabase.co/storage/v1/object/public/fotos/CAND6919-1785365416100.webp,60MM,2.362204724409449,1.0,700,skip,Foto no encontrada: /home/rodrigo/Documentos/ProyectosVisual/Catalogo_Digital_Aceros_Pe-ascal/catalogo-web/fotos/https:/qdlezhfcnwsygtosieme.supabase.co/storage/v1/object/public/fotos/CAND6919-1785365416100.webp
CAND16944,CANDADO DEXTER NIQUEL SAT.40MM(16944),https://qdlezhfcnwsygtosieme.supabase.co/storage/v1/object/public/fotos/CAND16944-1785365504340.webp,40MM,1.5748031496062993,0.8944,626,skip,Foto no encontrada: /home/rodrigo/Documentos/ProyectosVisual/Catalogo_Digital_Aceros_Pe-ascal/catalogo-web/fotos/https:/qdlezhfcnwsygtosieme.supabase.co/storage/v1/object/public/fotos/CAND16944-1785365504340.webp
CAND16945,CANDADO DEXTER NIQUEL SAT.50MM(16945),https://qdlezhfcnwsygtosieme.supabase.co/storage/v1/object/public/fotos/CAND16945-1785365592134.webp,50MM,1.968503937007874,1.0,700,skip,Foto no encontrada: /home/rodrigo/Documentos/ProyectosVisual/Catalogo_Digital_Aceros_Pe-ascal/catalogo-web/fotos/https:/qdlezhfcnwsygtosieme.supabase.co/storage/v1/object/public/fotos/CAND16945-1785365592134.webp
CERD6492,CERRADURA DEXTER P/MUEBLE CAÑON CHICO (6492),CERD6492.webp,,6492.0,0.9999,699,ok,Guardado con lado_destino=699px (factor=0.9999)
CERD6493,CERRADURA DEXTER P/MUEBLE CAÑON CHICO (6493),CERD6493.webp,,6493.0,1.0,700,ok,Guardado con lado_destino=700px (factor=1.0)
CERD6338,CERROJO DOBLE CILINDRO L/ANTIGUO (6338),CERD6338.webp,,6338.0,0.9702,679,ok,Guardado con lado_destino=679px (factor=0.9702)
CERD6733,CERROJO DOBLE CILINDRO L/ANTIGUO (6733),CERD6733.webp,,6733.0,1.0,700,ok,Guardado con lado_destino=700px (factor=1.0)
CERD6336,CERROJO DOBLE CILINDRO L/BRILLANTE (6336),https://qdlezhfcnwsygtosieme.supabase.co/storage/v1/object/public/fotos/CERD6336-1785367000325.webp,,6336.0,0.9703,679,skip,Foto no encontrada: /home/rodrigo/Documentos/ProyectosVisual/Catalogo_Digital_Aceros_Pe-ascal/catalogo-web/fotos/https:/qdlezhfcnwsygtosieme.supabase.co/storage/v1/object/public/fotos/CERD6336-1785367000325.webp
CERD6630,CERROJO DOBLE CILINDRO L/BRILLANTE (6630),https://qdlezhfcnwsygtosieme.supabase.co/storage/v1/object/public/fotos/CERD6630-1785367040101.webp,,6630.0,0.9925,694,skip,Foto no encontrada: /home/rodrigo/Documentos/ProyectosVisual/Catalogo_Digital_Aceros_Pe-ascal/catalogo-web/fotos/https:/qdlezhfcnwsygtosieme.supabase.co/storage/v1/object/public/fotos/CERD6630-1785367040101.webp
CERD6730,CERROJO DOBLE CILINDRO L/BRILLANTE (6730),https://qdlezhfcnwsygtosieme.supabase.co/storage/v1/object/public/fotos/CERD6730-1785367082466.webp,,6730.0,1.0,700,skip,Foto no encontrada: /home/rodrigo/Documentos/ProyectosVisual/Catalogo_Digital_Aceros_Pe-ascal/catalogo-web/fotos/https:/qdlezhfcnwsygtosieme.supabase.co/storage/v1/object/public/fotos/CERD6730-1785367082466.webp
CERD6337,CERROJO DOBLE CILINDRO NIQUEL SATINADO (6337),https://qdlezhfcnwsygtosieme.supabase.co/storage/v1/object/public/fotos/CERD6337-1785367114182.webp,,6337.0,0.9702,679,skip,Foto no encontrada: /home/rodrigo/Documentos/ProyectosVisual/Catalogo_Digital_Aceros_Pe-ascal/catalogo-web/fotos/https:/qdlezhfcnwsygtosieme.supabase.co/storage/v1/object/public/fotos/CERD6337-1785367114182.webp
CERD6732,CERROJO DOBLE CILINDRO NIQUEL SATINADO (6732),https://qdlezhfcnwsygtosieme.supabase.co/storage/v1/object/public/fotos/CERD6732-1785367179117.webp,,6732.0,1.0,700,skip,Foto no encontrada: /home/rodrigo/Documentos/ProyectosVisual/Catalogo_Digital_Aceros_Pe-ascal/catalogo-web/fotos/https:/qdlezhfcnwsygtosieme.supabase.co/storage/v1/object/public/fotos/CERD6732-1785367179117.webp
CHA6817REC,CHAPA DEXTER 6817 PERILLA BARZA  C/LLAVE,https://qdlezhfcnwsygtosieme.supabase.co/storage/v1/object/public/fotos/CHA6817REC-1785367320381.webp,,6817.0,0.9994,699,skip,Foto no encontrada: /home/rodrigo/Documentos/ProyectosVisual/Catalogo_Digital_Aceros_Pe-ascal/catalogo-web/fotos/https:/qdlezhfcnwsygtosieme.supabase.co/storage/v1/object/public/fotos/CHA6817REC-1785367320381.webp
CHA6825REC,CHAPA DEXTER 6825 PERILLA BARZA C/LLAVE,CHA6825REC.webp,,6825.0,1.0,700,ok,Guardado con lado_destino=700px (factor=1.0)
CHAD5838,CHAPA DEXTER 800 DERECHA (5838),https://qdlezhfcnwsygtosieme.supabase.co/storage/v1/object/public/fotos/CHAD5838-1785369953476.webp,,5838.0,0.9273,649,skip,Foto no encontrada: /home/rodrigo/Documentos/ProyectosVisual/Catalogo_Digital_Aceros_Pe-ascal/catalogo-web/fotos/https:/qdlezhfcnwsygtosieme.supabase.co/storage/v1/object/public/fotos/CHAD5838-1785369953476.webp
CHA800DD,CHAPA DEXTER 800 DERECHA(6770),https://qdlezhfcnwsygtosieme.supabase.co/storage/v1/object/public/fotos/CHA800DD-1785369941108.webp,,6770.0,0.9986,699,skip,Foto no encontrada: /home/rodrigo/Documentos/ProyectosVisual/Catalogo_Digital_Aceros_Pe-ascal/catalogo-web/fotos/https:/qdlezhfcnwsygtosieme.supabase.co/storage/v1/object/public/fotos/CHA800DD-1785369941108.webp
CHAD5834,CHAPA DEXTER 900 DERECHA (5834),https://qdlezhfcnwsygtosieme.supabase.co/storage/v1/object/public/fotos/CHAD5834-1785369917962.webp,,5834.0,0.927,648,skip,Foto no encontrada: /home/rodrigo/Documentos/ProyectosVisual/Catalogo_Digital_Aceros_Pe-ascal/catalogo-web/fotos/https:/qdlezhfcnwsygtosieme.supabase.co/storage/v1/object/public/fotos/CHAD5834-1785369917962.webp
CHAD6789,CHAPA DEXTER 900 DERECHA (6789),https://qdlezhfcnwsygtosieme.supabase.co/storage/v1/object/public/fotos/CHAD6789-1785369913668.webp,,6789.0,1.0,700,skip,Foto no encontrada: /home/rodrigo/Documentos/ProyectosVisual/Catalogo_Digital_Aceros_Pe-ascal/catalogo-web/fotos/https:/qdlezhfcnwsygtosieme.supabase.co/storage/v1/object/public/fotos/CHAD6789-1785369913668.webp
CHAD5839,CHAPA DEXTER 800 IZQUIERDA (5839),https://qdlezhfcnwsygtosieme.supabase.co/storage/v1/object/public/fotos/CHAD5839-1785369949441.webp,,5839.0,0.9273,649,skip,Foto no encontrada: /home/rodrigo/Documentos/ProyectosVisual/Catalogo_Digital_Aceros_Pe-ascal/catalogo-web/fotos/https:/qdlezhfcnwsygtosieme.supabase.co/storage/v1/object/public/fotos/CHAD5839-1785369949441.webp
CHA800DI,CHAPA DEXTER 800 IZQUIERDA (6771),https://qdlezhfcnwsygtosieme.supabase.co/storage/v1/object/public/fotos/CHA800DI-1785369936546.webp,,6771.0,0.9986,699,skip,Foto no encontrada: /home/rodrigo/Documentos/ProyectosVisual/Catalogo_Digital_Aceros_Pe-ascal/catalogo-web/fotos/https:/qdlezhfcnwsygtosieme.supabase.co/storage/v1/object/public/fotos/CHA800DI-1785369936546.webp
CHAD5835,CHAPA DEXTER 900 IZQUIERDA (5835),https://qdlezhfcnwsygtosieme.supabase.co/storage/v1/object/public/fotos/CHAD5835-1785369909148.webp,,5835.0,0.927,648,skip,Foto no encontrada: /home/rodrigo/Documentos/ProyectosVisual/Catalogo_Digital_Aceros_Pe-ascal/catalogo-web/fotos/https:/qdlezhfcnwsygtosieme.supabase.co/storage/v1/object/public/fotos/CHAD5835-1785369909148.webp
CHAD6790,CHAPA DEXTER 900 IZQUIERDA (6790),https://qdlezhfcnwsygtosieme.supabase.co/storage/v1/object/public/fotos/CHAD6790-1785369903723.webp,,6790.0,1.0,700,skip,Foto no encontrada: /home/rodrigo/Documentos/ProyectosVisual/Catalogo_Digital_Aceros_Pe-ascal/catalogo-web/fotos/https:/qdlezhfcnwsygtosieme.supabase.co/storage/v1/object/public/fotos/CHAD6790-1785369903723.webp
CHAD5802,CHAPA DEXTER DE BULONES IFI (5802),https://qdlezhfcnwsygtosieme.supabase.co/storage/v1/object/public/fotos/CHAD5802-1785369853526.webp,,5802.0,0.9998,699,skip,Foto no encontrada: /home/rodrigo/Documentos/ProyectosVisual/Catalogo_Digital_Aceros_Pe-ascal/catalogo-web/fotos/https:/qdlezhfcnwsygtosieme.supabase.co/storage/v1/object/public/fotos/CHAD5802-1785369853526.webp
CHAD5804,CHAPA DEXTER DE BULONES IFI (5804),https://qdlezhfcnwsygtosieme.supabase.co/storage/v1/object/public/fotos/CHAD5804-1785369829138.webp,,5804.0,1.0,700,skip,Foto no encontrada: /home/rodrigo/Documentos/ProyectosVisual/Catalogo_Digital_Aceros_Pe-ascal/catalogo-web/fotos/https:/qdlezhfcnwsygtosieme.supabase.co/storage/v1/object/public/fotos/CHAD5804-1785369829138.webp
CHA6748,CHAPA DEXTER DE GATILLO DALTON  NS 6748,https://qdlezhfcnwsygtosieme.supabase.co/storage/v1/object/public/fotos/CHA6748-1785369134011.webp,,6748.0,1.0,700,skip,Foto no encontrada: /home/rodrigo/Documentos/ProyectosVisual/Catalogo_Digital_Aceros_Pe-ascal/catalogo-web/fotos/https:/qdlezhfcnwsygtosieme.supabase.co/storage/v1/object/public/fotos/CHA6748-1785369134011.webp
CHA6303,CHAPA DEXTER DE GATILLO DALTON NS 6303,https://qdlezhfcnwsygtosieme.supabase.co/storage/v1/object/public/fotos/CHA6303-1785369196215.webp,,6303.0,0.9665,676,skip,Foto no encontrada: /home/rodrigo/Documentos/ProyectosVisual/Catalogo_Digital_Aceros_Pe-ascal/catalogo-web/fotos/https:/qdlezhfcnwsygtosieme.supabase.co/storage/v1/object/public/fotos/CHA6303-1785369196215.webp
CHAD5818,CHAPA DEXTER MANIJA L/ANTIGUO (5818),https://qdlezhfcnwsygtosieme.supabase.co/storage/v1/object/public/fotos/CHAD5818-1785370200677.webp,,5818.0,0.9349,654,skip,Foto no encontrada: /home/rodrigo/Documentos/ProyectosVisual/Catalogo_Digital_Aceros_Pe-ascal/catalogo-web/fotos/https:/qdlezhfcnwsygtosieme.supabase.co/storage/v1/object/public/fotos/CHAD5818-1785370200677.webp
CHAD6657,CHAPA DEXTER MANIJA L/ANTIGUO (6657),https://qdlezhfcnwsygtosieme.supabase.co/storage/v1/object/public/fotos/CHAD6657-1785370265246.webp,,6657.0,1.0,700,skip,Foto no encontrada: /home/rodrigo/Documentos/ProyectosVisual/Catalogo_Digital_Aceros_Pe-ascal/catalogo-web/fotos/https:/qdlezhfcnwsygtosieme.supabase.co/storage/v1/object/public/fotos/CHAD6657-1785370265246.webp
CHAD6641,CHAPA DEXTER MANIJA L/BRILLANTE (6641),https://qdlezhfcnwsygtosieme.supabase.co/storage/v1/object/public/fotos/CHAD6641-1785370334275.webp,,6641.0,0.9937,695,skip,Foto no encontrada: /home/rodrigo/Documentos/ProyectosVisual/Catalogo_Digital_Aceros_Pe-ascal/catalogo-web/fotos/https:/qdlezhfcnwsygtosieme.supabase.co/storage/v1/object/public/fotos/CHAD6641-1785370334275.webp
CHAD6659,CHAPA DEXTER MANIJA L/BRILLANTE (6659),https://qdlezhfcnwsygtosieme.supabase.co/storage/v1/object/public/fotos/CHAD6659-1785370302959.webp,,6659.0,0.9951,696,skip,Foto no encontrada: /home/rodrigo/Documentos/ProyectosVisual/Catalogo_Digital_Aceros_Pe-ascal/catalogo-web/fotos/https:/qdlezhfcnwsygtosieme.supabase.co/storage/v1/object/public/fotos/CHAD6659-1785370302959.webp
CHAD6724,CHAPA DEXTER MANIJA L/BRILLANTE (6724),https://qdlezhfcnwsygtosieme.supabase.co/storage/v1/object/public/fotos/CHAD6724-1785370112305.webp,,6724.0,0.9999,699,skip,Foto no encontrada: /home/rodrigo/Documentos/ProyectosVisual/Catalogo_Digital_Aceros_Pe-ascal/catalogo-web/fotos/https:/qdlezhfcnwsygtosieme.supabase.co/storage/v1/object/public/fotos/CHAD6724-1785370112305.webp
CHAD6725,CHAPA DEXTER MANIJA L/BRILLANTE (6725),https://qdlezhfcnwsygtosieme.supabase.co/storage/v1/object/public/fotos/CHAD6725-1785370161376.webp,,6725.0,1.0,700,skip,Foto no encontrada: /home/rodrigo/Documentos/ProyectosVisual/Catalogo_Digital_Aceros_Pe-ascal/catalogo-web/fotos/https:/qdlezhfcnwsygtosieme.supabase.co/storage/v1/object/public/fotos/CHAD6725-1785370161376.webp
CHAD5826,CHAPA DEXTER MANIJA ONIX C/LLAVE (5826),https://qdlezhfcnwsygtosieme.supabase.co/storage/v1/object/public/fotos/CHAD5826-1785370379860.webp,,5826.0,0.9998,699,skip,Foto no encontrada: /home/rodrigo/Documentos/ProyectosVisual/Catalogo_Digital_Aceros_Pe-ascal/catalogo-web/fotos/https:/qdlezhfcnwsygtosieme.supabase.co/storage/v1/object/public/fotos/CHAD5826-1785370379860.webp
CHAD5828,CHAPA DEXTER MANIJA ONIX C/LLAVE (5828),https://qdlezhfcnwsygtosieme.supabase.co/storage/v1/object/public/fotos/CHAD5828-1785370469439.webp,,5828.0,1.0,700,skip,Foto no encontrada: /home/rodrigo/Documentos/ProyectosVisual/Catalogo_Digital_Aceros_Pe-ascal/catalogo-web/fotos/https:/qdlezhfcnwsygtosieme.supabase.co/storage/v1/object/public/fotos/CHAD5828-1785370469439.webp
CHAD2064,CHAPA DEXTER P/PERFILES DE ALUM. (2064),https://qdlezhfcnwsygtosieme.supabase.co/storage/v1/object/public/fotos/CHAD2064-1785371529672.webp,,2064.0,0.9993,699,skip,Foto no encontrada: /home/rodrigo/Documentos/ProyectosVisual/Catalogo_Digital_Aceros_Pe-ascal/catalogo-web/fotos/https:/qdlezhfcnwsygtosieme.supabase.co/storage/v1/object/public/fotos/CHAD2064-1785371529672.webp
CHAD2066,CHAPA DEXTER P/PERFILES DE ALUM. (2066),https://qdlezhfcnwsygtosieme.supabase.co/storage/v1/object/public/fotos/CHAD2066-1785371635573.webp,,2066.0,0.9998,699,skip,Foto no encontrada: /home/rodrigo/Documentos/ProyectosVisual/Catalogo_Digital_Aceros_Pe-ascal/catalogo-web/fotos/https:/qdlezhfcnwsygtosieme.supabase.co/storage/v1/object/public/fotos/CHAD2066-1785371635573.webp
CHAD2067,CHAPA DEXTER P/PERFILES DE ALUM. (2067),https://qdlezhfcnwsygtosieme.supabase.co/storage/v1/object/public/fotos/CHAD2067-1785371518200.webp,,2067.0,1.0,700,skip,Foto no encontrada: /home/rodrigo/Documentos/ProyectosVisual/Catalogo_Digital_Aceros_Pe-ascal/catalogo-web/fotos/https:/qdlezhfcnwsygtosieme.supabase.co/storage/v1/object/public/fotos/CHAD2067-1785371518200.webp
CHAD6496,CHAPA DEXTER P/VITRINA CR (6496),https://qdlezhfcnwsygtosieme.supabase.co/storage/v1/object/public/fotos/CHAD6496-1785371795804.webp,,6496.0,0.9709,679,skip,Foto no encontrada: /home/rodrigo/Documentos/ProyectosVisual/Catalogo_Digital_Aceros_Pe-ascal/catalogo-web/fotos/https:/qdlezhfcnwsygtosieme.supabase.co/storage/v1/object/public/fotos/CHAD6496-1785371795804.webp
CHAD6891,CHAPA DEXTER P/VITRINA CR (6891),https://qdlezhfcnwsygtosieme.supabase.co/storage/v1/object/public/fotos/CHAD6891-1785371824961.webp,,6891.0,1.0,700,skip,Foto no encontrada: /home/rodrigo/Documentos/ProyectosVisual/Catalogo_Digital_Aceros_Pe-ascal/catalogo-web/fotos/https:/qdlezhfcnwsygtosieme.supabase.co/storage/v1/object/public/fotos/CHAD6891-1785371824961.webp
CHAD6838,CHAPA DEXTER PARA CAJON CR (6838),https://qdlezhfcnwsygtosieme.supabase.co/storage/v1/object/public/fotos/CHAD6838-1785371865555.webp,,6838.0,0.9999,699,skip,Foto no encontrada: /home/rodrigo/Documentos/ProyectosVisual/Catalogo_Digital_Aceros_Pe-ascal/catalogo-web/fotos/https:/qdlezhfcnwsygtosieme.supabase.co/storage/v1/object/public/fotos/CHAD6838-1785371865555.webp
CHAD6840,CHAPA DEXTER PARA CAJON CR (6840),https://qdlezhfcnwsygtosieme.supabase.co/storage/v1/object/public/fotos/CHAD6840-1785371871523.webp,,6840.0,1.0,700,skip,Foto no encontrada: /home/rodrigo/Documentos/ProyectosVisual/Catalogo_Digital_Aceros_Pe-ascal/catalogo-web/fotos/https:/qdlezhfcnwsygtosieme.supabase.co/storage/v1/object/public/fotos/CHAD6840-1785371871523.webp
CHAD6603,CHAPA DEXTER PERILLA BARZA (6603),https://qdlezhfcnwsygtosieme.supabase.co/storage/v1/object/public/fotos/CHAD6603-1785371977126.webp,,6603.0,0.9785,684,skip,Foto no encontrada: /home/rodrigo/Documentos/ProyectosVisual/Catalogo_Digital_Aceros_Pe-ascal/catalogo-web/fotos/https:/qdlezhfcnwsygtosieme.supabase.co/storage/v1/object/public/fotos/CHAD6603-1785371977126.webp
CHAD6604,CHAPA DEXTER PERILLA BARZA (6604),https://qdlezhfcnwsygtosieme.supabase.co/storage/v1/object/public/fotos/CHAD6604-1785372046060.webp,,6604.0,0.9785,684,skip,Foto no encontrada: /home/rodrigo/Documentos/ProyectosVisual/Catalogo_Digital_Aceros_Pe-ascal/catalogo-web/fotos/https:/qdlezhfcnwsygtosieme.supabase.co/storage/v1/object/public/fotos/CHAD6604-1785372046060.webp
CHAD6605,CHAPA DEXTER PERILLA BARZA (6605),https://qdlezhfcnwsygtosieme.supabase.co/storage/v1/object/public/fotos/CHAD6605-1785372012359.webp,,6605.0,0.9786,685,skip,Foto no encontrada: /home/rodrigo/Documentos/ProyectosVisual/Catalogo_Digital_Aceros_Pe-ascal/catalogo-web/fotos/https:/qdlezhfcnwsygtosieme.supabase.co/storage/v1/object/public/fotos/CHAD6605-1785372012359.webp
CHAD6617,CHAPA DEXTER PERILLA BARZA (6617),https://qdlezhfcnwsygtosieme.supabase.co/storage/v1/object/public/fotos/CHAD6617-1785372052372.webp,,6617.0,0.9795,685,skip,Foto no encontrada: /home/rodrigo/Documentos/ProyectosVisual/Catalogo_Digital_Aceros_Pe-ascal/catalogo-web/fotos/https:/qdlezhfcnwsygtosieme.supabase.co/storage/v1/object/public/fotos/CHAD6617-1785372052372.webp
CHAD6625,CHAPA DEXTER PERILLA BARZA (6625),https://qdlezhfcnwsygtosieme.supabase.co/storage/v1/object/public/fotos/CHAD6625-1785372113575.webp,,6625.0,0.9801,686,skip,Foto no encontrada: /home/rodrigo/Documentos/ProyectosVisual/Catalogo_Digital_Aceros_Pe-ascal/catalogo-web/fotos/https:/qdlezhfcnwsygtosieme.supabase.co/storage/v1/object/public/fotos/CHAD6625-1785372113575.webp
CHAD6683,CHAPA DEXTER PERILLA BARZA (6683),https://qdlezhfcnwsygtosieme.supabase.co/storage/v1/object/public/fotos/CHAD6683-1785372146604.webp,,6683.0,0.9844,689,skip,Foto no encontrada: /home/rodrigo/Documentos/ProyectosVisual/Catalogo_Digital_Aceros_Pe-ascal/catalogo-web/fotos/https:/qdlezhfcnwsygtosieme.supabase.co/storage/v1/object/public/fotos/CHAD6683-1785372146604.webp
CHAD6804,CHAPA DEXTER PERILLA BARZA (6804),https://qdlezhfcnwsygtosieme.supabase.co/storage/v1/object/public/fotos/CHAD6804-1785372223405.webp,,6804.0,0.9932,695,skip,Foto no encontrada: /home/rodrigo/Documentos/ProyectosVisual/Catalogo_Digital_Aceros_Pe-ascal/catalogo-web/fotos/https:/qdlezhfcnwsygtosieme.supabase.co/storage/v1/object/public/fotos/CHAD6804-1785372223405.webp
CHAD6813,CHAPA DEXTER PERILLA BARZA (6813),https://qdlezhfcnwsygtosieme.supabase.co/storage/v1/object/public/fotos/CHAD6813-1785372342358.webp,,6813.0,0.9939,695,skip,Foto no encontrada: /home/rodrigo/Documentos/ProyectosVisual/Catalogo_Digital_Aceros_Pe-ascal/catalogo-web/fotos/https:/qdlezhfcnwsygtosieme.supabase.co/storage/v1/object/public/fotos/CHAD6813-1785372342358.webp
CHAD6834,CHAPA DEXTER PERILLA BARZA (6834),https://qdlezhfcnwsygtosieme.supabase.co/storage/v1/object/public/fotos/CHAD6834-1785372419480.webp,,6834.0,0.9954,696,skip,Foto no encontrada: /home/rodrigo/Documentos/ProyectosVisual/Catalogo_Digital_Aceros_Pe-ascal/catalogo-web/fotos/https:/qdlezhfcnwsygtosieme.supabase.co/storage/v1/object/public/fotos/CHAD6834-1785372419480.webp
CHAD6897,CHAPA DEXTER PERILLA BARZA (6897),https://qdlezhfcnwsygtosieme.supabase.co/storage/v1/object/public/fotos/CHAD6897-1785372449448.webp,,6897.0,1.0,700,skip,Foto no encontrada: /home/rodrigo/Documentos/ProyectosVisual/Catalogo_Digital_Aceros_Pe-ascal/catalogo-web/fotos/https:/qdlezhfcnwsygtosieme.supabase.co/storage/v1/object/public/fotos/CHAD6897-1785372449448.webp
CHAD6626,CHAPA DEXTER PERILLA NIZA (6626),https://qdlezhfcnwsygtosieme.supabase.co/storage/v1/object/public/fotos/CHAD6626-1785372675154.webp,,6626.0,0.9845,689,skip,Foto no encontrada: /home/rodrigo/Documentos/ProyectosVisual/Catalogo_Digital_Aceros_Pe-ascal/catalogo-web/fotos/https:/qdlezhfcnwsygtosieme.supabase.co/storage/v1/object/public/fotos/CHAD6626-1785372675154.webp
CHAD6820,CHAPA DEXTER PERILLA NIZA (6820),https://qdlezhfcnwsygtosieme.supabase.co/storage/v1/object/public/fotos/CHAD6820-1785372810863.webp,,6820.0,0.9988,699,skip,Foto no encontrada: /home/rodrigo/Documentos/ProyectosVisual/Catalogo_Digital_Aceros_Pe-ascal/catalogo-web/fotos/https:/qdlezhfcnwsygtosieme.supabase.co/storage/v1/object/public/fotos/CHAD6820-1785372810863.webp
CHAD6824,CHAPA DEXTER PERILLA NIZA (6824),https://qdlezhfcnwsygtosieme.supabase.co/storage/v1/object/public/fotos/CHAD6824-1785372885177.webp,,6824.0,0.9991,699,skip,Foto no encontrada: /home/rodrigo/Documentos/ProyectosVisual/Catalogo_Digital_Aceros_Pe-ascal/catalogo-web/fotos/https:/qdlezhfcnwsygtosieme.supabase.co/storage/v1/object/public/fotos/CHAD6824-1785372885177.webp
CHAD6826,CHAPA DEXTER PERILLA NIZA (6826),https://qdlezhfcnwsygtosieme.supabase.co/storage/v1/object/public/fotos/CHAD6826-1785372964453.webp,,6826.0,0.9993,699,skip,Foto no encontrada: /home/rodrigo/Documentos/ProyectosVisual/Catalogo_Digital_Aceros_Pe-ascal/catalogo-web/fotos/https:/qdlezhfcnwsygtosieme.supabase.co/storage/v1/object/public/fotos/CHAD6826-1785372964453.webp
CHAD6835,CHAPA DEXTER PERILLA NIZA (6835),https://qdlezhfcnwsygtosieme.supabase.co/storage/v1/object/public/fotos/CHAD6835-1785373037388.webp,,6835.0,0.9999,699,skip,Foto no encontrada: /home/rodrigo/Documentos/ProyectosVisual/Catalogo_Digital_Aceros_Pe-ascal/catalogo-web/fotos/https:/qdlezhfcnwsygtosieme.supabase.co/storage/v1/object/public/fotos/CHAD6835-1785373037388.webp
CHAD6836,CHAPA DEXTER PERILLA NIZA (6836),https://qdlezhfcnwsygtosieme.supabase.co/storage/v1/object/public/fotos/CHAD6836-1785373055403.webp,,6836.0,1.0,700,skip,Foto no encontrada: /home/rodrigo/Documentos/ProyectosVisual/Catalogo_Digital_Aceros_Pe-ascal/catalogo-web/fotos/https:/qdlezhfcnwsygtosieme.supabase.co/storage/v1/object/public/fotos/CHAD6836-1785373055403.webp
CHA6755,CHAPA DEXTER RESIDENCIAL GENOVA  (6755),CHA6755.webp,,6755.0,1.0,700,ok,Guardado con lado_destino=700px (factor=1.0)
CHA4188,CHAPA DEXTER RESIDENCIAL GENOVA (4188),https://qdlezhfcnwsygtosieme.supabase.co/storage/v1/object/public/fotos/CHA4188-1785373243889.webp,,4188.0,0.7874,551,skip,Foto no encontrada: /home/rodrigo/Documentos/ProyectosVisual/Catalogo_Digital_Aceros_Pe-ascal/catalogo-web/fotos/https:/qdlezhfcnwsygtosieme.supabase.co/storage/v1/object/public/fotos/CHA4188-1785373243889.webp
CHAD4189,CHAPA DEXTER RESIDENCIAL GENOVA (4189),https://qdlezhfcnwsygtosieme.supabase.co/storage/v1/object/public/fotos/CHAD4189-1785373267598.webp,,4189.0,0.7875,551,skip,Foto no encontrada: /home/rodrigo/Documentos/ProyectosVisual/Catalogo_Digital_Aceros_Pe-ascal/catalogo-web/fotos/https:/qdlezhfcnwsygtosieme.supabase.co/storage/v1/object/public/fotos/CHAD4189-1785373267598.webp
CHA4190,CHAPA DEXTER RESIDENCIAL GENOVA (4190),https://qdlezhfcnwsygtosieme.supabase.co/storage/v1/object/public/fotos/CHA4190-1785373297426.webp,,4190.0,0.7876,551,skip,Foto no encontrada: /home/rodrigo/Documentos/ProyectosVisual/Catalogo_Digital_Aceros_Pe-ascal/catalogo-web/fotos/https:/qdlezhfcnwsygtosieme.supabase.co/storage/v1/object/public/fotos/CHA4190-1785373297426.webp
CHA4187,CHAPA DEXTER RESIDENCIAL TRIPOLI (4187),https://qdlezhfcnwsygtosieme.supabase.co/storage/v1/object/public/fotos/CHA4187-1785373405113.webp,,4187.0,0.7874,551,skip,Foto no encontrada: /home/rodrigo/Documentos/ProyectosVisual/Catalogo_Digital_Aceros_Pe-ascal/catalogo-web/fotos/https:/qdlezhfcnwsygtosieme.supabase.co/storage/v1/object/public/fotos/CHA4187-1785373405113.webp
CHA4191,CHAPA DEXTER RESIDENCIAL TRIPOLI (4191),https://qdlezhfcnwsygtosieme.supabase.co/storage/v1/object/public/fotos/CHA4191-1785373431850.webp,,4191.0,0.7877,551,skip,Foto no encontrada: /home/rodrigo/Documentos/ProyectosVisual/Catalogo_Digital_Aceros_Pe-ascal/catalogo-web/fotos/https:/qdlezhfcnwsygtosieme.supabase.co/storage/v1/object/public/fotos/CHA4191-1785373431850.webp
CHAD4186,CHAPA DEXTER RESIDENCIAL TRIPOLI(4186),https://qdlezhfcnwsygtosieme.supabase.co/storage/v1/object/public/fotos/CHAD4186-1785373473007.webp,,4186.0,0.7873,551,skip,Foto no encontrada: /home/rodrigo/Documentos/ProyectosVisual/Catalogo_Digital_Aceros_Pe-ascal/catalogo-web/fotos/https:/qdlezhfcnwsygtosieme.supabase.co/storage/v1/object/public/fotos/CHAD4186-1785373473007.webp
CHAD6754,CHAPA DEXTER RESIDENCIAL TRIPOLI(6754),https://qdlezhfcnwsygtosieme.supabase.co/storage/v1/object/public/fotos/CHAD6754-1785373508727.webp,,6754.0,1.0,700,skip,Foto no encontrada: /home/rodrigo/Documentos/ProyectosVisual/Catalogo_Digital_Aceros_Pe-ascal/catalogo-web/fotos/https:/qdlezhfcnwsygtosieme.supabase.co/storage/v1/object/public/fotos/CHAD6754-1785373508727.webp
CHADX300,CHAPA P/ALUM. DEXTER X300 C/GANCHO (2019),https://qdlezhfcnwsygtosieme.supabase.co/storage/v1/object/public/fotos/CHADX300-1785373697459.webp,,2019.0,0.9995,699,skip,Foto no encontrada: /home/rodrigo/Documentos/ProyectosVisual/Catalogo_Digital_Aceros_Pe-ascal/catalogo-web/fotos/https:/qdlezhfcnwsygtosieme.supabase.co/storage/v1/object/public/fotos/CHADX300-1785373697459.webp
CHAD2020,CHAPA P/ALUM. DEXTER X300 C/GANCHO (2020),https://qdlezhfcnwsygtosieme.supabase.co/storage/v1/object/public/fotos/CHAD2020-1785373636248.webp,,2020.0,0.9998,699,skip,Foto no encontrada: /home/rodrigo/Documentos/ProyectosVisual/Catalogo_Digital_Aceros_Pe-ascal/catalogo-web/fotos/https:/qdlezhfcnwsygtosieme.supabase.co/storage/v1/object/public/fotos/CHAD2020-1785373636248.webp
CHAD2021,CHAPA P/ALUM. DEXTER X300 C/GANCHO (2021),https://qdlezhfcnwsygtosieme.supabase.co/storage/v1/object/public/fotos/CHAD2021-1785373714094.webp,,2021.0,1.0,700,skip,Foto no encontrada: /home/rodrigo/Documentos/ProyectosVisual/Catalogo_Digital_Aceros_Pe-ascal/catalogo-web/fotos/https:/qdlezhfcnwsygtosieme.supabase.co/storage/v1/object/public/fotos/CHAD2021-1785373714094.webp
CHAX2016,CHAPA P/ALUM. DEXTER X300 D/PALETA (2016),https://qdlezhfcnwsygtosieme.supabase.co/storage/v1/object/public/fotos/CHAX2016-1785373762138.webp,,2016.0,0.9995,699,skip,Foto no encontrada: /home/rodrigo/Documentos/ProyectosVisual/Catalogo_Digital_Aceros_Pe-ascal/catalogo-web/fotos/https:/qdlezhfcnwsygtosieme.supabase.co/storage/v1/object/public/fotos/CHAX2016-1785373762138.webp
CHAX3002017,CHAPA P/ALUM. DEXTER X300 D/PALETA (2017),https://qdlezhfcnwsygtosieme.supabase.co/storage/v1/object/public/fotos/CHAX3002017-1785373777614.webp,,2017.0,0.9998,699,skip,Foto no encontrada: /home/rodrigo/Documentos/ProyectosVisual/Catalogo_Digital_Aceros_Pe-ascal/catalogo-web/fotos/https:/qdlezhfcnwsygtosieme.supabase.co/storage/v1/object/public/fotos/CHAX3002017-1785373777614.webp
CHAX3002018,CHAPA P/ALUM. DEXTER X300 D/PALETA (2018),https://qdlezhfcnwsygtosieme.supabase.co/storage/v1/object/public/fotos/CHAX3002018-1785373792678.webp,,2018.0,1.0,700,skip,Foto no encontrada: /home/rodrigo/Documentos/ProyectosVisual/Catalogo_Digital_Aceros_Pe-ascal/catalogo-web/fotos/https:/qdlezhfcnwsygtosieme.supabase.co/storage/v1/object/public/fotos/CHAX3002018-1785373792678.webp
CPTAD6752,CIERRA PUERTA DEXTER HIDRAU. 2 VALV AN 6752,https://qdlezhfcnwsygtosieme.supabase.co/storage/v1/object/public/fotos/CPTAD6752-1785373849266.webp,,6752.0,0.9999,699,skip,Foto no encontrada: /home/rodrigo/Documentos/ProyectosVisual/Catalogo_Digital_Aceros_Pe-ascal/catalogo-web/fotos/https:/qdlezhfcnwsygtosieme.supabase.co/storage/v1/object/public/fotos/CPTAD6752-1785373849266.webp
CPTAD6753,CIERRA PUERTA DEXTER HIDRAU. 2 VALV AN 6753,https://qdlezhfcnwsygtosieme.supabase.co/storage/v1/object/public/fotos/CPTAD6753-1785373862032.webp,,6753.0,1.0,700,skip,Foto no encontrada: /home/rodrigo/Documentos/ProyectosVisual/Catalogo_Digital_Aceros_Pe-ascal/catalogo-web/fotos/https:/qdlezhfcnwsygtosieme.supabase.co/storage/v1/object/public/fotos/CPTAD6753-1785373862032.webp
JAL-2211,"JALADERA PARA PUERTA TIPO ""C"" (2211)DEXTER",https://qdlezhfcnwsygtosieme.supabase.co/storage/v1/object/public/fotos/JAL-2211-1785374001288.webp,,2211.0,0.9998,699,skip,Foto no encontrada: /home/rodrigo/Documentos/ProyectosVisual/Catalogo_Digital_Aceros_Pe-ascal/catalogo-web/fotos/https:/qdlezhfcnwsygtosieme.supabase.co/storage/v1/object/public/fotos/JAL-2211-1785374001288.webp
JAL-2212,"JALADERA PARA PUERTA TIPO ""C"" (2212)DEXTER",https://qdlezhfcnwsygtosieme.supabase.co/storage/v1/object/public/fotos/JAL-2212-1785374066168.webp,,2212.0,1.0,700,skip,Foto no encontrada: /home/rodrigo/Documentos/ProyectosVisual/Catalogo_Digital_Aceros_Pe-ascal/catalogo-web/fotos/https:/qdlezhfcnwsygtosieme.supabase.co/storage/v1/object/public/fotos/JAL-2212-1785374066168.webp
NLB-0-4073,"NUMERO DE LATON B. DE 4"" # ""0""",https://qdlezhfcnwsygtosieme.supabase.co/storage/v1/object/public/fotos/NLB-0-4073-1785374445534.webp,"4"" 0""",4.0,0.6667,466,skip,Foto no encontrada: /home/rodrigo/Documentos/ProyectosVisual/Catalogo_Digital_Aceros_Pe-ascal/catalogo-web/fotos/https:/qdlezhfcnwsygtosieme.supabase.co/storage/v1/object/public/fotos/NLB-0-4073-1785374445534.webp
NLB-1-4074,"NUMERO DE LATON B. DE 4"" # ""1""",https://qdlezhfcnwsygtosieme.supabase.co/storage/v1/object/public/fotos/NLB-1-4074-1785374422531.webp,"4"" 1""",4.0,0.6667,466,skip,Foto no encontrada: /home/rodrigo/Documentos/ProyectosVisual/Catalogo_Digital_Aceros_Pe-ascal/catalogo-web/fotos/https:/qdlezhfcnwsygtosieme.supabase.co/storage/v1/object/public/fotos/NLB-1-4074-1785374422531.webp
NLB-0-4075,"NUMERO DE LATON B. DE 4"" # ""2""",https://qdlezhfcnwsygtosieme.supabase.co/storage/v1/object/public/fotos/NLB-0-4075-1785374508253.webp,"4"" 2""",4.0,0.6667,466,skip,Foto no encontrada: /home/rodrigo/Documentos/ProyectosVisual/Catalogo_Digital_Aceros_Pe-ascal/catalogo-web/fotos/https:/qdlezhfcnwsygtosieme.supabase.co/storage/v1/object/public/fotos/NLB-0-4075-1785374508253.webp
NLB-3-4076,"NUMERO DE LATON B. DE 4"" # ""3""",https://qdlezhfcnwsygtosieme.supabase.co/storage/v1/object/public/fotos/NLB-3-4076-1785374582386.webp,"4"" 3""",4.0,0.6667,466,skip,Foto no encontrada: /home/rodrigo/Documentos/ProyectosVisual/Catalogo_Digital_Aceros_Pe-ascal/catalogo-web/fotos/https:/qdlezhfcnwsygtosieme.supabase.co/storage/v1/object/public/fotos/NLB-3-4076-1785374582386.webp
NLB-4-4077,"NUMERO DE LATON B. DE 4"" # ""4""",https://qdlezhfcnwsygtosieme.supabase.co/storage/v1/object/public/fotos/NLB-4-4077-1785374637767.webp,"4""",4.0,0.6667,466,skip,Foto no encontrada: /home/rodrigo/Documentos/ProyectosVisual/Catalogo_Digital_Aceros_Pe-ascal/catalogo-web/fotos/https:/qdlezhfcnwsygtosieme.supabase.co/storage/v1/object/public/fotos/NLB-4-4077-1785374637767.webp
NLB-5-4078,"NUMERO DE LATON B. DE 4"" # ""5""",https://qdlezhfcnwsygtosieme.supabase.co/storage/v1/object/public/fotos/NLB-5-4078-1785374709646.webp,"4"" 5""",5.0,0.7454,521,skip,Foto no encontrada: /home/rodrigo/Documentos/ProyectosVisual/Catalogo_Digital_Aceros_Pe-ascal/catalogo-web/fotos/https:/qdlezhfcnwsygtosieme.supabase.co/storage/v1/object/public/fotos/NLB-5-4078-1785374709646.webp
NLB-6-4079,"NUMERO DE LATON B. DE 4"" # ""6""",https://qdlezhfcnwsygtosieme.supabase.co/storage/v1/object/public/fotos/NLB-6-4079-1785374728077.webp,"4"" 6""",6.0,0.8165,571,skip,Foto no encontrada: /home/rodrigo/Documentos/ProyectosVisual/Catalogo_Digital_Aceros_Pe-ascal/catalogo-web/fotos/https:/qdlezhfcnwsygtosieme.supabase.co/storage/v1/object/public/fotos/NLB-6-4079-1785374728077.webp
NLB-0-4080,"NUMERO DE LATON B. DE 4"" # ""7""",https://qdlezhfcnwsygtosieme.supabase.co/storage/v1/object/public/fotos/NLB-0-4080-1785374749863.webp,"4"" 7""",7.0,0.8819,617,skip,Foto no encontrada: /home/rodrigo/Documentos/ProyectosVisual/Catalogo_Digital_Aceros_Pe-ascal/catalogo-web/fotos/https:/qdlezhfcnwsygtosieme.supabase.co/storage/v1/object/public/fotos/NLB-0-4080-1785374749863.webp
NLB-0-4081,"NUMERO DE LATON B. DE 4"" # ""8""",https://qdlezhfcnwsygtosieme.supabase.co/storage/v1/object/public/fotos/NLB-0-4081-1785374794261.webp,"4"" 8""",8.0,0.9428,659,skip,Foto no encontrada: /home/rodrigo/Documentos/ProyectosVisual/Catalogo_Digital_Aceros_Pe-ascal/catalogo-web/fotos/https:/qdlezhfcnwsygtosieme.supabase.co/storage/v1/object/public/fotos/NLB-0-4081-1785374794261.webp
NLB-9-4082,"NUMERO DE LATON B. DE 4"" # ""9""",https://qdlezhfcnwsygtosieme.supabase.co/storage/v1/object/public/fotos/NLB-9-4082-1785374813283.webp,"4"" 9""",9.0,1.0,700,skip,Foto no encontrada: /home/rodrigo/Documentos/ProyectosVisual/Catalogo_Digital_Aceros_Pe-ascal/catalogo-web/fotos/https:/qdlezhfcnwsygtosieme.supabase.co/storage/v1/object/public/fotos/NLB-9-4082-1785374813283.webp
PASDEX6877,PASADOR DEXTER BARRA PLANA 10 MM (6877),https://qdlezhfcnwsygtosieme.supabase.co/storage/v1/object/public/fotos/PASDEX6877-1785374855738.webp,10 MM,0.3937007874015748,0.3162,221,skip,Foto no encontrada: /home/rodrigo/Documentos/ProyectosVisual/Catalogo_Digital_Aceros_Pe-ascal/catalogo-web/fotos/https:/qdlezhfcnwsygtosieme.supabase.co/storage/v1/object/public/fotos/PASDEX6877-1785374855738.webp
PASDEX6875,PASADOR DEXTER BARRA PLANA 100 MM (6875),https://qdlezhfcnwsygtosieme.supabase.co/storage/v1/object/public/fotos/PASDEX6875-1785374885149.webp,100 MM,3.937007874015748,1.0,700,skip,Foto no encontrada: /home/rodrigo/Documentos/ProyectosVisual/Catalogo_Digital_Aceros_Pe-ascal/catalogo-web/fotos/https:/qdlezhfcnwsygtosieme.supabase.co/storage/v1/object/public/fotos/PASDEX6875-1785374885149.webp
PASDEX6871,PASADOR DEXTER BARRA PLANA 51 MM (6871),https://qdlezhfcnwsygtosieme.supabase.co/storage/v1/object/public/fotos/PASDEX6871-1785374961865.webp,51 MM,2.0078740157480315,0.7141,499,skip,Foto no encontrada: /home/rodrigo/Documentos/ProyectosVisual/Catalogo_Digital_Aceros_Pe-ascal/catalogo-web/fotos/https:/qdlezhfcnwsygtosieme.supabase.co/storage/v1/object/public/fotos/PASDEX6871-1785374961865.webp
PASDEX6881,PASADOR DEXTER DE CADENA (6881),https://qdlezhfcnwsygtosieme.supabase.co/storage/v1/object/public/fotos/PASDEX6881-1785375140563.webp,,6881.0,0.9996,699,skip,Foto no encontrada: /home/rodrigo/Documentos/ProyectosVisual/Catalogo_Digital_Aceros_Pe-ascal/catalogo-web/fotos/https:/qdlezhfcnwsygtosieme.supabase.co/storage/v1/object/public/fotos/PASDEX6881-1785375140563.webp
PASDEX6883,PASADOR DEXTER DE CADENA (6883),https://qdlezhfcnwsygtosieme.supabase.co/storage/v1/object/public/fotos/PASDEX6883-1785375176607.webp,,6883.0,0.9998,699,skip,Foto no encontrada: /home/rodrigo/Documentos/ProyectosVisual/Catalogo_Digital_Aceros_Pe-ascal/catalogo-web/fotos/https:/qdlezhfcnwsygtosieme.supabase.co/storage/v1/object/public/fotos/PASDEX6883-1785375176607.webp
PASDEX6886,PASADOR DEXTER DE CADENA (6886),https://qdlezhfcnwsygtosieme.supabase.co/storage/v1/object/public/fotos/PASDEX6886-1785375299984.webp,,6886.0,1.0,700,skip,Foto no encontrada: /home/rodrigo/Documentos/ProyectosVisual/Catalogo_Digital_Aceros_Pe-ascal/catalogo-web/fotos/https:/qdlezhfcnwsygtosieme.supabase.co/storage/v1/object/public/fotos/PASDEX6886-1785375299984.webp
4065,"PASADOR DEXTER MAUSER 2"" LATON(4065)",https://qdlezhfcnwsygtosieme.supabase.co/storage/v1/object/public/fotos/4065-1785375571501.webp,"2""",2.0,0.6325,442,skip,Foto no encontrada: /home/rodrigo/Documentos/ProyectosVisual/Catalogo_Digital_Aceros_Pe-ascal/catalogo-web/fotos/https:/qdlezhfcnwsygtosieme.supabase.co/storage/v1/object/public/fotos/4065-1785375571501.webp
4066,"PASADOR DEXTER MAUSER 3"" LATON (4066)",https://qdlezhfcnwsygtosieme.supabase.co/storage/v1/object/public/fotos/4066-1785375589859.webp,"3""",3.0,0.7746,542,skip,Foto no encontrada: /home/rodrigo/Documentos/ProyectosVisual/Catalogo_Digital_Aceros_Pe-ascal/catalogo-web/fotos/https:/qdlezhfcnwsygtosieme.supabase.co/storage/v1/object/public/fotos/4066-1785375589859.webp
4067,"PASADOR DEXTER MAUSER 4"" LATON (4067)",https://qdlezhfcnwsygtosieme.supabase.co/storage/v1/object/public/fotos/4067-1785375595497.webp,"4""",4.0,0.8944,626,skip,Foto no encontrada: /home/rodrigo/Documentos/ProyectosVisual/Catalogo_Digital_Aceros_Pe-ascal/catalogo-web/fotos/https:/qdlezhfcnwsygtosieme.supabase.co/storage/v1/object/public/fotos/4067-1785375595497.webp
4068,"PASADOR DEXTER MAUSER 5"" LATON (4068)",https://qdlezhfcnwsygtosieme.supabase.co/storage/v1/object/public/fotos/4068-1785375602861.webp,"5""",5.0,1.0,700,skip,Foto no encontrada: /home/rodrigo/Documentos/ProyectosVisual/Catalogo_Digital_Aceros_Pe-ascal/catalogo-web/fotos/https:/qdlezhfcnwsygtosieme.supabase.co/storage/v1/object/public/fotos/4068-1785375602861.webp
4058,"PASADOR DEXTER MAUSER 2"" NS (4058)",https://qdlezhfcnwsygtosieme.supabase.co/storage/v1/object/public/fotos/4058-1785375624715.webp,"2""",2.0,0.6325,442,skip,Foto no encontrada: /home/rodrigo/Documentos/ProyectosVisual/Catalogo_Digital_Aceros_Pe-ascal/catalogo-web/fotos/https:/qdlezhfcnwsygtosieme.supabase.co/storage/v1/object/public/fotos/4058-1785375624715.webp
4059,"PASADOR DEXTER MAUSER 3"" NS (4059)",https://qdlezhfcnwsygtosieme.supabase.co/storage/v1/object/public/fotos/4059-1785375617727.webp,"3""",3.0,0.7746,542,skip,Foto no encontrada: /home/rodrigo/Documentos/ProyectosVisual/Catalogo_Digital_Aceros_Pe-ascal/catalogo-web/fotos/https:/qdlezhfcnwsygtosieme.supabase.co/storage/v1/object/public/fotos/4059-1785375617727.webp
4060,"PASADOR DEXTER MAUSER 4"" NS (4060)",https://qdlezhfcnwsygtosieme.supabase.co/storage/v1/object/public/fotos/4060-1785375630318.webp,"4""",4.0,0.8944,626,skip,Foto no encontrada: /home/rodrigo/Documentos/ProyectosVisual/Catalogo_Digital_Aceros_Pe-ascal/catalogo-web/fotos/https:/qdlezhfcnwsygtosieme.supabase.co/storage/v1/object/public/fotos/4060-1785375630318.webp
4061,"PASADOR DEXTER MAUSER 5"" NS (4061)",https://qdlezhfcnwsygtosieme.supabase.co/storage/v1/object/public/fotos/4061-1785375636171.webp,"5""",5.0,1.0,700,skip,Foto no encontrada: /home/rodrigo/Documentos/ProyectosVisual/Catalogo_Digital_Aceros_Pe-ascal/catalogo-web/fotos/https:/qdlezhfcnwsygtosieme.supabase.co/storage/v1/object/public/fotos/4061-1785375636171.webp
INSER009,"ADORNO FORJADO 1/4"" X 1/2"" (INSER009)",INSER009.webp,"1/4"" 1/2"" 1/4 1/2",0.5,1.0,700,skip,Foto no encontrada: /home/rodrigo/Documentos/ProyectosVisual/Catalogo_Digital_Aceros_Pe-ascal/catalogo-web/fotos/INSER009.webp
INSER012,"ADORNO FORJADO 1/4"" X 1/2"" (INSER012)",INSER012.webp,"1/4"" 1/2"" 1/4 1/2",0.5,1.0,700,skip,Foto no encontrada: /home/rodrigo/Documentos/ProyectosVisual/Catalogo_Digital_Aceros_Pe-ascal/catalogo-web/fotos/INSER012.webp
INSER026,"ADORNO FORJADO 1/4"" X 1/2"" (INSER026)",INSER026.webp,"1/4"" 1/2"" 1/4 1/2",0.5,1.0,700,skip,Foto no encontrada: /home/rodrigo/Documentos/ProyectosVisual/Catalogo_Digital_Aceros_Pe-ascal/catalogo-web/fotos/INSER026.webp
INSER006,"ADORNO FORJADO 1/4"" X 1/2""(INSER006)",INSER006.webp,"1/4"" 1/2"" 1/4 1/2",0.5,1.0,700,skip,Foto no encontrada: /home/rodrigo/Documentos/ProyectosVisual/Catalogo_Digital_Aceros_Pe-ascal/catalogo-web/fotos/INSER006.webp
INSER004,"ADORNO FORJADO 1/8"" X 1/2""(INSER004)",INSER004.webp,"1/8"" 1/2"" 1/8 1/2",0.5,1.0,700,ok,Guardado con lado_destino=700px (factor=1.0)
INSER007,"ADORNO FORJADO 1/8"" X 1/2""(INSER007)",INSER007.webp,"1/8"" 1/2"" 1/8 1/2",0.5,1.0,700,ok,Guardado con lado_destino=700px (factor=1.0)
INSER001,"ADORNO FORJADO DE 1/8"" X 1/2""(INSER001)",INSER001.webp,"1/8"" 1/2"" 1/8 1/2",0.5,1.0,700,ok,Guardado con lado_destino=700px (factor=1.0)
INSER010,"ADORNO FORJADO DE 1/8"" X 1/2""(INSER010)",INSER010.webp,"1/8"" 1/2"" 1/8 1/2",0.5,1.0,700,ok,Guardado con lado_destino=700px (factor=1.0)
BIGOT-013,"BIGOTE 1/4"" X 1/2"" 7.0 X 11.0 CM",BIGOT-013.webp,"1/4"" 1/2"" 7.0 X 11.0 11.0 CM 1/4 1/2",11.0,1.0,700,skip,Foto no encontrada: /home/rodrigo/Documentos/ProyectosVisual/Catalogo_Digital_Aceros_Pe-ascal/catalogo-web/fotos/BIGOT-013.webp
BIGOT-016,"BIGOTE 1/8"" X 1/2"" 7.0 X 11.00 CM",BIGOT-016.webp,"1/8"" 1/2"" 7.0 X 11.00 11.00 CM 1/8 1/2",11.0,1.0,700,skip,Foto no encontrada: /home/rodrigo/Documentos/ProyectosVisual/Catalogo_Digital_Aceros_Pe-ascal/catalogo-web/fotos/BIGOT-016.webp
ESFOR001,ESFERA MACIZA 25.4M(ESFOR001),ESFOR001.webp,25.4M,25.4,0.5342,373,ok,Guardado con lado_destino=373px (factor=0.5342)
ESFOOR002,ESFERA MACIZA 38 M(ESFOOR002),ESFOOR002.webp,38 M,38.0,0.6534,457,ok,Guardado con lado_destino=457px (factor=0.6534)
ESFOOR003,ESFERA MACIZA 51 M,ESFOOR003.webp,51 M,51.0,0.757,529,ok,Guardado con lado_destino=529px (factor=0.757)
ESFOOR004,ESFERA MACIZA 64M,ESFOOR004.webp,64M,64.0,0.848,593,ok,Guardado con lado_destino=593px (factor=0.848)
ESFOOR006,ESFERA MACIZA 89 M,ESFOOR006.webp,89 M,89.0,1.0,700,ok,Guardado con lado_destino=700px (factor=1.0)
PUFLE014,"PUNTA FLECHA 1/2"" DOBLE",PUFLE014.webp,"1/2"" 1/2",0.5,1.0,700,ok,Guardado con lado_destino=700px (factor=1.0)
PUFLE007,"PUNTA FLECHA 3/8"" DOBLE",PUFLE007.webp,"3/8"" 3/8",0.375,0.866,606,ok,Guardado con lado_destino=606px (factor=0.866)
PUFLE013,"PUNTA FLECHA 1/2"" TRIPLE",PUFLE013.webp,"1/2"" 1/2",0.5,1.0,700,ok,Guardado con lado_destino=700px (factor=1.0)
PUFLE006,"PUNTA FLECHA 3/8"" TRIPLE",PUFLE006.webp,"3/8"" 3/8",0.375,0.866,606,ok,Guardado con lado_destino=606px (factor=0.866)
RIZO011,"RIZO DE 1/4 X 1/2"" 6 X 15.5 CMS",RIZO011.webp,"1/2"" 4 X 1 6 X 15.5 1/4 1/2",15.5,0.9032,632,skip,Foto no encontrada: /home/rodrigo/Documentos/ProyectosVisual/Catalogo_Digital_Aceros_Pe-ascal/catalogo-web/fotos/RIZO011.webp
RIZO013,"RIZO DE 1/4 X 1/2"" 7.6 X 19 CMS",RIZO013.webp,"1/2"" 4 X 1 7.6 X 19 1/4 1/2",19.0,1.0,700,ok,Guardado con lado_destino=700px (factor=1.0)
ROSET002,ROSETON 225 MM,ROSET002.webp,225 MM,8.858267716535433,0.7685,537,ok,Guardado con lado_destino=537px (factor=0.7685)
ROSET003,ROSETON 251 MM,ROSET003.webp,251 MM,9.881889763779528,0.8117,568,ok,Guardado con lado_destino=568px (factor=0.8117)
ROSET001,ROSETON 381 MM,ROSET001.webp,381 MM,15.0,1.0,700,ok,Guardado con lado_destino=700px (factor=1.0)
BIRLO5X250,"BIRLO 3/16"" X 10""",BIRLO5X250.webp,"3/16"" 10"" 3/16",10.0,0.7906,553,ok,Guardado con lado_destino=553px (factor=0.7906)
BIRLO5X300,"BIRLO 3/16"" X 12""",BIRLO5X300.webp,"3/16"" 12"" 3/16",12.0,0.866,606,ok,Guardado con lado_destino=606px (factor=0.866)
BIRLO5X400,"BIRLO 3/16"" X 16""",BIRLO5X400.webp,"3/16"" 16"" 3/16",16.0,1.0,700,ok,Guardado con lado_destino=700px (factor=1.0)
BIRLO5X100,"BIRLO 3/16"" X 4""",BIRLO5X100.webp,"3/16"" 4"" 3/16",4.0,0.5,350,ok,Guardado con lado_destino=350px (factor=0.5)
BIRLO5X125,"BIRLO 3/16"" X 5""",BIRLO5X125.webp,"3/16"" 5"" 3/16",5.0,0.559,391,ok,Guardado con lado_destino=391px (factor=0.559)
BIRLO5X150,"BIRLO 3/16"" X 6""",BIRLO5X150.webp,"3/16"" 6"" 3/16",6.0,0.6124,428,ok,Guardado con lado_destino=428px (factor=0.6124)
BIRLO5X200,"BIRLO 3/16"" X 8""",BIRLO5X200.webp,"3/16"" 8"" 3/16",8.0,0.7071,494,ok,Guardado con lado_destino=494px (factor=0.7071)
BIRLO6X250,"BIRLO DE 1/4"" X 10""",BIRLO6X250.webp,"1/4"" 10"" 1/4",10.0,0.9129,639,ok,Guardado con lado_destino=639px (factor=0.9129)
BIRLO6X300,"BIRLO DE 1/4"" X 12""",BIRLO6X300.webp,"1/4"" 12"" 1/4",12.0,1.0,700,ok,Guardado con lado_destino=700px (factor=1.0)
BIRLO6X200,"BIRLO DE 1/4"" X 8""",BIRLO6X200.webp,"1/4"" 8"" 1/4",8.0,0.8165,571,ok,Guardado con lado_destino=571px (factor=0.8165)
PIJAAU38,"PIJA AUTOTALADRANTE 1/4"" X 1 1/2""",PIJAAU38.webp,"1/4"" 1 1/2"" 1/4 1/2",1.0,0.5,350,ok,Guardado con lado_destino=350px (factor=0.5)
PIJAAU32,"PIJA AUTOTALADRANTE 1/4"" X 1 1/4""",PIJAAU32.webp,"1/4"" 1 1/4"" 1/4",1.0,0.5,350,ok,Guardado con lado_destino=350px (factor=0.5)
PIJAAU25,"PIJA AUTOTALADRANTE 1/4"" X 1""",PIJAAU25.webp,"1/4"" 1"" 1/4",1.0,0.5,350,ok,Guardado con lado_destino=350px (factor=0.5)
PIJAAU50,"PIJA AUTOTALADRANTE 1/4"" X 2""",PIJAAU50.webp,"1/4"" 2"" 1/4",2.0,0.7071,494,ok,Guardado con lado_destino=494px (factor=0.7071)
PIJAAU75,"PIJA AUTOTALADRANTE 1/4"" X 3""",PIJAAU75.webp,"1/4"" 3"" 1/4",3.0,0.866,606,ok,Guardado con lado_destino=606px (factor=0.866)
PIJAAU100,"PIJA AUTOTALADRANTE 1/4"" X 4""",PIJAAU100.webp,"1/4"" 4"" 1/4",4.0,1.0,700,ok,Guardado con lado_destino=700px (factor=1.0)
PIJA10X11/2,"PIJA GALV. 10 X 1 1/2""",PIJA10X11-2.webp,"1 1/2"" 10 X 1 1/2",10.0,1.0,700,ok,Guardado con lado_destino=700px (factor=1.0)
PIJA10X2,"PIJA GALV. 10 X 2""",PIJA10X2.webp,"2"" 10 X 2",10.0,1.0,700,ok,Guardado con lado_destino=700px (factor=1.0)
PIJA8X11/2,"PIJA GALV. 8 X 1 1/2""",PIJA8X11-2.webp,"1 1/2"" 8 X 1 1/2",8.0,0.8944,626,ok,Guardado con lado_destino=626px (factor=0.8944)
PIJA8X1,"PIJA GALV. 8 X 1""",PIJA8X1.webp,"1"" 8 X 1",8.0,0.8944,626,ok,Guardado con lado_destino=626px (factor=0.8944)
PIJA8X2,"PIJA GALV. 8 X 2""",PIJA8X2.webp,"2"" 8 X 2",8.0,0.8944,626,ok,Guardado con lado_destino=626px (factor=0.8944)
PIJAKLATH8X11/2,"PIJA K-LATH BROCA 8 X 1 1/2""",PIJAKLATH8X11-2.webp,"1 1/2"" 8 X 1 1/2",8.0,1.0,700,ok,Guardado con lado_destino=700px (factor=1.0)
PIJAKLATH8X1,"PIJA K-LATH BROCA 8 X 1""",PIJAKLATH8X1.webp,"1"" 8 X 1",8.0,1.0,700,ok,Guardado con lado_destino=700px (factor=1.0)
PIJAKLATH8X1/2,"PIJA K-LATH BROCA 8 X 1/2""",PIJAKLATH8X1-2.webp,"1/2"" 8 X 1 1/2",8.0,1.0,700,ok,Guardado con lado_destino=700px (factor=1.0)
PIJAKLATH8X3/4,"PIJA K-LATH BROCA 8 X 3/4""",PIJAKLATH8X3-4.webp,"3/4"" 8 X 3 3/4",8.0,1.0,700,ok,Guardado con lado_destino=700px (factor=1.0)
RONPREGAL25,"RONDANA DE PRESION GALV. 1""",https://qdlezhfcnwsygtosieme.supabase.co/storage/v1/object/public/fotos/RONPREGAL25-1785377473222.webp,"1""",1.0,1.0,700,skip,Foto no encontrada: /home/rodrigo/Documentos/ProyectosVisual/Catalogo_Digital_Aceros_Pe-ascal/catalogo-web/fotos/https:/qdlezhfcnwsygtosieme.supabase.co/storage/v1/object/public/fotos/RONPREGAL25-1785377473222.webp
RONPREGAL13,"RONDANA DE PRESION GALV. 1/2""",https://qdlezhfcnwsygtosieme.supabase.co/storage/v1/object/public/fotos/RONPREGAL13-1785377455439.webp,"1/2"" 1/2",0.5,0.7071,494,skip,Foto no encontrada: /home/rodrigo/Documentos/ProyectosVisual/Catalogo_Digital_Aceros_Pe-ascal/catalogo-web/fotos/https:/qdlezhfcnwsygtosieme.supabase.co/storage/v1/object/public/fotos/RONPREGAL13-1785377455439.webp
RONPREGAL6,"RONDANA DE PRESION GALV. 1/4""",https://qdlezhfcnwsygtosieme.supabase.co/storage/v1/object/public/fotos/RONPREGAL6-1785377481288.webp,"1/4"" 1/4",0.25,0.5,350,skip,Foto no encontrada: /home/rodrigo/Documentos/ProyectosVisual/Catalogo_Digital_Aceros_Pe-ascal/catalogo-web/fotos/https:/qdlezhfcnwsygtosieme.supabase.co/storage/v1/object/public/fotos/RONPREGAL6-1785377481288.webp
RONPREGAL19,"RONDANA DE PRESION GALV. 3/4""",https://qdlezhfcnwsygtosieme.supabase.co/storage/v1/object/public/fotos/RONPREGAL19-1785377566130.webp,"3/4"" 3/4",0.75,0.866,606,skip,Foto no encontrada: /home/rodrigo/Documentos/ProyectosVisual/Catalogo_Digital_Aceros_Pe-ascal/catalogo-web/fotos/https:/qdlezhfcnwsygtosieme.supabase.co/storage/v1/object/public/fotos/RONPREGAL19-1785377566130.webp
RONPREGAL10,"RONDANA DE PRESION GALV. 3/8""",https://qdlezhfcnwsygtosieme.supabase.co/storage/v1/object/public/fotos/RONPREGAL10-1785377574423.webp,"3/8"" 3/8",0.375,0.6124,428,skip,Foto no encontrada: /home/rodrigo/Documentos/ProyectosVisual/Catalogo_Digital_Aceros_Pe-ascal/catalogo-web/fotos/https:/qdlezhfcnwsygtosieme.supabase.co/storage/v1/object/public/fotos/RONPREGAL10-1785377574423.webp
RONPREGAL8,"RONDANA DE PRESION GALV. 5/16""",https://qdlezhfcnwsygtosieme.supabase.co/storage/v1/object/public/fotos/RONPREGAL8-1785377579737.webp,"5/16"" 5/16",0.3125,0.559,391,skip,Foto no encontrada: /home/rodrigo/Documentos/ProyectosVisual/Catalogo_Digital_Aceros_Pe-ascal/catalogo-web/fotos/https:/qdlezhfcnwsygtosieme.supabase.co/storage/v1/object/public/fotos/RONPREGAL8-1785377579737.webp
RONPREGAL16,"RONDANA DE PRESION GALV. 5/8""",https://qdlezhfcnwsygtosieme.supabase.co/storage/v1/object/public/fotos/RONPREGAL16-1785377587727.webp,"5/8"" 5/8",0.625,0.7906,553,skip,Foto no encontrada: /home/rodrigo/Documentos/ProyectosVisual/Catalogo_Digital_Aceros_Pe-ascal/catalogo-web/fotos/https:/qdlezhfcnwsygtosieme.supabase.co/storage/v1/object/public/fotos/RONPREGAL16-1785377587727.webp
ROLGAL25,"RONDANA PLANA GALV. 1""",https://qdlezhfcnwsygtosieme.supabase.co/storage/v1/object/public/fotos/ROLGAL25-1785377671027.webp,"1""",1.0,1.0,700,skip,Foto no encontrada: /home/rodrigo/Documentos/ProyectosVisual/Catalogo_Digital_Aceros_Pe-ascal/catalogo-web/fotos/https:/qdlezhfcnwsygtosieme.supabase.co/storage/v1/object/public/fotos/ROLGAL25-1785377671027.webp
RONGALV13,"RONDANA PLANA GALV. 1/2""",https://qdlezhfcnwsygtosieme.supabase.co/storage/v1/object/public/fotos/RONGALV13-1785377695687.webp,"1/2"" 1/2",0.5,0.7071,494,skip,Foto no encontrada: /home/rodrigo/Documentos/ProyectosVisual/Catalogo_Digital_Aceros_Pe-ascal/catalogo-web/fotos/https:/qdlezhfcnwsygtosieme.supabase.co/storage/v1/object/public/fotos/RONGALV13-1785377695687.webp
RONGALV6,"RONDANA PLANA GALV. 1/4""",https://qdlezhfcnwsygtosieme.supabase.co/storage/v1/object/public/fotos/RONGALV6-1785377703989.webp,"1/4"" 1/4",0.25,0.5,350,skip,Foto no encontrada: /home/rodrigo/Documentos/ProyectosVisual/Catalogo_Digital_Aceros_Pe-ascal/catalogo-web/fotos/https:/qdlezhfcnwsygtosieme.supabase.co/storage/v1/object/public/fotos/RONGALV6-1785377703989.webp
RONGALV5,"RONDANA PLANA GALV. 3/16""",https://qdlezhfcnwsygtosieme.supabase.co/storage/v1/object/public/fotos/RONGALV5-1785377731911.webp,"3/16"" 3/16",0.1875,0.433,303,skip,Foto no encontrada: /home/rodrigo/Documentos/ProyectosVisual/Catalogo_Digital_Aceros_Pe-ascal/catalogo-web/fotos/https:/qdlezhfcnwsygtosieme.supabase.co/storage/v1/object/public/fotos/RONGALV5-1785377731911.webp
RONGALV19,"RONDANA PLANA GALV. 3/4""",https://qdlezhfcnwsygtosieme.supabase.co/storage/v1/object/public/fotos/RONGALV19-1785377738319.webp,"3/4"" 3/4",0.75,0.866,606,skip,Foto no encontrada: /home/rodrigo/Documentos/ProyectosVisual/Catalogo_Digital_Aceros_Pe-ascal/catalogo-web/fotos/https:/qdlezhfcnwsygtosieme.supabase.co/storage/v1/object/public/fotos/RONGALV19-1785377738319.webp
ROLGALV10,"RONDANA PLANA GALV. 3/8""",https://qdlezhfcnwsygtosieme.supabase.co/storage/v1/object/public/fotos/ROLGALV10-1785377744949.webp,"3/8"" 3/8",0.375,0.6124,428,skip,Foto no encontrada: /home/rodrigo/Documentos/ProyectosVisual/Catalogo_Digital_Aceros_Pe-ascal/catalogo-web/fotos/https:/qdlezhfcnwsygtosieme.supabase.co/storage/v1/object/public/fotos/ROLGALV10-1785377744949.webp
RONGALV.8,"RONDANA PLANA GALV. 5/16""",https://qdlezhfcnwsygtosieme.supabase.co/storage/v1/object/public/fotos/RONGALV-8-1785377752053.webp,"5/16"" 5/16",0.3125,0.559,391,skip,Foto no encontrada: /home/rodrigo/Documentos/ProyectosVisual/Catalogo_Digital_Aceros_Pe-ascal/catalogo-web/fotos/https:/qdlezhfcnwsygtosieme.supabase.co/storage/v1/object/public/fotos/RONGALV-8-1785377752053.webp
RONGALV16,"RONDANA PLANA GALV. 5/8""",https://qdlezhfcnwsygtosieme.supabase.co/storage/v1/object/public/fotos/RONGALV16-1785377759828.webp,"5/8"" 5/8",0.625,0.7906,553,skip,Foto no encontrada: /home/rodrigo/Documentos/ProyectosVisual/Catalogo_Digital_Aceros_Pe-ascal/catalogo-web/fotos/https:/qdlezhfcnwsygtosieme.supabase.co/storage/v1/object/public/fotos/RONGALV16-1785377759828.webp
TORCOGALV.6X25,"TORNILLO C/COCHE GALV. 1/4"" X 1",TORCOGALV-6X25.webp,"1/4"" 1/4",0.25,0.25,175,ok,Guardado con lado_destino=175px (factor=0.25)
TORCOGALV.6X38,"TORNILLO C/COCHE GALV. 1/4"" X 1 1/2""",TORCOGALV-6X38.webp,"1/4"" 1 1/2"" 1/4 1/2",1.0,0.5,350,ok,Guardado con lado_destino=350px (factor=0.5)
TORCAGALV.6X50,"TORNILLO C/COCHE GALV. 1/4"" X 2""",https://qdlezhfcnwsygtosieme.supabase.co/storage/v1/object/public/fotos/TORCAGALV-6X50-1785377834045.webp,"1/4"" 2"" 1/4",2.0,0.7071,494,skip,Foto no encontrada: /home/rodrigo/Documentos/ProyectosVisual/Catalogo_Digital_Aceros_Pe-ascal/catalogo-web/fotos/https:/qdlezhfcnwsygtosieme.supabase.co/storage/v1/object/public/fotos/TORCAGALV-6X50-1785377834045.webp
TORCOGALV6X100,"TORNILLO C/COCHE GALV. 1/4"" X 4""",https://qdlezhfcnwsygtosieme.supabase.co/storage/v1/object/public/fotos/TORCOGALV6X100-1785377840673.webp,"1/4"" 4"" 1/4",4.0,1.0,700,skip,Foto no encontrada: /home/rodrigo/Documentos/ProyectosVisual/Catalogo_Digital_Aceros_Pe-ascal/catalogo-web/fotos/https:/qdlezhfcnwsygtosieme.supabase.co/storage/v1/object/public/fotos/TORCOGALV6X100-1785377840673.webp
TORCOGALV.8X38,"TORNILLO C/COCHE GALV. 5/16"" X 1 1/2""",TORCOGALV-8X38.webp,"5/16"" 1 1/2"" 5/16 1/2",1.0,0.5,350,ok,Guardado con lado_destino=350px (factor=0.5)
TORCOGALV.8X50,"TORNILLO C/COCHE GALV. 5/16"" X 2""",https://qdlezhfcnwsygtosieme.supabase.co/storage/v1/object/public/fotos/TORCOGALV-8X50-1785377860642.webp,"5/16"" 2"" 5/16",2.0,0.7071,494,skip,Foto no encontrada: /home/rodrigo/Documentos/ProyectosVisual/Catalogo_Digital_Aceros_Pe-ascal/catalogo-web/fotos/https:/qdlezhfcnwsygtosieme.supabase.co/storage/v1/object/public/fotos/TORCOGALV-8X50-1785377860642.webp
TOR3/16X11/2,"TORNILLO GALV. 3/16"" X 1 1/2""",TOR3-16X11-2.webp,"3/16"" 1 1/2"" 3/16 1/2",1.0,0.7071,494,ok,Guardado con lado_destino=494px (factor=0.7071)
TOR3/16X1,"TORNILLO GALV. 3/16"" X 1""",TOR3-16X1.webp,"3/16"" 1"" 3/16",1.0,0.7071,494,ok,Guardado con lado_destino=494px (factor=0.7071)
TOR3/16X2,"TORNILLO GALV. 3/16"" X 2""",TOR3-16X2.webp,"3/16"" 2"" 3/16",2.0,1.0,700,ok,Guardado con lado_destino=700px (factor=1.0)
TORHEXGAL13X38,"TORNILLO HEX. GALV. 1/2"" X 1 1/2""",TORHEXGAL13X38.webp,"1/2"" 1 1/2"" 1/2",1.0,0.5,350,ok,Guardado con lado_destino=350px (factor=0.5)
TORHEXGAL13X25,"TORNILLO HEX. GALV. 1/2"" X 1""",TORHEXGAL13X25.webp,"1/2"" 1"" 1/2",1.0,0.5,350,ok,Guardado con lado_destino=350px (factor=0.5)
TORHEXGAL13X64,"TORNILLO HEX. GALV. 1/2"" X 2 1/2""",TORHEXGAL13X64.webp,"1/2"" 2 1/2"" 1/2",2.0,0.7071,494,ok,Guardado con lado_destino=494px (factor=0.7071)
TORHEXGAL13X50,"TORNILLO HEX. GALV. 1/2"" X 2""",TORHEXGAL13X50.webp,"1/2"" 2"" 1/2",2.0,0.7071,494,ok,Guardado con lado_destino=494px (factor=0.7071)
TORHEXGAL13X75,"TORNILLO HEX. GALV. 1/2"" X 3""",TORHEXGAL13X75.webp,"1/2"" 3"" 1/2",3.0,0.866,606,ok,Guardado con lado_destino=606px (factor=0.866)
TORHEXGAL13X100,"TORNILLO HEX. GALV. 1/2"" X 4""",TORHEXGAL13X100.webp,"1/2"" 4"" 1/2",4.0,1.0,700,ok,Guardado con lado_destino=700px (factor=1.0)
TORHEXGAL6X38,"TORNILLO HEX. GALV. 1/4"" X 1 1/2""",TORHEXGAL6X38.webp,"1/4"" 1 1/2"" 1/4 1/2",1.0,0.5,350,ok,Guardado con lado_destino=350px (factor=0.5)
TORHEXGAL6X25,"TORNILLO HEX. GALV. 1/4"" X 1""",TORHEXGAL6X25.webp,"1/4"" 1"" 1/4",1.0,0.5,350,ok,Guardado con lado_destino=350px (factor=0.5)
TORHEXGAL6X64,"TORNILLO HEX. GALV. 1/4"" X 2 1/2""",TORHEXGAL6X64.webp,"1/4"" 2 1/2"" 1/4 1/2",2.0,0.7071,494,ok,Guardado con lado_destino=494px (factor=0.7071)
TORHEXGAL6X50,"TORNILLO HEX. GALV. 1/4"" X 2""",TORHEXGAL6X50.webp,"1/4"" 2"" 1/4",2.0,0.7071,494,ok,Guardado con lado_destino=494px (factor=0.7071)
TORHEXGAL6X75,"TORNILLO HEX. GALV. 1/4"" X 3""",TORHEXGAL6X75.webp,"1/4"" 3"" 1/4",3.0,0.866,606,ok,Guardado con lado_destino=606px (factor=0.866)
TORHEXGAL6X100,"TORNILLO HEX. GALV. 1/4"" X 4""",TORHEXGAL6X100.webp,"1/4"" 4"" 1/4",4.0,1.0,700,ok,Guardado con lado_destino=700px (factor=1.0)
TORHEXGAL10X38,"TORNILLO HEX. GALV. 3/8"" X 1 1/2""",TORHEXGAL10X38.webp,"3/8"" 1 1/2"" 3/8 1/2",1.0,0.5,350,ok,Guardado con lado_destino=350px (factor=0.5)
TORHEXGAL10X25,"TORNILLO HEX. GALV. 3/8"" X 1""",TORHEXGAL10X25.webp,"3/8"" 1"" 3/8",1.0,0.5,350,ok,Guardado con lado_destino=350px (factor=0.5)
TORHEXGAL10X64,"TORNILLO HEX. GALV. 3/8"" X 2 1/2""",TORHEXGAL10X64.webp,"3/8"" 2 1/2"" 3/8 1/2",2.0,0.7071,494,ok,Guardado con lado_destino=494px (factor=0.7071)
TORHEXGAL10X50,"TORNILLO HEX. GALV. 3/8"" X 2""",TORHEXGAL10X50.webp,"3/8"" 2"" 3/8",2.0,0.7071,494,ok,Guardado con lado_destino=494px (factor=0.7071)
TORHEXGAL10X75,"TORNILLO HEX. GALV. 3/8"" X 3""",TORHEXGAL10X75.webp,"3/8"" 3"" 3/8",3.0,0.866,606,ok,Guardado con lado_destino=606px (factor=0.866)
TORHEXGAL8X38,"TORNILLO HEX. GALV. 5/16"" X 1 1/2""",TORHEXGAL8X38.webp,"5/16"" 1 1/2"" 5/16 1/2",1.0,0.5,350,ok,Guardado con lado_destino=350px (factor=0.5)
TORHEXGAL8X25,"TORNILLO HEX. GALV. 5/16"" X 1""",TORHEXGAL8X25.webp,"5/16"" 1"" 5/16",1.0,0.5,350,ok,Guardado con lado_destino=350px (factor=0.5)
TORHEXGAL8X65,"TORNILLO HEX. GALV. 5/16"" X 2 1/2""",TORHEXGAL8X65.webp,"5/16"" 2 1/2"" 5/16 1/2",2.0,0.7071,494,ok,Guardado con lado_destino=494px (factor=0.7071)
TORHEXGAL8X50,"TORNILLO HEX. GALV. 5/16"" X 2""",TORHEXGAL8X50.webp,"5/16"" 2"" 5/16",2.0,0.7071,494,ok,Guardado con lado_destino=494px (factor=0.7071)
TORHEXGAL8X75,"TORNILLO HEX. GALV. 5/16"" X 3""",TORHEXGAL8X75.webp,"5/16"" 3"" 5/16",3.0,0.866,606,ok,Guardado con lado_destino=606px (factor=0.866)
TUHEXGALV25,"TUERCA HEXAGONAL GALV. 1""",TUHEXGALV25.webp,"1""",1.0,1.0,700,ok,Guardado con lado_destino=700px (factor=1.0)
TUHEXGALV13,"TUERCA HEXAGONAL GALV. 1/2""",TUHEXGALV13.webp,"1/2"" 1/2",0.5,0.7071,494,ok,Guardado con lado_destino=494px (factor=0.7071)
TUHEXGAL6,"TUERCA HEXAGONAL GALV. 1/4""",TUHEXGAL6.webp,"1/4"" 1/4",0.25,0.5,350,ok,Guardado con lado_destino=350px (factor=0.5)
TUHEXGAL5,"TUERCA HEXAGONAL GALV. 3/16""",TUHEXGAL5.webp,"3/16"" 3/16",0.1875,0.433,303,ok,Guardado con lado_destino=303px (factor=0.433)
TUHEXGAL19,"TUERCA HEXAGONAL GALV. 3/4""",TUHEXGAL19.webp,"3/4"" 3/4",0.75,0.866,606,ok,Guardado con lado_destino=606px (factor=0.866)
TUHEXGAL10,"TUERCA HEXAGONAL GALV. 3/8""",TUHEXGAL10.webp,"3/8"" 3/8",0.375,0.6124,428,ok,Guardado con lado_destino=428px (factor=0.6124)
TUHEXGAL8,"TUERCA HEXAGONAL GALV. 5/16""",TUHEXGAL8.webp,"5/16"" 5/16",0.3125,0.559,391,ok,Guardado con lado_destino=391px (factor=0.559)
TUHEXGAL16,"TUERCA HEXAGONAL GALV. 5/8""",TUHEXGAL16.webp,"5/8"" 5/8",0.625,0.7906,553,ok,Guardado con lado_destino=553px (factor=0.7906)
VARO25,"VARILLA ROSCADA DE 1"" X 1 MTS.",VARO25.webp,"1"" 1 MTS",1.0,1.0,700,ok,Guardado con lado_destino=700px (factor=1.0)
VARO13,"VARILLA ROSCADA DE 1/2"" X 1 MTS.",VARO13.webp,"1/2"" 1 MTS 1/2",1.0,1.0,700,ok,Guardado con lado_destino=700px (factor=1.0)
VAROS6,"VARILLA ROSCADA DE 1/4"" X 1 MTS.",VAROS6.webp,"1/4"" 1 MTS 1/4",1.0,1.0,700,ok,Guardado con lado_destino=700px (factor=1.0)
VAROS5,"VARILLA ROSCADA DE 3/16"" X 1 MTS.",VAROS5.webp,"3/16"" 1 MTS 3/16",1.0,1.0,700,ok,Guardado con lado_destino=700px (factor=1.0)
VAROS19,"VARILLA ROSCADA DE 3/4"" X 1 MTS.",VAROS19.webp,"3/4"" 1 MTS 3/4",1.0,1.0,700,ok,Guardado con lado_destino=700px (factor=1.0)
VAROS10,"VARILLA ROSCADA DE 3/8"" X 1 MTS.",VAROS10.webp,"3/8"" 1 MTS 3/8",1.0,1.0,700,ok,Guardado con lado_destino=700px (factor=1.0)
VAROS8X1,"VARILLA ROSCADA DE 5/16"" X 1 MTS.",VAROS8X1.webp,"5/16"" 1 MTS 5/16",1.0,1.0,700,ok,Guardado con lado_destino=700px (factor=1.0)
VAROS16,"VARILLA ROSCADA DE 5/8"" X 1 MTS.",VAROS16.webp,"5/8"" 1 MTS 5/8",1.0,1.0,700,ok,Guardado con lado_destino=700px (factor=1.0)
CODS25,"CODO SOLDABLE 1""",CODS25.webp,"1""",1.0,0.5,350,ok,Guardado con lado_destino=350px (factor=0.5)
CODS50,"CODO SOLDABLE 2""",CODS50.webp,"2""",2.0,0.7071,494,ok,Guardado con lado_destino=494px (factor=0.7071)
CODS19,"CODO SOLDABLE 3/4""",CODS19.webp,"3/4"" 3/4",0.75,0.433,303,ok,Guardado con lado_destino=303px (factor=0.433)
CODS100,"CODO SOLDABLE 4""",CODS100.webp,"4""",4.0,1.0,700,ok,Guardado con lado_destino=700px (factor=1.0)
CODS38,"CODO SOLDABLE 1"" 1/2",CODS38.webp,"1"" 1/2",1.0,0.7071,494,ok,Guardado con lado_destino=494px (factor=0.7071)
CODS32,"CODO SOLDABLE 1"" 1/4",CODS32.webp,"1"" 1/4",1.0,0.7071,494,ok,Guardado con lado_destino=494px (factor=0.7071)
CODS64,"CODO SOLDABLE 2"" 1/2",CODS64.webp,"2"" 1/2",2.0,1.0,700,ok,Guardado con lado_destino=700px (factor=1.0)
REMA42,REMACHE POP 42,REMA42.webp,,42.0,0.7859,550,ok,Guardado con lado_destino=550px (factor=0.7859)
REMA44,REMACHE POP 44,REMA44.webp,,44.0,0.8044,563,ok,Guardado con lado_destino=563px (factor=0.8044)
REMA46,REMACHE POP 46,REMA46.webp,,46.0,0.8225,575,ok,Guardado con lado_destino=575px (factor=0.8225)
REMA48,REMACHE POP 48,REMA48.webp,,48.0,0.8402,588,ok,Guardado con lado_destino=588px (factor=0.8402)
REMA52,REMACHE POP 52,REMA52.webp,,52.0,0.8745,612,ok,Guardado con lado_destino=612px (factor=0.8745)
REMA54,REMACHE POP 54,REMA54.webp,,54.0,0.8911,623,ok,Guardado con lado_destino=623px (factor=0.8911)
REMA56,REMACHE POP 56,REMA56.webp,,56.0,0.9075,635,ok,Guardado con lado_destino=635px (factor=0.9075)
REMA58,REMACHE POP 58,REMA58.webp,,58.0,0.9235,646,ok,Guardado con lado_destino=646px (factor=0.9235)
REMA64,REMACHE POP 64,REMA64.webp,,64.0,0.9701,679,ok,Guardado con lado_destino=679px (factor=0.9701)
REMA66,REMACHE POP 66,REMA66.webp,,66.0,0.9852,689,ok,Guardado con lado_destino=689px (factor=0.9852)
REMA68,REMACHE POP 68,REMA68.webp,,68.0,1.0,700,ok,Guardado con lado_destino=700px (factor=1.0)
REMA610LF,REMACHE POP 610 LF,REMA610LF.webp,,610.0,1.0,700,ok,Guardado con lado_destino=700px (factor=1.0)
REMA66LF,REMACHE POP 66 LF,REMA66LF.webp,,66.0,0.3289,230,ok,Guardado con lado_destino=230px (factor=0.3289)
REMA68LF,REMACHE POP 68 LF,REMA68LF.webp,,68.0,0.3339,233,ok,Guardado con lado_destino=233px (factor=0.3339)
SM6,"SUJETADOR MARIPOSA 1/4""",SM6.webp,"1/4"" 1/4",0.25,1.0,700,ok,Guardado con lado_destino=700px (factor=1.0)
SM5,"SUJETADOR MARIPOSA 3/16""",SM5.webp,"3/16"" 3/16",0.1875,0.866,606,ok,Guardado con lado_destino=606px (factor=0.866)
TAQANC1/4,TAQUETE ANCLA 1/4,TAQANC1-4.webp,1/4,0.25,0.8165,571,ok,Guardado con lado_destino=571px (factor=0.8165)
TAQA3/8,TAQUETE ANCLA 3/8,TAQA3-8.webp,3/8,0.375,1.0,700,ok,Guardado con lado_destino=700px (factor=1.0)
TAQA5/16,TAQUETE ANCLA 5/16,TAQA5-16.webp,5/16,0.3125,0.9129,639,ok,Guardado con lado_destino=639px (factor=0.9129)
TAQPLAS6,"TAQUETE DE PLASTICO 1/4""",TAQPLAS6.webp,"1/4"" 1/4",0.25,0.8944,626,ok,Guardado con lado_destino=626px (factor=0.8944)
TAQPLAS8,"TAQUETE DE PLASTICO 5/16""",TAQPLAS8.webp,"5/16"" 5/16",0.3125,1.0,700,ok,Guardado con lado_destino=700px (factor=1.0)
TAQEX1/2,"TAQUETE EXPANSIVO 1/2"" -Z",TAQEX1-2.webp,"1/2"" 1/2",0.5,1.0,700,ok,Guardado con lado_destino=700px (factor=1.0)
TAQEXP1/4,"TAQUETE EXPANSIVO 1/4"" -Z",TAQEXP1-4.webp,"1/4"" 1/4",0.25,0.7071,494,ok,Guardado con lado_destino=494px (factor=0.7071)
TAQEXP3/16,"TAQUETE EXPANSIVO 3/16"" -Z",TAQEXP3-16.webp,"3/16"" 3/16",0.1875,0.6124,428,ok,Guardado con lado_destino=428px (factor=0.6124)
TAQEXP3/8,"TAQUETE EXPANSIVO 3/8"" -Z",TAQEXP3-8.webp,"3/8"" 3/8",0.375,0.866,606,ok,Guardado con lado_destino=606px (factor=0.866)
"BROIRW1""","BROCA P/FO. 1"" C/ZANCO DE 1/2"" IRWIN(018694)",BROIRW1.webp,"1"" 1/2"" 1/2",1.0,1.0,700,ok,Guardado con lado_destino=700px (factor=1.0)
"BROIRW3/4""","BROCA P/FO. 3/4"" C/ZANCO DE 1/2"" IRWIN(012166)",BROIRW3-4.webp,"3/4"" 1/2"" 3/4 1/2",0.75,0.866,606,ok,Guardado con lado_destino=606px (factor=0.866)
"BROIRW5/8""","BROCA P/FO. 5/8"" C/ZANCO DE 1/2"" IRWIN(012163)",BROIRW5-8.webp,"5/8"" 1/2"" 5/8 1/2",0.625,0.7906,553,ok,Guardado con lado_destino=553px (factor=0.7906)
"BROIRW7/8""","BROCA P/FO. 7/8"" C/ZANCO DE 1/2"" IRWIN",BROIRW7-8.webp,"7/8"" 1/2"" 7/8 1/2",0.875,0.9354,654,ok,Guardado con lado_destino=654px (factor=0.9354)
"BROIRW1/16""","BROCA P/FO. 1/16"" IRWIN (012742)",BROIRW1-16.webp,"1/16"" 1/16",0.0625,0.3162,221,ok,Guardado con lado_destino=221px (factor=0.3162)
"BROIRW1/2""","BROCA P/FO. 1/2"" IRWIN (012801)",BROIRW1-2.webp,"1/2"" 1/2",0.5,0.8944,626,ok,Guardado con lado_destino=626px (factor=0.8944)
BROIRW1/4,"BROCA P/FO. 1/4"" IRWIN(012790)",BROIRW1-4.webp,"1/4"" 1/4",0.25,0.6325,442,ok,Guardado con lado_destino=442px (factor=0.6325)
"BROIRW1/8""","BROCA P/FO. 1/8"" IRWIN(012754)",BROIRW1-8.webp,"1/8"" 1/8",0.125,0.4472,313,ok,Guardado con lado_destino=313px (factor=0.4472)
"BROIRW11/32""","BROCA P/FO. 11/32"" IRWIN (012932)",BROIRW11-32.webp,"11/32"" 11/32",0.34375,0.7416,519,ok,Guardado con lado_destino=519px (factor=0.7416)
"BROIRW11/64""","BROCA P/FO. 11/64"" IRWIN (012774)",BROIRW11-64.webp,"11/64"" 11/64",0.171875,0.5244,367,ok,Guardado con lado_destino=367px (factor=0.5244)
"BROIRW13/64""","BROCA P/FO. 13/64"" IRWIN (012777)",BROIRW13-64.webp,"13/64"" 13/64",0.203125,0.5701,399,ok,Guardado con lado_destino=399px (factor=0.5701)
"BROIRW15/64""","BROCA P/FO. 15/64"" IRWIN (012789)",BROIRW15-64.webp,"15/64"" 15/64",0.234375,0.6124,428,ok,Guardado con lado_destino=428px (factor=0.6124)
"BROIRW17/64""","BROCA P/FO. 17/64"" IRWIN (012930)",BROIRW17-64.webp,"17/64"" 17/64",0.265625,0.6519,456,ok,Guardado con lado_destino=456px (factor=0.6519)
"BROIRW19/64""","BROCA P/FO. 19/64"" IRWIN (012793)",BROIRW19-64.webp,"19/64"" 19/64",0.296875,0.6892,482,ok,Guardado con lado_destino=482px (factor=0.6892)
BROIRW21/64,"BROCA P/FO. 21/64""IRWIN (012931)",BROIRW21-64.webp,"21/64"" 21/64",0.328125,0.7246,507,ok,Guardado con lado_destino=507px (factor=0.7246)
BROIRW27/64,"BROCA P/FO. 27/64"" IRWIN (012131)",BROIRW27-64.webp,"27/64"" 27/64",0.421875,0.8216,575,ok,Guardado con lado_destino=575px (factor=0.8216)
"BROIRW3/16""","BROCA P/FO. 3/16"" IRWIN(012776)",BROIRW3-16.webp,"3/16"" 3/16",0.1875,0.5477,383,ok,Guardado con lado_destino=383px (factor=0.5477)
"BROIRW3/32""","BROCA P/FO. 3/32"" IRWIN (012746)",BROIRW3-32.webp,"3/32"" 3/32",0.09375,0.3873,271,ok,Guardado con lado_destino=271px (factor=0.3873)
"BROIRW3/64""","BROCA P/FO. 3/64"" IRWIN (012130)",BROIRW3-64.webp,"3/64"" 3/64",0.046875,0.2739,191,skip,Foto no encontrada: /home/rodrigo/Documentos/ProyectosVisual/Catalogo_Digital_Aceros_Pe-ascal/catalogo-web/fotos/BROIRW3-64.webp
"BROIRW3/8""","BROCA P/FO. 3/8"" IRWIN (012797)",BROIRW3-8.webp,"3/8"" 3/8",0.375,0.7746,542,ok,Guardado con lado_destino=542px (factor=0.7746)
"BROIRW5/16""","BROCA P/FO. 5/16"" IRWIN(012796)",BROIRW5-16.webp,"5/16"" 5/16",0.3125,0.7071,494,ok,Guardado con lado_destino=494px (factor=0.7071)
"BROIRW5/32""","BROCA P/FO. 5/32"" IRWIN(012773)",BROIRW5-32.webp,"5/32"" 5/32",0.15625,0.5,350,ok,Guardado con lado_destino=350px (factor=0.5)
"BROIRW5/64""","BROCA P/FO. 5/64"" IRWIN (018539)",BROIRW5-64.webp,"5/64"" 5/64",0.078125,0.3536,247,ok,Guardado con lado_destino=247px (factor=0.3536)
BROIRW5/8,"BROCA P/FO. 5/8"" IRWIN (034018)",BROIRW5-8-1.webp,"5/8"" 5/8",0.625,1.0,700,ok,Guardado con lado_destino=700px (factor=1.0)
"BROIRW7/16""","BROCA P/FO. 7/16"" IRWIN (012798)",BROIRW7-16.webp,"7/16"" 7/16",0.4375,0.8367,585,ok,Guardado con lado_destino=585px (factor=0.8367)
"BROIRW7/32""","BROCA P/FO. 7/32"" IRWIN (012788)",BROIRW7-32.webp,"7/32"" 7/32",0.21875,0.5916,414,ok,Guardado con lado_destino=414px (factor=0.5916)
"BROIRW7/64""","BROCA P/FO. 7/64"" IRWIN (012747)",BROIRW7-64.webp,"7/64"" 7/64",0.109375,0.4183,292,ok,Guardado con lado_destino=292px (factor=0.4183)
"BROIRW9/32""","BROCA P/FO. 9/32"" IRWIN (014000)",BROIRW9-32.webp,"9/32"" 9/32",0.28125,0.6708,469,ok,Guardado con lado_destino=469px (factor=0.6708)
"BROIRW9/64""","BROCA P/FO. 9/64"" IRWIN(012756)",BROIRW9-64.webp,"9/64"" 9/64",0.140625,0.4743,332,ok,Guardado con lado_destino=332px (factor=0.4743)
BROCIRW1/2,BROCA P/FO. COBALTO 1/2¨ IRWIN(050585),BROCIRW1-2.webp,1/2,0.5,1.0,700,ok,Guardado con lado_destino=700px (factor=1.0)
BROCIRW1/4,BROCA P/FO. COBALTO 1/4¨ IRWIN,BROCIRW1-4.webp,1/4,0.25,0.7071,494,ok,Guardado con lado_destino=494px (factor=0.7071)
BROCIRW1/8,BROCA P/FO. COBALTO 1/8¨ IRWIN,BROCIRW1-8.webp,1/8,0.125,0.5,350,ok,Guardado con lado_destino=350px (factor=0.5)
BROCIRW3/16,BROCA P/FO. COBALTO 3/16¨ IRWIN,BROCIRW3-16.webp,3/16,0.1875,0.6124,428,ok,Guardado con lado_destino=428px (factor=0.6124)
BROCIRW3/8,BROCA P/FO. COBALTO 3/8¨ IRWIN,BROCIRW3-8.webp,3/8,0.375,0.866,606,ok,Guardado con lado_destino=606px (factor=0.866)
BROCIRW5/16,BROCA P/FO. COBALTO 5/16¨ IRWIN,BROCIRW5-16.webp,5/16,0.3125,0.7906,553,ok,Guardado con lado_destino=553px (factor=0.7906)
BROCA19/64,"BROCA P/FO. DE 19/64"" IRWIN",BROCA19-64.webp,"19/64"" 19/64",0.296875,0.8718,610,ok,Guardado con lado_destino=610px (factor=0.8718)
BROCA25/64,"BROCA P/FO. DE 25/64"" IRWIN",BROCA25-64.webp,"25/64"" 25/64",0.390625,1.0,700,ok,Guardado con lado_destino=700px (factor=1.0)
BROCON1/2X12D24446,"BROCA PARA CONCRETO   MAK 1/2"" X 12"" D24446",BROCON1-2X12D24446.webp,"1/2"" 12"" 1/2",12.0,1.0,700,ok,Guardado con lado_destino=700px (factor=1.0)
BROCON1/2X6D24430,"BROCA PARA CONCRETO   MAK 1/2"" X 6"" D24430",BROCON1-2X6D24430.webp,"1/2"" 6"" 1/2",6.0,0.7071,494,ok,Guardado con lado_destino=494px (factor=0.7071)
BROCON3/8X6D24402,"BROCA PARA CONCRETO   MAK 3/8"" X 6"" D24402",BROCON3-8X6D24402.webp,"3/8"" 6"" 3/8",6.0,0.7071,494,ok,Guardado con lado_destino=494px (factor=0.7071)
BROCON5/16X12D24393,"BROCA PARA CONCRETO   MAK 5/16"" X 12"" D24393",BROCON5-16X12D24393.webp,"5/16"" 12"" 5/16",12.0,1.0,700,ok,Guardado con lado_destino=700px (factor=1.0)
BROCON1/4X6D24365,"BROCA PARA CONCRETO  MAK  1/4"" X 6"" D24365",BROCON1-4X6D24365.webp,"1/4"" 6"" 1/4",6.0,0.7071,494,ok,Guardado con lado_destino=494px (factor=0.7071)
BROCON3/8X12D24418,"BROCA PARA CONCRETO  MAK  3/8"" X 12"" D24418",BROCON3-8X12D24418.webp,"3/8"" 12"" 3/8",12.0,1.0,700,ok,Guardado con lado_destino=700px (factor=1.0)
BROCON1/4X 12D24371,"BROCA PARA CONCRETO  MAK 1/4"" X 12""D24371",BROCON1-4X-12D24371.webp,"1/4"" 12"" 1/4",12.0,1.0,700,ok,Guardado con lado_destino=700px (factor=1.0)
BROCON5/16X6D24387,"BROCA PARA CONCRETO  MAK 5/16"" X 6"" D24387",BROCON5-16X6D24387.webp,"5/16"" 6"" 5/16",6.0,0.7071,494,ok,Guardado con lado_destino=494px (factor=0.7071)
BROCON1/4X4D24359,"BROCA PARA CONCRETO MAK   1/4"" X 4"" D24359",BROCON1-4X4D24359.webp,"1/4"" 4"" 1/4",4.0,0.5774,404,ok,Guardado con lado_destino=404px (factor=0.5774)
BROCON1/2X6D00963,"BROCA PARA CONCRETO   SDS MAK 1/2""X 6"" 1/4"" D00963",BROCON1-2X6D00963.webp,"1/2"" 6"" 1/4"" 1/2 1/4",6.0,0.7071,494,ok,Guardado con lado_destino=494px (factor=0.7071)
BROCON1/4X4D00860,"BROCA PARA CONCRETO   SDS MAK 1/4""X 4"" 1/2"" D00860",BROCON1-4X4D00860.webp,"1/4"" 4"" 1/2"" 1/4 1/2",4.0,0.5774,404,ok,Guardado con lado_destino=404px (factor=0.5774)
BROCON3/4X12D01046,"BROCA PARA CONCRETO   SDS MAK 3/4""X 12"" D01046",BROCON3-4X12D01046.webp,"3/4"" 12"" 3/4",12.0,1.0,700,ok,Guardado con lado_destino=700px (factor=1.0)
BROCON3/16X6D00832,"BROCA PARA CONCRETO   SDS MAK 3/16""X 6"" 1/4 D00832",BROCON3-16X6D00832.webp,"3/16"" 6"" 3/16 1/4",6.0,0.7071,494,ok,Guardado con lado_destino=494px (factor=0.7071)
BROCON3/8X12D000935,"BROCA PARA CONCRETO   SDS MAK 3/8""X 12"" 1/8 D00935",BROCON3-8X12D000935.webp,"3/8"" 12"" 3/8 1/8",12.0,1.0,700,ok,Guardado con lado_destino=700px (factor=1.0)
BROCON9/16X6D00985,"BROCA PARA CONCRETO   SDS MAK 9/16""X 6"" 1/2 D00985",BROCON9-16X6D00985.webp,"9/16"" 6"" 9/16 1/2",6.0,0.7071,494,ok,Guardado con lado_destino=494px (factor=0.7071)
BROCON1/4X6D008876,"BROCA PARA CONCRETO SDS MAK  1/4"" X 6"" 1/4 D00876",BROCON1-4X6D008876.webp,"1/4"" 6"" 1/4",6.0,0.7071,494,ok,Guardado con lado_destino=494px (factor=0.7071)
BROCON3/8X6D000929,"BROCA PARA CONCRETO   SDS MAK 3/8""X ""6 1/4 D00929",BROCON3-8X6D000929.webp,"3/8"" 3/8 1/4",0.375,1.0,700,ok,Guardado con lado_destino=700px (factor=1.0)
BROCON5/16X6D00907,"BROCA PARA CONCRETO   SDS MAK 5/16""X ""6 1/4 D00907",BROCON5-16X6D00907.webp,"5/16"" 5/16 1/4",0.3125,0.9129,639,ok,Guardado con lado_destino=639px (factor=0.9129)
32135,BROQUERO DE 1/2 C/LLAVE HITOOLS(032135),32135.webp,1/2,0.5,1.0,700,ok,Guardado con lado_destino=700px (factor=1.0)
32136,BROQUERO DE 3/8 C/LLAVE HITOOLS(032136),32136.webp,3/8,0.375,0.866,606,ok,Guardado con lado_destino=606px (factor=0.866)
CINAIS3M-013000,"CINTA AISLAR TEMFLEX 3.4"" X 18 M (3M)(013000)",CINAIS3M-013000.webp,"4"" 18 M 3M",18.0,1.0,700,ok,Guardado con lado_destino=700px (factor=1.0)
CINAIS3M,"CINTA AISLAR TEMFLEX 3.4"" X 18 M (3M)(143451)",CINAIS3M.webp,"4"" 18 M 3M",18.0,1.0,700,ok,Guardado con lado_destino=700px (factor=1.0)
CINTRA032211,CINTA EMPACAR TRANSP. 48MMX150M HITOOLS (032211),CINTRA032211.webp,150M,150.0,1.0,700,ok,Guardado con lado_destino=700px (factor=1.0)
CINTRA032212,CINTA EMPACAR TRANSP. 72MMX150M HITOOLS (032212),CINTRA032212.webp,150M,150.0,1.0,700,ok,Guardado con lado_destino=700px (factor=1.0)
CINPEN10CM,CINTA TAPAGOTERAS PENNSYL. 10 CM. (021202),CINPEN10CM.webp,10 CM,10.0,1.0,700,ok,Guardado con lado_destino=700px (factor=1.0)
CINPEN5CM,CINTA TAPAGOTERAS PENNSYL. 5 CM.,CINPEN5CM.webp,5 CM,5.0,0.7071,494,ok,Guardado con lado_destino=494px (factor=0.7071)
DFANDG4041/2,"DISCO LAMINADO FANDELI GRANO 40 4 1/2""(046063)",DFANDG4041-2.webp,"4 1/2"" 1/2",4.0,1.0,700,ok,Guardado con lado_destino=700px (factor=1.0)
64814,"DISCO LAMINADO FANDELI GRANO 40 4 1/2""(64814)",64814.webp,"4 1/2"" 1/2",4.0,1.0,700,ok,Guardado con lado_destino=700px (factor=1.0)
DFANDG6041/2,"DISCO LAMINADO FANDELI GRANO 60 4 1/2""(046064)",DFANDG6041-2.webp,"4 1/2"" 1/2",4.0,1.0,700,ok,Guardado con lado_destino=700px (factor=1.0)
DFANDG8041/2,"DISCO LAMINADO FANDELI GRANO 80 4 1/2""(046065)",DFANDG8041-2.webp,"4 1/2"" 1/2",4.0,1.0,700,ok,Guardado con lado_destino=700px (factor=1.0)
DA60P,DISCO PFERD A60 4 1/2 ACERO INOX.(004642),DA60P.webp,1/2,0.5,1.0,700,ok,Guardado con lado_destino=700px (factor=1.0)
DA60I,DISCO PFERD A60 4 1/2 ACERO INOX.(020733),DA60I.webp,1/2,0.5,1.0,700,ok,Guardado con lado_destino=700px (factor=1.0)
DG40PFERC41/2,"DISCO PFERD GRANO 40 4 1/2"" POLIFAN (031785)",DG40PFERC41-2.webp,"4 1/2"" 1/2",4.0,1.0,700,ok,Guardado con lado_destino=700px (factor=1.0)
DG60PFER41/2,"DISCO PFERD GRANO 60 4 1/2""POLIFAN (031628)",DG60PFER41-2.webp,"4 1/2"" 1/2",4.0,1.0,700,ok,Guardado con lado_destino=700px (factor=1.0)
DG80PFER41/2,"DISCO PFERD GRANO 80 4 1/2"" POLIFAN (034338)",DG80PFER41-2.webp,"4 1/2"" 1/2",4.0,1.0,700,ok,Guardado con lado_destino=700px (factor=1.0)
33610,JGO. RIEL CAJON TELESC. 25CM  3601  (33610),33610.webp,25CM,25.0,0.7071,494,ok,Guardado con lado_destino=494px (factor=0.7071)
33611,JGO. RIEL CAJON TELESC. 30 CM 3602 (033611),33611.webp,30 CM,30.0,0.7746,542,ok,Guardado con lado_destino=542px (factor=0.7746)
15377,JGO. RIEL CAJON TELESC. 35 CM 3603  (015377),15377.webp,35 CM,35.0,0.8367,585,ok,Guardado con lado_destino=585px (factor=0.8367)
14512,JGO. RIEL CAJON TELESC. 40 CM 3604 (014512),14512.webp,40 CM,40.0,0.8944,626,ok,Guardado con lado_destino=626px (factor=0.8944)
15378,JGO. RIEL CAJON TELESC. 45 CM 3605  (015378),15378.webp,45 CM,45.0,0.9487,664,ok,Guardado con lado_destino=664px (factor=0.9487)
15379,JGO. RIEL CAJON TELESC. 50 CM 3606 (015379),15379.webp,50 CM,50.0,1.0,700,ok,Guardado con lado_destino=700px (factor=1.0)
MANDRIL21836,"MANDRIL P/CORTACIRCULOS 1 1/4"" A 6"" MAK. (21836)",MANDRIL21836.webp,"1 1/4"" 6"" 1/4",6.0,1.0,700,ok,Guardado con lado_destino=700px (factor=1.0)
MANDRIL21820,"MANDRIL P/CORTACIRCULOS 9/16"" A 1 1/8"" MAK.(21820)",MANDRIL21820.webp,"9/16"" 1 1/8"" 9/16 1/8",1.0,0.4082,285,ok,Guardado con lado_destino=285px (factor=0.4082)
1905649,"PINZA ELECTRICISTA 8"" IRWIN (1905649)",1905649.webp,"8""",8.0,0.9428,659,ok,Guardado con lado_destino=659px (factor=0.9428)
1905650,"PINZA ELECTRICISTA 9"" IRWIN (1905650)",1905650.webp,"9""",9.0,1.0,700,ok,Guardado con lado_destino=700px (factor=1.0)
2934,"PORTA CANDADO GALVANIZADO 2 1/2"" (002934)",2934.webp,"2 1/2"" 1/2",2.0,0.8165,571,ok,Guardado con lado_destino=571px (factor=0.8165)
2936,"PORTA CANDADO GALVANIZADO 3"" (002936)",2936.webp,"3""",3.0,1.0,700,ok,Guardado con lado_destino=700px (factor=1.0)
"RUEPLA2""","RUEDA GIRATORIA PLANA 2"" ROJA HITOOLS (004532)",RUEPLA2.webp,"2""",2.0,0.7071,494,ok,Guardado con lado_destino=494px (factor=0.7071)
"RUEPLA3""","RUEDA GIRATORIA PLANA 3"" ROJA HITOOLS (004533)",RUEPLA3.webp,"3""",3.0,0.866,606,ok,Guardado con lado_destino=606px (factor=0.866)
"RUEPLA4""","RUEDA GIRATORIA PLANA 4"" ROJA HITOOLS(004534)",RUEPLA4.webp,"4""",4.0,1.0,700,ok,Guardado con lado_destino=700px (factor=1.0)
"RUEDIA6""-5090","RUEDA PARA DIABLO BAL-D 6"" (005090)",RUEDIA6-5090.webp,"6""",6.0,0.7746,542,ok,Guardado con lado_destino=542px (factor=0.7746)
"RUEDIA8""-5092","RUEDA PARA DIABLO BAL-D 8"" (005092)",RUEDIA8-5092.webp,"8""",8.0,0.8944,626,ok,Guardado con lado_destino=626px (factor=0.8944)
"RUEDIA10""-5093","RUEDA PARA DIABLO BAL-D10"" ( 005093 )",RUEDIA10-5093.webp,"10""",10.0,1.0,700,ok,Guardado con lado_destino=700px (factor=1.0)
"SEGL8""-10DPP",SEGUETA LENOX (10DPP 810R),SEGL8-10DPP.webp,,810.0,1.0,700,ok,Guardado con lado_destino=700px (factor=1.0)
"SEGL6""-24DPP",SEGUETA LENOX (24DPP 624R),SEGL6-24DPP.webp,,624.0,0.8777,614,ok,Guardado con lado_destino=614px (factor=0.8777)
"SEGLE6""","SEGUETA LENOX 6"" (18DPP 618R)",SEGLE6.webp,"6""",6.0,0.0861,150,ok,Guardado con lado_destino=150px (factor=0.0861)
"SEGL8""-18DPP","SEGUETA LENOX 8"" (18DPP 818R)",SEGL8-18DPP.webp,"8""",8.0,0.0994,150,ok,Guardado con lado_destino=150px (factor=0.0994)
"SICOL1""","SIERRA CORTACIRCULOS BIMETAL 1"" (16L-30016)",SICOL1.webp,"1""",1.0,0.5774,404,ok,Guardado con lado_destino=404px (factor=0.5774)
"SICOL2""","SIERRA CORTACIRCULOS BIMETAL 2"" (32L-30032)",SICOL2.webp,"2""",2.0,0.8165,571,ok,Guardado con lado_destino=571px (factor=0.8165)
"SICOL3""","SIERRA CORTACIRCULOS BIMETAL 3"" (48L 30048)",SICOL3.webp,"3""",3.0,1.0,700,ok,Guardado con lado_destino=700px (factor=1.0)
"SICOL7/8""","SIERRA CORTACIRCULOS BIMETAL 7/8"" (14L 30014 )",SICOL7-8.webp,"7/8"" 7/8",0.875,0.5401,378,ok,Guardado con lado_destino=378px (factor=0.5401)
"SICOL1""1/2","SIERRA CORTACIRCULOS BIMETAL 1""1/2 (24L- 30024)",SICOL1-1-2.webp,"1"" 1/2",1.0,0.7071,494,ok,Guardado con lado_destino=494px (factor=0.7071)
"SICOL1""1/4","SIERRA CORTACIRCULOS BIMETAL 1""1/4 (20L- 30020)",SICOL1-1-4.webp,"1"" 1/4",1.0,0.7071,494,ok,Guardado con lado_destino=494px (factor=0.7071)
"SICOL1""1/8","SIERRA CORTACIRCULOS BIMETAL 1""1/8 (18L- 30018)",SICOL1-1-8.webp,"1"" 1/8",1.0,0.7071,494,ok,Guardado con lado_destino=494px (factor=0.7071)
"SICOL1""3/4","SIERRA CORTACIRCULOS BIMETAL 1""3/4 (28L- 30028)",SICOL1-3-4.webp,"1"" 3/4",1.0,0.7071,494,ok,Guardado con lado_destino=494px (factor=0.7071)
"SICOL1""3/8","SIERRA CORTACIRCULOS BIMETAL 1""3/8 (22L- 30022)",SICOL1-3-8.webp,"1"" 3/8",1.0,0.7071,494,ok,Guardado con lado_destino=494px (factor=0.7071)
"SICOL2""1/2","SIERRA CORTACIRCULOS BIMETAL 2""1/2 (40L- 30040)",SICOL2-1-2.webp,"2"" 1/2",2.0,1.0,700,ok,Guardado con lado_destino=700px (factor=1.0)
"SICOL2""1/8","SIERRA CORTACIRCULOS BIMETAL 2""1/8 (34L- 30034 )",SICOL2-1-8.webp,"2"" 1/8",2.0,1.0,700,ok,Guardado con lado_destino=700px (factor=1.0)
CGN5,"CANASTA O PIÑA GRIEGA No.5 P/ 5/8""",CGN5.webp,"5/8"" 5/8",0.625,1.0,700,ok,Guardado con lado_destino=700px (factor=1.0)
CGN6,"CANASTA O PIÑA GRIEGA NO.6 P/ 5/8""",CGN6.webp,"5/8"" 5/8",0.625,1.0,700,ok,Guardado con lado_destino=700px (factor=1.0)
CGN7,"CANASTA O PIÑA GRIEGA NO.7 P/5/8""",CGN7.webp,"5/8"" 5/8",0.625,1.0,700,ok,Guardado con lado_destino=700px (factor=1.0)
CHSOL2,"CHAPETON SOL NO.2 (3"")",CHSOL2.webp,"3""",3.0,1.0,700,ok,Guardado con lado_destino=700px (factor=1.0)
CHSOL3,"CHAPETON SOL NO.3 (3""3/16)",CHSOL3.webp,"3"" 3/16",3.0,1.0,700,ok,Guardado con lado_destino=700px (factor=1.0)
CUCF13,"CUELLO CUADRADO FORJADO 1/2""",CUCF13.webp,"1/2"" 1/2",0.5,0.8944,626,ok,Guardado con lado_destino=626px (factor=0.8944)
CUCF16,"CUELLO CUADRADO FORJADO 5/8""",CUCF16.webp,"5/8"" 5/8",0.625,1.0,700,ok,Guardado con lado_destino=700px (factor=1.0)
E1P25,"ESFERA 1 PERF. 1""",E1P25.webp,"1""",1.0,0.5774,404,ok,Guardado con lado_destino=404px (factor=0.5774)
E1P50,"ESFERA 1 PERF. 2""",E1P50.webp,"2""",2.0,0.8165,571,ok,Guardado con lado_destino=571px (factor=0.8165)
E1P75,"ESFERA 1 PERF. 3""",E1P75.webp,"3""",3.0,1.0,700,ok,Guardado con lado_destino=700px (factor=1.0)
E1P19,"ESFERA 1 PERF. 3/4""",E1P19.webp,"3/4"" 3/4",0.75,0.5,350,ok,Guardado con lado_destino=350px (factor=0.5)
E2P38,"ESFERA 2 PERF. 1 1/2""",E2P38.webp,"1 1/2"" 1/2",1.0,0.5774,404,ok,Guardado con lado_destino=404px (factor=0.5774)
E2P50,"ESFERA 2 PERF. 2""",E2P50.webp,"2""",2.0,0.8165,571,ok,Guardado con lado_destino=571px (factor=0.8165)
FIG-C15M,FIGURA DE CUAD. MART. C-15M,FIG-C15M.webp,15M,15.0,1.0,700,ok,Guardado con lado_destino=700px (factor=1.0)
FIG-C3M,FIGURA DE CUAD. MART. C-3M,FIG-C3M.webp,3M,3.0,0.4472,313,ok,Guardado con lado_destino=313px (factor=0.4472)
FIG-C7M,FIGURA DE CUAD. MART. C-7M,FIG-C7M.webp,7M,7.0,0.6831,478,ok,Guardado con lado_destino=478px (factor=0.6831)
FIG-B5,"FIGURA DE CUADRADO 1/2"" B-5",FIG-B5.webp,"1/2"" 1/2",0.5,0.5,350,ok,Guardado con lado_destino=350px (factor=0.5)
FIG-B7,"FIGURA DE CUADRADO 1/2"" B-7",FIG-B7.webp,"1/2"" 1/2",0.5,0.5,350,ok,Guardado con lado_destino=350px (factor=0.5)
FIGB-2,FIGURA DE CUADRADO B-2,FIGB-2.webp,,2.0,1.0,700,skip,Foto no encontrada: /home/rodrigo/Documentos/ProyectosVisual/Catalogo_Digital_Aceros_Pe-ascal/catalogo-web/fotos/FIGB-2.webp
FIG-C1,"FIGURA DE CUADRADO 1/2"" C-1",FIG-C1.webp,"1/2"" 1/2",0.5,1.0,700,ok,Guardado con lado_destino=700px (factor=1.0)
FIG-C10,"FIGURA DE CUADRADO 1/2"" C-10",FIG-C10.webp,"1/2"" 1/2",0.5,1.0,700,ok,Guardado con lado_destino=700px (factor=1.0)
FIG-C11,"FIGURA DE CUADRADO 1/2"" C-11",FIG-C11.webp,"1/2"" 1/2",0.5,1.0,700,skip,Foto no encontrada: /home/rodrigo/Documentos/ProyectosVisual/Catalogo_Digital_Aceros_Pe-ascal/catalogo-web/fotos/FIG-C11.webp
FIG-C14,"FIGURA DE CUADRADO 1/2"" C-14",FIG-C14.webp,"1/2"" 1/2",0.5,1.0,700,skip,Foto no encontrada: /home/rodrigo/Documentos/ProyectosVisual/Catalogo_Digital_Aceros_Pe-ascal/catalogo-web/fotos/FIG-C14.webp
FIG-C15,"FIGURA DE CUADRADO 1/2"" C-15",FIG-C15.webp,"1/2"" 1/2",0.5,1.0,700,skip,Foto no encontrada: /home/rodrigo/Documentos/ProyectosVisual/Catalogo_Digital_Aceros_Pe-ascal/catalogo-web/fotos/FIG-C15.webp
FIG-C16,"FIGURA DE CUADRADO 1/2"" C-16",FIG-C16.webp,"1/2"" 1/2",0.5,1.0,700,skip,Foto no encontrada: /home/rodrigo/Documentos/ProyectosVisual/Catalogo_Digital_Aceros_Pe-ascal/catalogo-web/fotos/FIG-C16.webp
FIG-C5,"FIGURA DE CUADRADO 1/2"" C-5",FIG-C5.webp,"1/2"" 1/2",0.5,1.0,700,skip,Foto no encontrada: /home/rodrigo/Documentos/ProyectosVisual/Catalogo_Digital_Aceros_Pe-ascal/catalogo-web/fotos/FIG-C5.webp
FIG-C7,"FIGURA DE CUADRADO 1/2"" C-7",FIG-C7.webp,"1/2"" 1/2",0.5,1.0,700,ok,Guardado con lado_destino=700px (factor=1.0)
FIG-C8,"FIGURA DE CUADRADO 1/2"" C-8",FIG-C8.webp,"1/2"" 1/2",0.5,1.0,700,skip,Foto no encontrada: /home/rodrigo/Documentos/ProyectosVisual/Catalogo_Digital_Aceros_Pe-ascal/catalogo-web/fotos/FIG-C8.webp
FIG-C9,"FIGURA DE CUADRADO 1/2"" C-9",FIG-C9.webp,"1/2"" 1/2",0.5,1.0,700,ok,Guardado con lado_destino=700px (factor=1.0)
FIGSOLA1,"FIGURA DE SOLERA ""A"" (1) 20 X 8.0 CMS.",FIGSOLA1.webp,20 X 8.0,20.0,1.0,700,skip,Foto no encontrada: /home/rodrigo/Documentos/ProyectosVisual/Catalogo_Digital_Aceros_Pe-ascal/catalogo-web/fotos/FIGSOLA1.webp
FIGSOLA,"FIGURA DE SOLERA ""A"" 20 X 8.0 CMS.",FIGSOLA.webp,20 X 8.0,20.0,1.0,700,skip,Foto no encontrada: /home/rodrigo/Documentos/ProyectosVisual/Catalogo_Digital_Aceros_Pe-ascal/catalogo-web/fotos/FIGSOLA.webp
FIGSOLS1,"FIGURA DE SOLERA ""S"" (1) 31 X 8.0 CMS.",FIGSOLS1.webp,31 X 8.0,31.0,0.7249,507,skip,Foto no encontrada: /home/rodrigo/Documentos/ProyectosVisual/Catalogo_Digital_Aceros_Pe-ascal/catalogo-web/fotos/FIGSOLS1.webp
FIGSOLS,"FIGURA DE SOLERA ""S"" 59 X 8.0 CMS.",FIGSOLS.webp,59 X 8.0,59.0,1.0,700,skip,Foto no encontrada: /home/rodrigo/Documentos/ProyectosVisual/Catalogo_Digital_Aceros_Pe-ascal/catalogo-web/fotos/FIGSOLS.webp
FIGSOLW1,"FIGURA DE SOLERA ""W"" (1) 43 X 8.0 CMS.",FIGSOLW1.webp,43 X 8.0,43.0,0.8466,592,skip,Foto no encontrada: /home/rodrigo/Documentos/ProyectosVisual/Catalogo_Digital_Aceros_Pe-ascal/catalogo-web/fotos/FIGSOLW1.webp
FIGSOLW,"FIGURA DE SOLERA ""W"" 60 X 8.0 CMS.",FIGSOLW.webp,60 X 8.0,60.0,1.0,700,skip,Foto no encontrada: /home/rodrigo/Documentos/ProyectosVisual/Catalogo_Digital_Aceros_Pe-ascal/catalogo-web/fotos/FIGSOLW.webp
FLEP1,FLECHA PARKER 1,FLEP1.webp,,1.0,0.7071,494,ok,Guardado con lado_destino=494px (factor=0.7071)
FLEP2,FLECHA PARKER 2,FLEP2.webp,,2.0,1.0,700,ok,Guardado con lado_destino=700px (factor=1.0)
FLORROM1,FLOR ROMANA 1,FLORROM1.webp,,1.0,0.7071,494,ok,Guardado con lado_destino=494px (factor=0.7071)
FLORROM2,FLOR ROMANA 2,FLORROM2.webp,,2.0,1.0,700,ok,Guardado con lado_destino=700px (factor=1.0)
GRA1C25,"GRAPA 1 COSTILLA 1""",GRA1C25.webp,"1""",1.0,1.0,700,ok,Guardado con lado_destino=700px (factor=1.0)
GRA1C13,"GRAPA 1 COSTILLA 1/2""",GRA1C13.webp,"1/2"" 1/2",0.5,0.7071,494,ok,Guardado con lado_destino=494px (factor=0.7071)
GRA2C13,"GRAPA 2 COSTILLA 1/2""",GRA2C13.webp,"1/2"" 1/2",0.5,0.7071,494,ok,Guardado con lado_destino=494px (factor=0.7071)
MODC1,MODULO CONTEMPORANEO NO 1,MODC1.webp,,1.0,0.2582,180,skip,Foto no encontrada: /home/rodrigo/Documentos/ProyectosVisual/Catalogo_Digital_Aceros_Pe-ascal/catalogo-web/fotos/MODC1.webp
MODC15,MODULO CONTEMPORANEO NO 15,MODC15.webp,,15.0,1.0,700,skip,Foto no encontrada: /home/rodrigo/Documentos/ProyectosVisual/Catalogo_Digital_Aceros_Pe-ascal/catalogo-web/fotos/MODC15.webp
MODC2,MODULO CONTEMPORANEO NO 2,MODC2.webp,,2.0,0.3651,255,ok,Guardado con lado_destino=255px (factor=0.3651)
MODC3,MODULO CONTEMPORANEO NO 3,MODC3.webp,,3.0,0.4472,313,ok,Guardado con lado_destino=313px (factor=0.4472)
MODULO15,MODULO NO.15,MODULO15.webp,,15.0,0.7071,494,ok,Guardado con lado_destino=494px (factor=0.7071)
MODULO16,MODULO NO.16,MODULO16.webp,,16.0,0.7303,511,skip,Foto no encontrada: /home/rodrigo/Documentos/ProyectosVisual/Catalogo_Digital_Aceros_Pe-ascal/catalogo-web/fotos/MODULO16.webp
MODULO25,MODULO NO.25,MODULO25.webp,,25.0,0.9129,639,ok,Guardado con lado_destino=639px (factor=0.9129)
MODULO27,MODULO NO.27,MODULO27.webp,,27.0,0.9487,664,skip,Foto no encontrada: /home/rodrigo/Documentos/ProyectosVisual/Catalogo_Digital_Aceros_Pe-ascal/catalogo-web/fotos/MODULO27.webp
MODULO28,MODULO NO.28,MODULO28.webp,,28.0,0.9661,676,skip,Foto no encontrada: /home/rodrigo/Documentos/ProyectosVisual/Catalogo_Digital_Aceros_Pe-ascal/catalogo-web/fotos/MODULO28.webp
MODULO29,MODULO NO.29,MODULO29.webp,,29.0,0.9832,688,skip,Foto no encontrada: /home/rodrigo/Documentos/ProyectosVisual/Catalogo_Digital_Aceros_Pe-ascal/catalogo-web/fotos/MODULO29.webp
MODULO30,MODULO NO.30,MODULO30.webp,,30.0,1.0,700,skip,Foto no encontrada: /home/rodrigo/Documentos/ProyectosVisual/Catalogo_Digital_Aceros_Pe-ascal/catalogo-web/fotos/MODULO30.webp
MODULO5,MODULO NO.5,MODULO5.webp,,5.0,0.4082,285,skip,Foto no encontrada: /home/rodrigo/Documentos/ProyectosVisual/Catalogo_Digital_Aceros_Pe-ascal/catalogo-web/fotos/MODULO5.webp
PANT01,PANTALLA NO. 01 DE 1.22 X .61 CAL. 14,PANT01.webp,CAL. 14,14.0,1.0,700,skip,Foto no encontrada: /home/rodrigo/Documentos/ProyectosVisual/Catalogo_Digital_Aceros_Pe-ascal/catalogo-web/fotos/PANT01.webp
PANT02,PANTALLA NO. 02 DE 1.22 X .61 CAL. 14,PANT02.webp,CAL. 14,14.0,1.0,700,skip,Foto no encontrada: /home/rodrigo/Documentos/ProyectosVisual/Catalogo_Digital_Aceros_Pe-ascal/catalogo-web/fotos/PANT02.webp
PANT03,PANTALLA NO. 03 DE 1.22 X .61 CAL. 14,PANT03.webp,CAL. 14,14.0,1.0,700,skip,Foto no encontrada: /home/rodrigo/Documentos/ProyectosVisual/Catalogo_Digital_Aceros_Pe-ascal/catalogo-web/fotos/PANT03.webp
PANT04,PANTALLA NO. 04 DE 1.22 X .61 CAL. 14,PANT04.webp,CAL. 14,14.0,1.0,700,skip,Foto no encontrada: /home/rodrigo/Documentos/ProyectosVisual/Catalogo_Digital_Aceros_Pe-ascal/catalogo-web/fotos/PANT04.webp
PANT05,PANTALLA NO. 05 DE 1.22 X .61 CAL. 14,PANT05.webp,CAL. 14,14.0,1.0,700,skip,Foto no encontrada: /home/rodrigo/Documentos/ProyectosVisual/Catalogo_Digital_Aceros_Pe-ascal/catalogo-web/fotos/PANT05.webp
PANT06,PANTALLA NO. 06 DE 1.22 X .61 CAL. 14,PANT06.webp,CAL. 14,14.0,1.0,700,skip,Foto no encontrada: /home/rodrigo/Documentos/ProyectosVisual/Catalogo_Digital_Aceros_Pe-ascal/catalogo-web/fotos/PANT06.webp
PANT08,PANTALLA NO. 08 DE 1.22 X .61 CAL.14,PANT08.webp,CAL.14,14.0,1.0,700,skip,Foto no encontrada: /home/rodrigo/Documentos/ProyectosVisual/Catalogo_Digital_Aceros_Pe-ascal/catalogo-web/fotos/PANT08.webp
PANT09,PANTALLA NO. 09 DE 1.22 X .61 CAL.14,PANT09.webp,CAL.14,14.0,1.0,700,skip,Foto no encontrada: /home/rodrigo/Documentos/ProyectosVisual/Catalogo_Digital_Aceros_Pe-ascal/catalogo-web/fotos/PANT09.webp
PANT10,PANTALLA NO. 10 DE 1.22 X .61 CAL.14,PANT10.webp,CAL.14,14.0,1.0,700,skip,Foto no encontrada: /home/rodrigo/Documentos/ProyectosVisual/Catalogo_Digital_Aceros_Pe-ascal/catalogo-web/fotos/PANT10.webp
PANT011.22,PANTALLA NO. 01 DE 2.44 X 1.22 CAL. 14,PANT011-22.webp,CAL. 14 2.44 X 1.22,14.0,1.0,700,skip,Foto no encontrada: /home/rodrigo/Documentos/ProyectosVisual/Catalogo_Digital_Aceros_Pe-ascal/catalogo-web/fotos/PANT011-22.webp
PANT021.22,PANTALLA NO. 02 DE 2.44 X 1.22 CAL.14,PANT021-22.webp,CAL.14 2.44 X 1.22,14.0,1.0,700,skip,Foto no encontrada: /home/rodrigo/Documentos/ProyectosVisual/Catalogo_Digital_Aceros_Pe-ascal/catalogo-web/fotos/PANT021-22.webp
PANT041.22,PANTALLA NO. 04 DE 2.44 X 1.22 CAL.14,PANT041-22.webp,CAL.14 2.44 X 1.22,14.0,1.0,700,skip,Foto no encontrada: /home/rodrigo/Documentos/ProyectosVisual/Catalogo_Digital_Aceros_Pe-ascal/catalogo-web/fotos/PANT041-22.webp
PANT051.22,PANTALLA NO. 05 DE 2.44 X 1.22 CAL. 14,PANT051-22.webp,CAL. 14 2.44 X 1.22,14.0,1.0,700,skip,Foto no encontrada: /home/rodrigo/Documentos/ProyectosVisual/Catalogo_Digital_Aceros_Pe-ascal/catalogo-web/fotos/PANT051-22.webp
PANT061.22,PANTALLA NO. 06 DE 2.44 X 1.22 CAL. 14,PANT061-22.webp,CAL. 14 2.44 X 1.22,14.0,1.0,700,skip,Foto no encontrada: /home/rodrigo/Documentos/ProyectosVisual/Catalogo_Digital_Aceros_Pe-ascal/catalogo-web/fotos/PANT061-22.webp
PANT081.22,PANTALLA NO. 08 DE 2.44 X 1.22 CAL. 14,PANT081-22.webp,CAL. 14 2.44 X 1.22,14.0,1.0,700,skip,Foto no encontrada: /home/rodrigo/Documentos/ProyectosVisual/Catalogo_Digital_Aceros_Pe-ascal/catalogo-web/fotos/PANT081-22.webp
PANT091.22,PANTALLA NO. 09 DE 2.44 X 1.22 CAL.14,PANT091-22.webp,CAL.14 2.44 X 1.22,14.0,1.0,700,skip,Foto no encontrada: /home/rodrigo/Documentos/ProyectosVisual/Catalogo_Digital_Aceros_Pe-ascal/catalogo-web/fotos/PANT091-22.webp
PANT101.22,PANTALLA NO. 10 DE 2.44 X 1.22 CAL. 14,PANT101-22.webp,CAL. 14 2.44 X 1.22,14.0,1.0,700,skip,Foto no encontrada: /home/rodrigo/Documentos/ProyectosVisual/Catalogo_Digital_Aceros_Pe-ascal/catalogo-web/fotos/PANT101-22.webp
PELDAÑO,PELDAÑO (CARACOL) NEGRO,PELDANO.webp,,0.0,1.0,700,ok,Guardado con lado_destino=700px (factor=1.0)
PELDAÑOE,PELDAÑO (ESCALON) NEGRO,PELDANOE.webp,,0.0,1.0,700,ok,Guardado con lado_destino=700px (factor=1.0)
SP10,SUPER PICO N0.10,SP10.webp,,0.1,0.3333,233,ok,Guardado con lado_destino=233px (factor=0.3333)
SP11,SUPER PICO N0.11,SP11.webp,,0.11,0.3496,244,skip,Foto no encontrada: /home/rodrigo/Documentos/ProyectosVisual/Catalogo_Digital_Aceros_Pe-ascal/catalogo-web/fotos/SP11.webp
SP12,SUPER PICO N0.12,SP12.webp,,0.12,0.3651,255,skip,Foto no encontrada: /home/rodrigo/Documentos/ProyectosVisual/Catalogo_Digital_Aceros_Pe-ascal/catalogo-web/fotos/SP12.webp
SP13,SUPER PICO N0.13,SP13.webp,,0.13,0.3801,266,skip,Foto no encontrada: /home/rodrigo/Documentos/ProyectosVisual/Catalogo_Digital_Aceros_Pe-ascal/catalogo-web/fotos/SP13.webp
SP14,SUPER PICO N0.14,SP14.webp,,0.14,0.3944,276,ok,Guardado con lado_destino=276px (factor=0.3944)
SP17,SUPER PICO N0.17,SP17.webp,,0.17,0.4346,304,skip,Foto no encontrada: /home/rodrigo/Documentos/ProyectosVisual/Catalogo_Digital_Aceros_Pe-ascal/catalogo-web/fotos/SP17.webp
SP3,SUPER PICO N0.3,SP3.webp,,0.3,0.5774,404,skip,Foto no encontrada: /home/rodrigo/Documentos/ProyectosVisual/Catalogo_Digital_Aceros_Pe-ascal/catalogo-web/fotos/SP3.webp
SP4,SUPER PICO N0.4,SP4.webp,,0.4,0.6667,466,skip,Foto no encontrada: /home/rodrigo/Documentos/ProyectosVisual/Catalogo_Digital_Aceros_Pe-ascal/catalogo-web/fotos/SP4.webp
SP5,SUPER PICO N0.5,SP5.webp,,0.5,0.7454,521,skip,Foto no encontrada: /home/rodrigo/Documentos/ProyectosVisual/Catalogo_Digital_Aceros_Pe-ascal/catalogo-web/fotos/SP5.webp
SP9,SUPER PICO N0.9,SP9.webp,,0.9,1.0,700,skip,Foto no encontrada: /home/rodrigo/Documentos/ProyectosVisual/Catalogo_Digital_Aceros_Pe-ascal/catalogo-web/fotos/SP9.webp
TPG1,TIRA PARA GRAPA No. 1 DE 3MTS.,TPG1.webp,3MTS,3.0,1.0,700,ok,Guardado con lado_destino=700px (factor=1.0)
TPG2,TIRA PARA GRAPA No. 2 DE 3MTS.,TPG2.webp,3MTS,3.0,1.0,700,ok,Guardado con lado_destino=700px (factor=1.0)
VIGA12X4(20.9KG),"VIGA  IPR 12"" X 4"" (20.9KG/MT) A 12.20MTS",VIGA12X4-20-9KG.webp,"12"" 4"" 12.20MTS",12.2,1.0,700,skip,Foto no encontrada: /home/rodrigo/Documentos/ProyectosVisual/Catalogo_Digital_Aceros_Pe-ascal/catalogo-web/fotos/VIGA12X4-20-9KG.webp
VIGA10X4(22K),"VIGA IPR 10"" X 4""  (22.00KG/MT) A 12.20MTS",VIGA10X4-22K.webp,"10"" 4"" 12.20MTS",12.2,1.0,700,ok,Guardado con lado_destino=700px (factor=1.0)
VIGA10(38.7KG/M),"VIGA IPR 10"" X 5 3/4"" (38.7KG/MT) A 12.20 MTS",VIGA10-38-7KG-M.webp,"10"" 5 3/4"" 12.20 MTS 3/4",12.2,1.0,700,ok,Guardado con lado_destino=700px (factor=1.0)
VIGA10(44.6KG/MTS),"VIGA IPR 10"" X 5 3/4"" (44.6KG/MT) A 12.20 MTS",VIGA10-44-6KG-MTS.webp,"10"" 5 3/4"" 12.20 MTS 3/4",12.2,1.0,700,ok,Guardado con lado_destino=700px (factor=1.0)
VIGA8X4-14.90A12.20,"VIGA IPR 8"" X 4"" (14.90 KG/MT) A 12.20 MTS",VIGA8X4-14-90A12-20.webp,"8"" 4"" 12.20 MTS",12.2,1.0,700,skip,Foto no encontrada: /home/rodrigo/Documentos/ProyectosVisual/Catalogo_Digital_Aceros_Pe-ascal/catalogo-web/fotos/VIGA8X4-14-90A12-20.webp
VIGA,"VIGA IPR 8"" X 4"" (14.90 KG/MT) A 6.10 MTS",VIGA.webp,"8"" 4"" 6.10 MTS",8.0,0.8098,566,ok,Guardado con lado_destino=566px (factor=0.8098)
VIGA16X7(67.10KG),"VIGA IPR  16"" X 7""  (67.10KG/ MT) A  12.20  MTS.",VIGA16X7-67-10KG.webp,"16"" 7"" 12.20 MTS",16.0,1.0,700,skip,Foto no encontrada: /home/rodrigo/Documentos/ProyectosVisual/Catalogo_Digital_Aceros_Pe-ascal/catalogo-web/fotos/VIGA16X7-67-10KG.webp
VIGA16X7(74.40KG),"VIGA IPR  16"" X 7""  (74.40KG/ MT) A  12.20  MTS.",VIGA16X7-74-40KG.webp,"16"" 7"" 12.20 MTS",16.0,1.0,700,skip,Foto no encontrada: /home/rodrigo/Documentos/ProyectosVisual/Catalogo_Digital_Aceros_Pe-ascal/catalogo-web/fotos/VIGA16X7-74-40KG.webp
VIGA6X4(12.60KG),"VIGA IPR  6"" X 4""  (12.7KG/ MT) A  12.20  MTS.",VIGA6X4-12-60KG.webp,"6"" 4"" 12.20 MTS",12.2,0.8732,611,skip,Foto no encontrada: /home/rodrigo/Documentos/ProyectosVisual/Catalogo_Digital_Aceros_Pe-ascal/catalogo-web/fotos/VIGA6X4-12-60KG.webp
VIGA6X4(13.40KG),"VIGA IPR  6"" X 4""  (13.40KG/MT) A  12.20  MTS.",VIGA6X4-13-40KG.webp,"6"" 4"" 12.20 MTS",12.2,0.8732,611,ok,Guardado con lado_destino=611px (factor=0.8732)
VIGA6X4(17.90KG),"VIGA IPR  6"" X 4""  (17.90KG/MT) A  12.20  MTS.",VIGA6X4-17-90KG.webp,"6"" 4"" 12.20 MTS",12.2,0.8732,611,skip,Foto no encontrada: /home/rodrigo/Documentos/ProyectosVisual/Catalogo_Digital_Aceros_Pe-ascal/catalogo-web/fotos/VIGA6X4-17-90KG.webp
VIGA10X4(25.0KG)12.2,"VIGA IPR 10"" X 4"" (25.3KG/MT) A 12.20 MTS.",VIGA10X4-25-0KG-12-2.webp,"10"" 4"" 12.20 MTS",12.2,0.8732,611,ok,Guardado con lado_destino=611px (factor=0.8732)
VIGA8X4(19.5KG)12.20,"VIGA IPR 8"" X 4"" (19.50 KG/MT) A 12.20  MTS.",VIGA8X4-19-5KG-12-20.webp,"8"" 4"" 12.20 MTS",12.2,0.8732,611,skip,Foto no encontrada: /home/rodrigo/Documentos/ProyectosVisual/Catalogo_Digital_Aceros_Pe-ascal/catalogo-web/fotos/VIGA8X4-19-5KG-12-20.webp
"VIGAIPS4""11.46K/M12.","VIGA IPS DE 4"" DE 11.46 KG/ML 12.20 MTS",VIGAIPS4-11-46K-M12.webp,"4"" 12.20 MTS",12.2,1.0,700,ok,Guardado con lado_destino=700px (factor=1.0)
"VIGAIPS4""11.46K/ML","VIGA IPS DE 4"" DE 11.46 KG/ML 6.10 MTS",VIGAIPS4-11-46K-ML.webp,"4"" 6.10 MTS",6.1,0.7071,494,ok,Guardado con lado_destino=494px (factor=0.7071)
BOMBOEMB38,"BOMBO EMB. C/BALERO 1 1/2""",BOMBOEMB38.webp,"1 1/2"" 1/2",1.0,1.0,700,ok,Guardado con lado_destino=700px (factor=1.0)
BOMBOEMB25,"BOMBO EMB. C/BALERO 1""",BOMBOEMB25.webp,"1""",1.0,1.0,700,ok,Guardado con lado_destino=700px (factor=1.0)
CHL25,"CHAPETON LAMINA 1""",CHL25.webp,"1""",1.0,0.4082,285,ok,Guardado con lado_destino=285px (factor=0.4082)
CHL13,"CHAPETON LAMINA 1/2""",CHL13.webp,"1/2"" 1/2",0.5,0.2887,202,ok,Guardado con lado_destino=202px (factor=0.2887)
CHL50,"CHAPETON LAMINA 2""",CHL50.webp,"2""",2.0,0.5774,404,ok,Guardado con lado_destino=404px (factor=0.5774)
CHL75,"CHAPETON LAMINA 3""",CHL75.webp,"3""",3.0,0.7071,494,ok,Guardado con lado_destino=494px (factor=0.7071)
CHL19,"CHAPETON LAMINA 3/4""",CHL19.webp,"3/4"" 3/4",0.75,0.3536,247,ok,Guardado con lado_destino=247px (factor=0.3536)
CHL100,"CHAPETON LAMINA 4""",CHL100.webp,"4""",4.0,0.8165,571,ok,Guardado con lado_destino=571px (factor=0.8165)
CHL150,"CHAPETON LAMINA 6""",CHL150.webp,"6""",6.0,1.0,700,ok,Guardado con lado_destino=700px (factor=1.0)
CHL38,"CHAPETON LAMINA 1""1/2",CHL38.webp,"1"" 1/2",1.0,0.7071,494,ok,Guardado con lado_destino=494px (factor=0.7071)
CHL32,"CHAPETON LAMINA 1""1/4",CHL32.webp,"1"" 1/4",1.0,0.7071,494,ok,Guardado con lado_destino=494px (factor=0.7071)
CHL64,"CHAPETON LAMINA 2"" 1/2",CHL64.webp,"2"" 1/2",2.0,1.0,700,ok,Guardado con lado_destino=700px (factor=1.0)
CHALA1M51MM,CHAPETON LATON 1 MOLD. 51 MM,CHALA1M51MM.webp,51 MM,2.0078740157480315,0.757,529,ok,Guardado con lado_destino=529px (factor=0.757)
CHALA1M89MM,CHAPETON LATON 1 MOLD. 89 MM (NUM4),CHALA1M89MM.webp,89 MM,3.5039370078740157,1.0,700,ok,Guardado con lado_destino=700px (factor=1.0)
CHALA2M39MM,CHAPETON LATON 2 MOLD. 39 MM,CHALA2M39MM.webp,39 MM,1.535433070866142,0.662,463,ok,Guardado con lado_destino=463px (factor=0.662)
CHALA2M46MM,CHAPETON LATON 2 MOLD. 46 MM,CHALA2M46MM.webp,46 MM,1.8110236220472442,0.7189,503,ok,Guardado con lado_destino=503px (factor=0.7189)
CHALA2M51MM,CHAPETON LATON 2 MOLD. 51 MM,CHALA2M51MM.webp,51 MM,2.0078740157480315,0.757,529,ok,Guardado con lado_destino=529px (factor=0.757)
CHALA2M71MM,CHAPETON LATON 2 MOLD. 71 MM,CHALA2M71MM.webp,71 MM,2.7952755905511815,0.8932,625,ok,Guardado con lado_destino=625px (factor=0.8932)
ESGA11/2,"ESQUINERO GALVANIZADO 1 1/2""",ESGA11-2.webp,"1 1/2"" 1/2",1.0,0.5,350,ok,Guardado con lado_destino=350px (factor=0.5)
ESGA1,"ESQUINERO GALVANIZADO 1""",ESGA1.webp,"1""",1.0,0.5,350,ok,Guardado con lado_destino=350px (factor=0.5)
ESGA2,"ESQUINERO GALVANIZADO 2""",ESGA2.webp,"2""",2.0,0.7071,494,ok,Guardado con lado_destino=494px (factor=0.7071)
ESGA3,"ESQUINERO GALVANIZADO 3""",ESGA3.webp,"3""",3.0,0.866,606,ok,Guardado con lado_destino=606px (factor=0.866)
ESGA4,"ESQUINERO GALVANIZADO 4""",ESGA4.webp,"4""",4.0,1.0,700,ok,Guardado con lado_destino=700px (factor=1.0)
FLEHP5,FLEXOMETRO HIGH POWER DE 5 MT.,FLEHP5.webp,5 MT,5.0,0.8165,571,ok,Guardado con lado_destino=571px (factor=0.8165)
FLEHP7.5,FLEXOMETRO HIGH POWER DE 7.5 MT.,FLEHP7-5.webp,7.5 MT,7.5,1.0,700,ok,Guardado con lado_destino=700px (factor=1.0)
MEDE32,"MEDIA ESFERA 1 1/4""",MEDE32.webp,"1 1/4"" 1/4",1.0,0.4082,285,ok,Guardado con lado_destino=285px (factor=0.4082)
MEDE13,"MEDIA ESFERA 1/2""",MEDE13.webp,"1/2"" 1/2",0.5,0.2887,202,ok,Guardado con lado_destino=202px (factor=0.2887)
MEDE64,"MEDIA ESFERA 2 1/2""",MEDE64.webp,"2 1/2"" 1/2",2.0,0.5774,404,ok,Guardado con lado_destino=404px (factor=0.5774)
MEDE75,"MEDIA ESFERA 3""",MEDE75.webp,"3""",3.0,0.7071,494,ok,Guardado con lado_destino=494px (factor=0.7071)
MEDE19,"MEDIA ESFERA 3/4""",MEDE19.webp,"3/4"" 3/4",0.75,0.3536,247,ok,Guardado con lado_destino=247px (factor=0.3536)
MEDE100,"MEDIA ESFERA 4""",MEDE100.webp,"4""",4.0,0.8165,571,ok,Guardado con lado_destino=571px (factor=0.8165)
MEDE150,"MEDIA ESFERA 6""",MEDE150.webp,"6""",6.0,1.0,700,ok,Guardado con lado_destino=700px (factor=1.0)
NUALTUBC3013,"NUDO DE ALAMBRON P/TUBO 1/2"" C30",NUALTUBC3013.webp,"C30 1/2"" 1/2",30.0,1.0,700,ok,Guardado con lado_destino=700px (factor=1.0)
NUALTUBC3019,"NUDO DE ALAMBRON P/TUBO 3/4"" C30",NUALTUBC3019.webp,"C30 3/4"" 3/4",30.0,1.0,700,ok,Guardado con lado_destino=700px (factor=1.0)
RESAN2X2.5CAL8,REJA SAN REHNO 2.00 MTS X 2.50 MTS VERDE C-6,RESAN2X2-5CAL8.webp,2.00 MTS 2.50 MTS,2.5,1.0,700,ok,Guardado con lado_destino=700px (factor=1.0)
RESAN2.5X2.5C6,REJA SAN REHNO 2.50 MTS X 2.50 MTS VERDE C-6,RESAN2-5X2-5C6.webp,2.50 MTS,2.5,1.0,700,skip,Foto no encontrada: /home/rodrigo/Documentos/ProyectosVisual/Catalogo_Digital_Aceros_Pe-ascal/catalogo-web/fotos/RESAN2-5X2-5C6.webp
SOLPERC13,"SOLERA PERF. P/CUAD. DE 1/2""",https://qdlezhfcnwsygtosieme.supabase.co/storage/v1/object/public/fotos/SOLPERC13-1785268314196.webp,"1/2"" 1/2",0.5,0.8944,626,skip,Foto no encontrada: /home/rodrigo/Documentos/ProyectosVisual/Catalogo_Digital_Aceros_Pe-ascal/catalogo-web/fotos/https:/qdlezhfcnwsygtosieme.supabase.co/storage/v1/object/public/fotos/SOLPERC13-1785268314196.webp
SOLPERC16,"SOLERA PERF. P/CUAD. DE 5/8""",https://qdlezhfcnwsygtosieme.supabase.co/storage/v1/object/public/fotos/SOLPERC16-1785268308152.webp,"5/8"" 5/8",0.625,1.0,700,skip,Foto no encontrada: /home/rodrigo/Documentos/ProyectosVisual/Catalogo_Digital_Aceros_Pe-ascal/catalogo-web/fotos/https:/qdlezhfcnwsygtosieme.supabase.co/storage/v1/object/public/fotos/SOLPERC16-1785268308152.webp
LGZR3.05E,GALVATUBING LAM.GALV. Z ALUM REC 3.05,LGZR3-05E.webp,,3.05,0.7906,553,ok,Guardado con lado_destino=553px (factor=0.7906)
LGZR3.66E,GALVATUBING LAM.GALV. Z ALUM REC 3.66,LGZR3-66E.webp,,3.66,0.866,606,ok,Guardado con lado_destino=606px (factor=0.866)
LGZR4.27E,GALVATUBING LAM.GALV. Z ALUM REC 4.27,LGZR4-27E.webp,,4.27,0.9354,654,ok,Guardado con lado_destino=654px (factor=0.9354)
LGZR4.88E,GALVATUBING LAM.GALV. Z ALUM REC 4.88,LGZR4-88E.webp,,4.88,1.0,700,ok,Guardado con lado_destino=700px (factor=1.0)
ZR300E,GALVATUBING RECTANGULAR 3 X 1 1/2 C-20,ZR300E.webp,3 X 1 1/2,3.0,0.866,606,ok,Guardado con lado_destino=606px (factor=0.866)
ZR400E,GALVATUBING RECTANGULAR 4 X 1 1/2 C-20,ZR400E.webp,4 X 1 1/2,4.0,1.0,700,ok,Guardado con lado_destino=700px (factor=1.0)
CAAGUC24,CANAL AGUA C24 15 CM X3.05M,CAAGUC24.webp,C24 15 CM 3.05M,24.0,0.9608,672,skip,Foto no encontrada: /home/rodrigo/Documentos/ProyectosVisual/Catalogo_Digital_Aceros_Pe-ascal/catalogo-web/fotos/CAAGUC24.webp
CAAGU,CANAL AGUA C26 10 CM X3.05M,CAAGU.webp,C26 10 CM 3.05M,26.0,1.0,700,ok,Guardado con lado_destino=700px (factor=1.0)
DUE2X1.22,DUELA Z. CASCADA  2X 1.22,DUE2X1-22.webp,2X 1.22,2.0,0.8165,571,skip,Foto no encontrada: /home/rodrigo/Documentos/ProyectosVisual/Catalogo_Digital_Aceros_Pe-ascal/catalogo-web/fotos/DUE2X1-22.webp
DUE3X1.83,DUELA Z. CASCADA  3 X 1.83,DUE3X1-83.webp,3 X 1.83,3.0,1.0,700,skip,Foto no encontrada: /home/rodrigo/Documentos/ProyectosVisual/Catalogo_Digital_Aceros_Pe-ascal/catalogo-web/fotos/DUE3X1-83.webp
TACASL3X6,TABLERO CAS.LIENZO 3 X 6,TACASL3X6.webp,3 X 6,6.0,1.0,700,skip,Foto no encontrada: /home/rodrigo/Documentos/ProyectosVisual/Catalogo_Digital_Aceros_Pe-ascal/catalogo-web/fotos/TACASL3X6.webp
TACASL3X3,TABLERO CAS.LIENZO 3X3,TACASL3X3.webp,3X3,3.0,0.7071,494,skip,Foto no encontrada: /home/rodrigo/Documentos/ProyectosVisual/Catalogo_Digital_Aceros_Pe-ascal/catalogo-web/fotos/TACASL3X3.webp
TACASL4X3,TABLERO CAS.LIENZO 4`X 3`,TACASL4X3.webp,,4.0,0.8165,571,skip,Foto no encontrada: /home/rodrigo/Documentos/ProyectosVisual/Catalogo_Digital_Aceros_Pe-ascal/catalogo-web/fotos/TACASL4X3.webp
TACASL4X6,TABLERO CAS.LIENZO 4`X 6`,TACASL4X6.webp,,6.0,1.0,700,skip,Foto no encontrada: /home/rodrigo/Documentos/ProyectosVisual/Catalogo_Digital_Aceros_Pe-ascal/catalogo-web/fotos/TACASL4X6.webp
TABLU3X3,TABLERO MEDIA LUNA 3X3,TABLU3X3.webp,3X3,3.0,0.7071,494,ok,Guardado con lado_destino=494px (factor=0.7071)
TABLU3X6,TABLERO MEDIA LUNA 3X6,TABLU3X6.webp,3X6,6.0,1.0,700,skip,Foto no encontrada: /home/rodrigo/Documentos/ProyectosVisual/Catalogo_Digital_Aceros_Pe-ascal/catalogo-web/fotos/TABLU3X6.webp
MALLACI1.50CAL.12.50,MALLA CICLON 1.50 MT. ALT./CAL.12.50/20MTS.,MALLACI1-50CAL-12-50.webp,CAL.12 1.50 MT 20MTS 50/20,20.0,1.0,700,ok,Guardado con lado_destino=700px (factor=1.0)
MALLACI1.75CAL.12.50,MALLA CICLON 1.75 MT. ALT./CAL.12.50/20MTS.,MALLACI1-75CAL-12-50.webp,CAL.12 1.75 MT 20MTS 50/20,20.0,1.0,700,ok,Guardado con lado_destino=700px (factor=1.0)
MAN15MTP/OXI-ACET,JGO.MANG.CUATA P/OXI-ACET DE 15 MTS.,MAN15MTP-OXI-ACET.webp,15 MTS,15.0,1.0,700,ok,Guardado con lado_destino=700px (factor=1.0)
MAN7.5MTP/OXI-ACET,JGO.MANG.CUATA P/OXI-ACET DE 7.50MTS.,MAN7-5MTP-OXI-ACET.webp,7.50MTS,7.5,0.7071,494,ok,Guardado con lado_destino=494px (factor=0.7071)
MICA2.5D,MICA TRANSP. 2.5 AUM. DIOPT. (8530),MICA2-5D.webp,,8530.0,1.0,700,ok,Guardado con lado_destino=700px (factor=1.0)
MICA1.5D,MICA TRANSP. AUM. 1.5 DIOPT. (8529),MICA1-5D.webp,,8529.0,0.9999,699,ok,Guardado con lado_destino=699px (factor=0.9999)
PLASOL130,PLANTA P/SOLD. INFRA ARCTRON 130,PLASOL130.webp,,130.0,0.9014,630,ok,Guardado con lado_destino=630px (factor=0.9014)
PLASOL160,PLANTA P/SOLD. INFRA ARCTRON 160,PLASOL160.webp,,160.0,1.0,700,ok,Guardado con lado_destino=700px (factor=1.0)
PE250,PORTAELECTRODO DE 250 AMP. INFRA,PE250.webp,,250.0,0.7071,494,ok,Guardado con lado_destino=494px (factor=0.7071)
PE300,PORTAELECTRODO DE 300 AMP. INFRA,PE300.webp,,300.0,0.7746,542,ok,Guardado con lado_destino=542px (factor=0.7746)
MAN-500,PORTAELECTRODO DE 500 AMP. INFRA,MAN-500.webp,,500.0,1.0,700,ok,Guardado con lado_destino=700px (factor=1.0)
SOLIN1/8E,SOLDADURA 6013 1/8  INFRA,SOLIN1-8E.webp,1/8,0.125,1.0,700,ok,Guardado con lado_destino=700px (factor=1.0)
SOLIN3/32E,SOLDADURA 6013 3/32  INFRA,SOLIN3-32E.webp,3/32,0.09375,0.866,606,ok,Guardado con lado_destino=606px (factor=0.866)
SOLIN7018INF,SOLDADURA 7018 1/8 INFRA (2195),SOLIN7018INF.webp,1/8,0.125,1.0,700,ok,Guardado con lado_destino=700px (factor=1.0)
SOLIN7018-3/32,SOLDADURA 7018 3/32 INFRA,SOLIN7018-3-32.webp,3/32,0.09375,0.866,606,ok,Guardado con lado_destino=606px (factor=0.866)
VICS10,VIDRIO CARETA S-10,VICS10.webp,,10.0,0.8452,591,ok,Guardado con lado_destino=591px (factor=0.8452)
VICS11,VIDRIO CARETA S-11,VICS11.webp,,11.0,0.8864,620,ok,Guardado con lado_destino=620px (factor=0.8864)
VICS12,VIDRIO CARETA S-12,VICS12.webp,,12.0,0.9258,648,ok,Guardado con lado_destino=648px (factor=0.9258)
VICS13,VIDRIO CARETA S-13,VICS13.webp,,13.0,0.9636,674,ok,Guardado con lado_destino=674px (factor=0.9636)
VICS14,VIDRIO CARETA S-14,VICS14.webp,,14.0,1.0,700,ok,Guardado con lado_destino=700px (factor=1.0)
AXT-BORNEHEM1/2,"BORNE HEMBRA 1/2"" (AX-TECH)",AXT-BORNEHEM1-2.webp,"1/2"" 1/2",0.5,1.0,700,ok,Guardado con lado_destino=700px (factor=1.0)
AXT-BORNEHEM3/8,"BORNE HEMBRA 3/8"" (AX-TECH)",AXT-BORNEHEM3-8.webp,"3/8"" 3/8",0.375,0.866,606,ok,Guardado con lado_destino=606px (factor=0.866)
AXT-160TBV,PLANTA P/SOLDAR  (AXT-160) AX TECH 160 AMP.,AXT-160TBV.webp,,160.0,1.0,700,ok,Guardado con lado_destino=700px (factor=1.0)
AXT-P120TC,PLANTA P/SOLDAR  (AXT-P120TC) AX TECH  120 AMP.,AXT-P120TC.webp,,120.0,0.866,606,ok,Guardado con lado_destino=606px (factor=0.866)
R101H3.05,LAMINA POLICARBONATO HUMO R101 3.05,R101H3-05.webp,,101.0,1.0,700,ok,Guardado con lado_destino=700px (factor=1.0)
R101H3.66,LAMINA POLICARBONATO HUMO R101 3.66,R101H3-66.webp,,101.0,1.0,700,ok,Guardado con lado_destino=700px (factor=1.0)
R101H4.27,LAMINA POLICARBONATO HUMO R101 4.27,R101H4-27.webp,,101.0,1.0,700,ok,Guardado con lado_destino=700px (factor=1.0)
R101P2.44,LAMINA POLICARBONATO R101 2.44,R101P2-44.webp,,101.0,1.0,700,ok,Guardado con lado_destino=700px (factor=1.0)
R101P3.05,LAMINA POLICARBONATO R101 3.05,R101P3-05.webp,,101.0,1.0,700,ok,Guardado con lado_destino=700px (factor=1.0)
R101P3.66,LAMINA POLICARBONATO R101 3.66,R101P3-66.webp,,101.0,1.0,700,ok,Guardado con lado_destino=700px (factor=1.0)
R101P4.27,LAMINA POLICARBONATO R101 4.27,R101P4-27.webp,,101.0,1.0,700,ok,Guardado con lado_destino=700px (factor=1.0)
R101P4.88,LAMINA POLICARBONATO R101 4.88,R101P4-88.webp,,101.0,1.0,700,ok,Guardado con lado_destino=700px (factor=1.0)
R101P6.10,LAMINA POLICARBONATO R101 6.10,R101P6-10.webp,,101.0,1.0,700,ok,Guardado con lado_destino=700px (factor=1.0)
LARC3.05,LAMINA ACRILICA CRISTAL DE 3.05 RECT,LARC3-05.webp,,3.05,0.7071,494,ok,Guardado con lado_destino=494px (factor=0.7071)
LARC3.66,LAMINA ACRILICA CRISTAL DE 3.66 RECT,LARC3-66.webp,,3.66,0.7746,542,ok,Guardado con lado_destino=542px (factor=0.7746)
LARC4.27,LAMINA ACRILICA CRISTAL DE 4.27 RECT,LARC4-27.webp,,4.27,0.8367,585,ok,Guardado con lado_destino=585px (factor=0.8367)
LARC4.88,LAMINA ACRILICA CRISTAL DE 4.88 RECT,LARC4-88.webp,,4.88,0.8944,626,ok,Guardado con lado_destino=626px (factor=0.8944)
LARC5.50,LAMINA ACRILICA CRISTAL DE 5.50 RECT,LARC5-50.webp,,5.5,0.9495,664,ok,Guardado con lado_destino=664px (factor=0.9495)
LARC6.10,LAMINA ACRILICA CRISTAL DE 6.10 RECT,LARC6-10.webp,,6.1,1.0,700,ok,Guardado con lado_destino=700px (factor=1.0)
LAO1.83,LAMINA ACRILICO OND 1.83,LAO1-83.webp,,1.83,0.7071,494,ok,Guardado con lado_destino=494px (factor=0.7071)
LAO2.44,LAMINA ACRILICO OND 2.44,LAO2-44.webp,,2.44,0.8165,571,ok,Guardado con lado_destino=571px (factor=0.8165)
LAO3.05,LAMINA ACRILICO OND 3.05,LAO3-05.webp,,3.05,0.9129,639,ok,Guardado con lado_destino=639px (factor=0.9129)
LAO3.66,LAMINA ACRILICO OND 3.66,LAO3-66.webp,,3.66,1.0,700,ok,Guardado con lado_destino=700px (factor=1.0)
LAR2.44,LAMINA ACRILICO RECT. 2.44,LAR2-44.webp,,2.44,0.6325,442,ok,Guardado con lado_destino=442px (factor=0.6325)
LAR3.05,LAMINA ACRILICO RECT. 3.05,LAR3-05.webp,,3.05,0.7071,494,ok,Guardado con lado_destino=494px (factor=0.7071)
LAR3.66,LAMINA ACRILICO RECT. 3.66,LAR3-66.webp,,3.66,0.7746,542,ok,Guardado con lado_destino=542px (factor=0.7746)
LAR4.27,LAMINA ACRILICO RECT. 4.27,LAR4-27.webp,,4.27,0.8367,585,skip,Foto no encontrada: /home/rodrigo/Documentos/ProyectosVisual/Catalogo_Digital_Aceros_Pe-ascal/catalogo-web/fotos/LAR4-27.webp
LAR4.88,LAMINA ACRILICO RECT. 4.88,LAR4-88.webp,,4.88,0.8944,626,ok,Guardado con lado_destino=626px (factor=0.8944)
LAR5.50,LAMINA ACRILICO RECT. 5.50,LAR5-50.webp,,5.5,0.9495,664,skip,Foto no encontrada: /home/rodrigo/Documentos/ProyectosVisual/Catalogo_Digital_Aceros_Pe-ascal/catalogo-web/fotos/LAR5-50.webp
LAR6.10,LAMINA ACRILICO RECT. 6.10,LAR6-10.webp,,6.1,1.0,700,ok,Guardado con lado_destino=700px (factor=1.0)
BPVC2.95M,BAJANTE PVC 2.95M X8CMX6CM,BPVC2-95M.webp,2.95M 6CM,6.0,1.0,700,ok,Guardado con lado_destino=700px (factor=1.0)
BPVC4M,BAJANTE PVC 4M X8CMX6CM,BPVC4M.webp,4M 6CM,6.0,1.0,700,ok,Guardado con lado_destino=700px (factor=1.0)
UT105-2.19M,LAMINA TEJA PVC 2.19 MTS T/ESPAÑA,UT105-2-19M.webp,2.19 MTS,2.19,0.7071,494,ok,Guardado con lado_destino=494px (factor=0.7071)
UT105-3.28M,LAMINA TEJA PVC 3.28 MTS T/ESPAÑA,UT105-3-28M.webp,3.28 MTS,3.28,0.8654,605,ok,Guardado con lado_destino=605px (factor=0.8654)
UT105-4.38M,LAMINA TEJA PVC 4.38 MTS T/ESPAÑA,UT105-4-38M.webp,4.38 MTS,4.38,1.0,700,ok,Guardado con lado_destino=700px (factor=1.0)
DUELZ11X2.00RCH,DUELA Z. DE 11 X 2.00 REC. CHAPETON (56.5RCH),DUELZ11X2-00RCH.webp,11 X 2.00,11.0,0.7609,532,ok,Guardado con lado_destino=532px (factor=0.7609)
DUELZ14X1.83RCH,DUELA Z. DE 14 X 1.83 REC. CHAPETON (56RCH),DUELZ14X1-83RCH.webp,14 X 1.83,14.0,0.8584,600,skip,Foto no encontrada: /home/rodrigo/Documentos/ProyectosVisual/Catalogo_Digital_Aceros_Pe-ascal/catalogo-web/fotos/DUELZ14X1-83RCH.webp
DUELZ19X2.44RCH,DUELA Z. DE 19 X 2.44 REC. CHAPETON (78RCH),DUELZ19X2-44RCH.webp,19 X 2.44,19.0,1.0,700,skip,Foto no encontrada: /home/rodrigo/Documentos/ProyectosVisual/Catalogo_Digital_Aceros_Pe-ascal/catalogo-web/fotos/DUELZ19X2-44RCH.webp
DUELZ14X1.83FCH,DUELA Z. DE 14 X 1.83 FLOR CHAPETON (56FCH),DUELZ14X1-83FCH.webp,14 X 1.83,14.0,0.8584,600,ok,Guardado con lado_destino=600px (factor=0.8584)
DUELZ19X2.44FCH,DUELA Z. DE 19 X 2.44 FLOR CHAPETON (78FCH),DUELZ19X2-44FCH.webp,19 X 2.44,19.0,1.0,700,ok,Guardado con lado_destino=700px (factor=1.0)
DUELZ28X1.83CH,DUELA Z. DE 28 X 1.83 CHAPETON (76CH),DUELZ28X1-83CH.webp,28 X 1.83,28.0,0.7638,534,skip,Foto no encontrada: /home/rodrigo/Documentos/ProyectosVisual/Catalogo_Digital_Aceros_Pe-ascal/catalogo-web/fotos/DUELZ28X1-83CH.webp
DUELZ36X2.44CH,DUELA Z. DE 36 X 2.44 CHAPETON (98CH),DUELZ36X2-44CH.webp,36 X 2.44,36.0,0.866,606,skip,Foto no encontrada: /home/rodrigo/Documentos/ProyectosVisual/Catalogo_Digital_Aceros_Pe-ascal/catalogo-web/fotos/DUELZ36X2-44CH.webp
DUELZ48X3.05CH,DUELA Z. DE 48 X 3.05 CHAPETON (1210CH),DUELZ48X3-05CH.webp,48 X 3.05,48.0,1.0,700,skip,Foto no encontrada: /home/rodrigo/Documentos/ProyectosVisual/Catalogo_Digital_Aceros_Pe-ascal/catalogo-web/fotos/DUELZ48X3-05CH.webp
DUELZ3X1.83F,DUELA Z. DE 3 X 1.83 FLOR (36F),DUELZ3X1-83F.webp,3 X 1.83,3.0,0.7746,542,skip,Foto no encontrada: /home/rodrigo/Documentos/ProyectosVisual/Catalogo_Digital_Aceros_Pe-ascal/catalogo-web/fotos/DUELZ3X1-83F.webp
DUELZ5X2.4458F,DUELA Z. DE 5 X  2.44 FLOR (58F),DUELZ5X2-4458F.webp,5 X 2.44,5.0,1.0,700,skip,Foto no encontrada: /home/rodrigo/Documentos/ProyectosVisual/Catalogo_Digital_Aceros_Pe-ascal/catalogo-web/fotos/DUELZ5X2-4458F.webp
DUELZ5X1.83FC,DUELA Z. DE 5 X 1.83 FLOR CUAD. (56FC),DUELZ5X1-83FC.webp,5 X 1.83,5.0,0.7454,521,skip,Foto no encontrada: /home/rodrigo/Documentos/ProyectosVisual/Catalogo_Digital_Aceros_Pe-ascal/catalogo-web/fotos/DUELZ5X1-83FC.webp
DUELZ7X2.44FC,DUELA Z. DE 7 X 2.44 FLOR CUAD. (78FC),DUELZ7X2-44FC.webp,7 X 2.44,7.0,0.8819,617,skip,Foto no encontrada: /home/rodrigo/Documentos/ProyectosVisual/Catalogo_Digital_Aceros_Pe-ascal/catalogo-web/fotos/DUELZ7X2-44FC.webp
DUELZ9X3.05FC,DUELA Z. DE 9 x 3.05 FLOR CUAD. (910FC),DUELZ9X3-05FC.webp,9 X 3.05,9.0,1.0,700,ok,Guardado con lado_destino=700px (factor=1.0)
DUELZ36,DUELA Z.LISA 3 X 1.83 (36) LAMITEC,DUELZ36.webp,3 X 1.83,3.0,0.7071,494,skip,Foto no encontrada: /home/rodrigo/Documentos/ProyectosVisual/Catalogo_Digital_Aceros_Pe-ascal/catalogo-web/fotos/DUELZ36.webp
DUELZ46.5,DUELA Z.LISA 4 X 1.98 (46.50) LAMITEC,DUELZ46-5.webp,4 X 1.98,4.0,0.8165,571,skip,Foto no encontrada: /home/rodrigo/Documentos/ProyectosVisual/Catalogo_Digital_Aceros_Pe-ascal/catalogo-web/fotos/DUELZ46-5.webp
DUELZ48,DUELA Z.LISA 4 X 2.44 (48) LAMITEC,DUELZ48.webp,4 X 2.44,4.0,0.8165,571,skip,Foto no encontrada: /home/rodrigo/Documentos/ProyectosVisual/Catalogo_Digital_Aceros_Pe-ascal/catalogo-web/fotos/DUELZ48.webp
DUELZ610,DUELA Z.LISA 6 X 3.05 (610) LAMITEC,DUELZ610.webp,6 X 3.05,6.0,1.0,700,ok,Guardado con lado_destino=700px (factor=1.0)
DT100-065,DUELA ZINTRO 10 CM X 2 MTS (100-065),DT100-065.webp,10 CM 2 MTS,10.0,1.0,700,ok,Guardado con lado_destino=700px (factor=1.0)
DT100-100,DUELA ZINTRO 10 CM X 3.05 MTS (100-100),DT100-100.webp,10 CM 3.05 MTS,10.0,1.0,700,skip,Foto no encontrada: /home/rodrigo/Documentos/ProyectosVisual/Catalogo_Digital_Aceros_Pe-ascal/catalogo-web/fotos/DT100-100.webp
DT20-065,DUELA ZINTRO 2 CM X 2 MTS (20-065),DT20-065.webp,2 CM 2 MTS,2.0,0.4472,313,skip,Foto no encontrada: /home/rodrigo/Documentos/ProyectosVisual/Catalogo_Digital_Aceros_Pe-ascal/catalogo-web/fotos/DT20-065.webp
DT40-065,DUELA ZINTRO 4 CM X 2 MTS (40-065),DT40-065.webp,4 CM 2 MTS,4.0,0.6325,442,skip,Foto no encontrada: /home/rodrigo/Documentos/ProyectosVisual/Catalogo_Digital_Aceros_Pe-ascal/catalogo-web/fotos/DT40-065.webp
DT40-100,DUELA ZINTRO 4 CM X 3.05 MTS (40-100),DT40-100.webp,4 CM 3.05 MTS,4.0,0.6325,442,skip,Foto no encontrada: /home/rodrigo/Documentos/ProyectosVisual/Catalogo_Digital_Aceros_Pe-ascal/catalogo-web/fotos/DT40-100.webp
DT060-065,DUELA ZINTRO 6 CM X 2 MTS (060-065),DT060-065.webp,6 CM 2 MTS,6.0,0.7746,542,ok,Guardado con lado_destino=542px (factor=0.7746)
DT060-100,DUELA ZINTRO 6 CM X 3.05 MTS (060-100),DT060-100.webp,6 CM 3.05 MTS,6.0,0.7746,542,skip,Foto no encontrada: /home/rodrigo/Documentos/ProyectosVisual/Catalogo_Digital_Aceros_Pe-ascal/catalogo-web/fotos/DT060-100.webp
DT080-100,DUELA ZINTRO 8 CM X 3.05 MTS (080-100),DT080-100.webp,8 CM 3.05 MTS,8.0,0.8944,626,skip,Foto no encontrada: /home/rodrigo/Documentos/ProyectosVisual/Catalogo_Digital_Aceros_Pe-ascal/catalogo-web/fotos/DT080-100.webp
DLG-AL080,DUELA ZINTRO 2.44 ALUM. (AL-8),DLG-AL080.webp,,8.0,0.8944,626,skip,Foto no encontrada: /home/rodrigo/Documentos/ProyectosVisual/Catalogo_Digital_Aceros_Pe-ascal/catalogo-web/fotos/DLG-AL080.webp
DLG-AL100,DUELA ZINTRO 3.05 ALUM. (AL-10),DLG-AL100.webp,,10.0,1.0,700,skip,Foto no encontrada: /home/rodrigo/Documentos/ProyectosVisual/Catalogo_Digital_Aceros_Pe-ascal/catalogo-web/fotos/DLG-AL100.webp
DUELZ86,DUELA ZINTRO 8 X 1.83 SQ (86) LAMITEC,DUELZ86.webp,8 X 1.83,8.0,0.9428,659,skip,Foto no encontrada: /home/rodrigo/Documentos/ProyectosVisual/Catalogo_Digital_Aceros_Pe-ascal/catalogo-web/fotos/DUELZ86.webp
DUELZ96.5,DUELA ZINTRO 9 X 1.98 SQ  (96.5)LAMITEC,DUELZ96-5.webp,9 X 1.98,9.0,1.0,700,skip,Foto no encontrada: /home/rodrigo/Documentos/ProyectosVisual/Catalogo_Digital_Aceros_Pe-ascal/catalogo-web/fotos/DUELZ96-5.webp
DUELZ33,DUELA ZINTRO DE 3 X 91.5 CB (33)LAMITEC,DUELZ33.webp,3 X 91.5,91.5,1.0,700,skip,Foto no encontrada: /home/rodrigo/Documentos/ProyectosVisual/Catalogo_Digital_Aceros_Pe-ascal/catalogo-web/fotos/DUELZ33.webp
DUELZ56,DUELA ZINTRO DE 5 X 1.83 CB (56) LAMITEC,DUELZ56.webp,5 X 1.83,5.0,0.2338,163,ok,Guardado con lado_destino=163px (factor=0.2338)
DUELZ56.5,DUELA ZINTRO DE 5 X 1.98 CB (56.5)LAMITEC,DUELZ56-5.webp,5 X 1.98,5.0,0.2338,163,ok,Guardado con lado_destino=163px (factor=0.2338)
DUELZ78,DUELA ZINTRO DE 7 X 2.44 CB (78) LAMITEC,DUELZ78.webp,7 X 2.44,7.0,0.2766,193,skip,Foto no encontrada: /home/rodrigo/Documentos/ProyectosVisual/Catalogo_Digital_Aceros_Pe-ascal/catalogo-web/fotos/DUELZ78.webp
DUELZ910,DUELA ZINTRO DE 9 X 3.05 CB (910)LAMITEC,DUELZ910.webp,9 X 3.05,9.0,0.3136,219,ok,Guardado con lado_destino=219px (factor=0.3136)
DUELZ560,DUELA ZINTRO DE 5 X 1.83 RED. COMB. (560) LAMITEC,DUELZ560.webp,5 X 1.83,5.0,0.8452,591,ok,Guardado con lado_destino=591px (factor=0.8452)
DUELZ56.50,DUELA ZINTRO DE 5 X 1.98 RED. COMB. (56.50)LAMITEC,DUELZ56-50.webp,5 X 1.98,5.0,0.8452,591,skip,Foto no encontrada: /home/rodrigo/Documentos/ProyectosVisual/Catalogo_Digital_Aceros_Pe-ascal/catalogo-web/fotos/DUELZ56-50.webp
DUELZ780,DUELA ZINTRO DE 7 X 2.44 RED. COMB. (780) LAMITEC,DUELZ780.webp,7 X 2.44,7.0,1.0,700,skip,Foto no encontrada: /home/rodrigo/Documentos/ProyectosVisual/Catalogo_Digital_Aceros_Pe-ascal/catalogo-web/fotos/DUELZ780.webp
PEREDF250,PORTAELECTRODO DE 250 AMP. RED FORCE(RF55617),PEREDF250.webp,,55617.0,1.0,700,ok,Guardado con lado_destino=700px (factor=1.0)
PEREDF300UR,PORTAELECTRODO DE 300 AMP. RED FORCE(WT52881),PEREDF300UR.webp,,52881.0,0.9751,682,ok,Guardado con lado_destino=682px (factor=0.9751)
PEREDF300,PORTAELECTRODO DE 300 AMP. RED FORCE(WT53867),PEREDF300.webp,,53867.0,0.9841,688,ok,Guardado con lado_destino=688px (factor=0.9841)
SOLLIN1LBT.030,SOLD.MICRO A.TUB.  .030 (1 LB/  .454 KGS)LINCOLN,SOLLIN1LBT-030.webp,,454.0,1.0,700,ok,Guardado con lado_destino=700px (factor=1.0)
SOLLIN1LBT,SOLD.MICRO A.TUB.  .035 (1 LB/  .454 KGS)LINCOLN,SOLLIN1LBT.webp,,454.0,1.0,700,ok,Guardado con lado_destino=700px (factor=1.0)
SOLLIN6013,SOLDADURA 6013 1/8 LINCOLN,SOLLIN6013.webp,1/8,0.125,1.0,700,ok,Guardado con lado_destino=700px (factor=1.0)
SOLLIN3/32,SOLDADURA 6013 3/32 LINCOLN,SOLLIN3-32.webp,3/32,0.09375,0.866,606,ok,Guardado con lado_destino=606px (factor=0.866)
SOLIN7018,SOLDADURA 7018 1/8 LINCOLN (55008),SOLIN7018.webp,1/8,0.125,1.0,700,ok,Guardado con lado_destino=700px (factor=1.0)
TT300REDF,TENAZA P/TIERRA 300 AMP. RED FORCE(WT53870),TT300REDF.webp,,53870.0,1.0,700,ok,Guardado con lado_destino=700px (factor=1.0)
TT500REDF,TENAZA P/TIERRA 500 AMP. RED FORCE(WT53869),TT500REDF.webp,,53869.0,1.0,699,ok,Guardado con lado_destino=699px (factor=1.0)
MEDE1920,METAL DESPLEGADO 19-20 3' ( .91 CM.),MEDE1920.webp,91 CM,91.0,1.0,700,skip,Foto no encontrada: /home/rodrigo/Documentos/ProyectosVisual/Catalogo_Digital_Aceros_Pe-ascal/catalogo-web/fotos/MEDE1920.webp
MEDE2018,METAL DESPLEGADO 20-18 3' ( .91 CM),MEDE2018.webp,91 CM,91.0,1.0,700,skip,Foto no encontrada: /home/rodrigo/Documentos/ProyectosVisual/Catalogo_Digital_Aceros_Pe-ascal/catalogo-web/fotos/MEDE2018.webp
MEDE2116,METAL DESPLEGADO 21-16 3' ( .91 CM),MEDE2116.webp,91 CM,91.0,1.0,700,ok,Guardado con lado_destino=700px (factor=1.0)
MEDE42116,METAL DESPLEGADO 21-16 4' ( 1.20 CM),MEDE42116.webp,1.20 CM,1.2,0.1148,150,ok,Guardado con lado_destino=150px (factor=0.1148)
MEDE3416,METAL DESPLEGADO 34-16 3' (  .91CM),MEDE3416.webp,91CM,91.0,1.0,700,skip,Foto no encontrada: /home/rodrigo/Documentos/ProyectosVisual/Catalogo_Digital_Aceros_Pe-ascal/catalogo-web/fotos/MEDE3416.webp
MEDE43416,METAL DESPLEGADO 34-16 4' (1.20 MTS),MEDE43416.webp,1.20 MTS,1.2,0.1148,150,skip,Foto no encontrada: /home/rodrigo/Documentos/ProyectosVisual/Catalogo_Digital_Aceros_Pe-ascal/catalogo-web/fotos/MEDE43416.webp
MEDE3914,METAL DESPLEGADO 39-14 3' (  .91 CM),MEDE3914.webp,91 CM,91.0,1.0,700,ok,Guardado con lado_destino=700px (factor=1.0)
MEDE43914,METAL DESPLEGADO 39-14 4' (  1.22 MT),MEDE43914.webp,1.22 MT,1.22,0.1158,150,skip,Foto no encontrada: /home/rodrigo/Documentos/ProyectosVisual/Catalogo_Digital_Aceros_Pe-ascal/catalogo-web/fotos/MEDE43914.webp
MEDE4012,METAL DESPLEGADO 40-12 3' ( .91 CM),MEDE4012.webp,91 CM,91.0,1.0,700,skip,Foto no encontrada: /home/rodrigo/Documentos/ProyectosVisual/Catalogo_Digital_Aceros_Pe-ascal/catalogo-web/fotos/MEDE4012.webp
MEDE44012,METAL DESPLEGADO 40-12 4' (1.20 MTS),MEDE44012.webp,1.20 MTS,1.2,0.1148,150,skip,Foto no encontrada: /home/rodrigo/Documentos/ProyectosVisual/Catalogo_Digital_Aceros_Pe-ascal/catalogo-web/fotos/MEDE44012.webp
MEDE4810,METAL DESPLEGADO 48-10 3' ( .91CM),MEDE4810.webp,91CM,91.0,1.0,700,skip,Foto no encontrada: /home/rodrigo/Documentos/ProyectosVisual/Catalogo_Digital_Aceros_Pe-ascal/catalogo-web/fotos/MEDE4810.webp
MEDE44810,METAL DESPLEGADO 48-10 4' (1.20 MTS),MEDE44810.webp,1.20 MTS,1.2,0.1148,150,ok,Guardado con lado_destino=150px (factor=0.1148)
MEDE42018,"METAL DESPLEGADO 20-18 4"" (1.20 MTS)",MEDE42018.webp,"18 4"" 1.20 MTS",18.0,0.9487,664,skip,Foto no encontrada: /home/rodrigo/Documentos/ProyectosVisual/Catalogo_Digital_Aceros_Pe-ascal/catalogo-web/fotos/MEDE42018.webp
MEDE43220,"METAL DESPLEGADO 32-20 4"" (1.20)",MEDE43220.webp,"20 4""",20.0,1.0,700,skip,Foto no encontrada: /home/rodrigo/Documentos/ProyectosVisual/Catalogo_Digital_Aceros_Pe-ascal/catalogo-web/fotos/MEDE43220.webp
031A,REG 1 1/2 BARRIL HULE  (031A),031A.webp,1/2,0.5,0.8944,626,ok,Guardado con lado_destino=626px (factor=0.8944)
030A,REG 1 1/4 BARRIL HULE (030A),030A.webp,1/4,0.25,0.6325,442,ok,Guardado con lado_destino=442px (factor=0.6325)
025A,REG 1/2 BARRIL HULE  (025A),025A.webp,1/2,0.5,0.8944,626,ok,Guardado con lado_destino=626px (factor=0.8944)
0.958333333333333,REG 1/4 BARRIL HULE (023A),0-958333333333333.webp,1/4,0.25,0.6325,442,ok,Guardado con lado_destino=442px (factor=0.6325)
024A,REG 3/8 BARRIL HULE  (024A),024A.webp,3/8,0.375,0.7746,542,ok,Guardado con lado_destino=542px (factor=0.7746)
026A,REG 5/8 BARRIL HULE  (026A),026A.webp,5/8,0.625,1.0,700,ok,Guardado con lado_destino=700px (factor=1.0)
044A,REG 1 1/2 CUADRADO HULE (044A),044A.webp,1/2,0.5,0.8165,571,ok,Guardado con lado_destino=571px (factor=0.8165)
043A,REG 1 1/4 CUADRADO HULE (043A),043A.webp,1/4,0.25,0.5774,404,skip,Foto no encontrada: /home/rodrigo/Documentos/ProyectosVisual/Catalogo_Digital_Aceros_Pe-ascal/catalogo-web/fotos/043A.webp
040A,REG 3/4 CUADRADO HULE  (040A),040A.webp,3/4,0.75,1.0,700,ok,Guardado con lado_destino=700px (factor=1.0)
084A,REG 1 1/2 HONGO PLASTICO (084A),084A.webp,1/2,0.5,0.8165,571,ok,Guardado con lado_destino=571px (factor=0.8165)
081A,REG 3/4 HONGO PLASTICO  (081A),081A.webp,3/4,0.75,1.0,700,ok,Guardado con lado_destino=700px (factor=1.0)
029A,"REG 1"" BARRIL HULE  (029A)",029A.webp,"1""",1.0,0.7071,494,ok,Guardado con lado_destino=494px (factor=0.7071)
032A,"REG 2"" BARRIL HULE  (032A)",032A.webp,"2""",2.0,1.0,700,ok,Guardado con lado_destino=700px (factor=1.0)
042A,"REG 1"" CUADRADO HULE  (042A)",042A.webp,"1""",1.0,0.7071,494,skip,Foto no encontrada: /home/rodrigo/Documentos/ProyectosVisual/Catalogo_Digital_Aceros_Pe-ascal/catalogo-web/fotos/042A.webp
045A,"REG 2"" CUADRADO HULE (045A)",045A.webp,"2""",2.0,1.0,700,skip,Foto no encontrada: /home/rodrigo/Documentos/ProyectosVisual/Catalogo_Digital_Aceros_Pe-ascal/catalogo-web/fotos/045A.webp
034A,REG 1/2 COSTILLA HULE  (034A),034A.webp,1/2,0.5,0.8165,571,skip,Foto no encontrada: /home/rodrigo/Documentos/ProyectosVisual/Catalogo_Digital_Aceros_Pe-ascal/catalogo-web/fotos/034A.webp
036A,REG 3/4 COSTILLA HULE (036A),036A.webp,3/4,0.75,1.0,700,ok,Guardado con lado_destino=700px (factor=1.0)
LACT1.22,LAMINA ACEROTEJA ROJA 1.22 C26,LACT1-22.webp,C26,26.0,1.0,700,ok,Guardado con lado_destino=700px (factor=1.0)
LACT1.83,LAMINA ACEROTEJA ROJA 1.83 C26,LACT1-83.webp,C26,26.0,1.0,700,ok,Guardado con lado_destino=700px (factor=1.0)
LACT2.44,LAMINA ACEROTEJA ROJA 2.44 C26,LACT2-44.webp,C26,26.0,1.0,700,ok,Guardado con lado_destino=700px (factor=1.0)
LACT3.05,LAMINA ACEROTEJA ROJA 3.05 C26,LACT3-05.webp,C26,26.0,1.0,700,ok,Guardado con lado_destino=700px (factor=1.0)
LACT3.66,LAMINA ACEROTEJA ROJA 3.66 C26,LACT3-66.webp,C26,26.0,1.0,700,ok,Guardado con lado_destino=700px (factor=1.0)
LACT4.27,LAMINA ACEROTEJA ROJA 4.27 C26,LACT4-27.webp,C26,26.0,1.0,700,ok,Guardado con lado_destino=700px (factor=1.0)
LACT4.88,LAMINA ACEROTEJA ROJA 4.88 C26,LACT4-88.webp,C26,26.0,1.0,700,ok,Guardado con lado_destino=700px (factor=1.0)
LACT5.50,LAMINA ACEROTEJA ROJA 5.50 C26,LACT5-50.webp,C26,26.0,1.0,700,ok,Guardado con lado_destino=700px (factor=1.0)
LACT6.10,LAMINA ACEROTEJA ROJA 6.10 C26,LACT6-10.webp,C26,26.0,1.0,700,ok,Guardado con lado_destino=700px (factor=1.0)
ACOPG318,ACOPLADORES RAPIDOS GONI MOD. 318,ACOPG318.webp,,318.0,0.9969,697,ok,Guardado con lado_destino=697px (factor=0.9969)
ACOPG320,ACOPLADORES RAPIDOS GONI MOD. 320,ACOPG320.webp,,320.0,1.0,700,ok,Guardado con lado_destino=700px (factor=1.0)
AERVERZIN,AEROSOL VERDE ZINTRO (IPESA),AERVERZIN.webp,,0.0,1.0,700,ok,Guardado con lado_destino=700px (factor=1.0)
AERVERZINP,AEROSOL VERDE ZINTRO (PROZINTLUX),AERVERZINP.webp,,0.0,1.0,700,ok,Guardado con lado_destino=700px (factor=1.0)
BIST25,"BISAGRA TUBULAR 1""",BIST25.webp,"1""",1.0,1.0,700,ok,Guardado con lado_destino=700px (factor=1.0)
BIST13,"BISAGRA TUBULAR 1/2""",BIST13.webp,"1/2"" 1/2",0.5,0.7071,494,skip,Foto no encontrada: /home/rodrigo/Documentos/ProyectosVisual/Catalogo_Digital_Aceros_Pe-ascal/catalogo-web/fotos/BIST13.webp
BIST19,"BISAGRA TUBULAR 3/4""",BIST19.webp,"3/4"" 3/4",0.75,0.866,606,ok,Guardado con lado_destino=606px (factor=0.866)
BIST10,"BISAGRA TUBULAR 3/8""",BIST10.webp,"3/8"" 3/8",0.375,0.6124,428,ok,Guardado con lado_destino=428px (factor=0.6124)
BIST16,"BISAGRA TUBULAR 5/8""",BIST16.webp,"5/8"" 5/8",0.625,0.7906,553,ok,Guardado con lado_destino=553px (factor=0.7906)
BOMBOA38,"BOMBO DE ALUMINIO DE 1"" 1/2",BOMBOA38.webp,"1"" 1/2",1.0,1.0,700,ok,Guardado con lado_destino=700px (factor=1.0)
BOMBOA32,"BOMBO DE ALUMINIO DE 1"" 1/4",BOMBOA32.webp,"1"" 1/4",1.0,1.0,700,ok,Guardado con lado_destino=700px (factor=1.0)
BROCA3/32,"BROCA P/FO. 3/32""",BROCA3-32.webp,"3/32"" 3/32",0.09375,0.9258,648,ok,Guardado con lado_destino=648px (factor=0.9258)
BROCA7/64,"BROCA P/FO. 7/64""",BROCA7-64.webp,"7/64"" 7/64",0.109375,1.0,700,skip,Foto no encontrada: /home/rodrigo/Documentos/ProyectosVisual/Catalogo_Digital_Aceros_Pe-ascal/catalogo-web/fotos/BROCA7-64.webp
BCHA25,"BROCHA 1""",BCHA25.webp,"1""",1.0,0.5774,404,ok,Guardado con lado_destino=404px (factor=0.5774)
BCHA13,"BROCHA 1/2""",BCHA13.webp,"1/2"" 1/2",0.5,0.4082,285,ok,Guardado con lado_destino=285px (factor=0.4082)
BCHA75,"BROCHA 3""",BCHA75.webp,"3""",3.0,1.0,700,ok,Guardado con lado_destino=700px (factor=1.0)
BCHA38,"BROCHA S-400 1 1/2""",BCHA38.webp,"1 1/2"" 1/2",1.0,0.05,150,ok,Guardado con lado_destino=150px (factor=0.05)
BCHA65,"BROCHA S-400 2 1/2""",BCHA65.webp,"2 1/2"" 1/2",2.0,0.0707,150,ok,Guardado con lado_destino=150px (factor=0.0707)
BCHA50,"BROCHA S-400 2""",BCHA50.webp,"400 2""",400.0,1.0,700,ok,Guardado con lado_destino=700px (factor=1.0)
DIS-CHA14,"DISCO LINEA CHAAK P/CORTE 14""",DIS-CHA14.webp,"14""",14.0,1.0,700,ok,Guardado con lado_destino=700px (factor=1.0)
DIS-CHA412,"DISCO LINEA CHAAK P/CORTE 4 1/2""",DIS-CHA412.webp,"4 1/2"" 1/2",4.0,0.5345,374,ok,Guardado con lado_destino=374px (factor=0.5345)
DIS-CHA7,"DISCO LINEA CHAAK P/CORTE 7""",DIS-CHA7.webp,"7""",7.0,0.7071,494,ok,Guardado con lado_destino=494px (factor=0.7071)
DIS-TEG412,"DISCO LINEA TEGUI P/DESBASTE 4 1/2""",DIS-TEG412.webp,"4 1/2"" 1/2",4.0,0.7559,529,ok,Guardado con lado_destino=529px (factor=0.7559)
DIS-TEG7,"DISCO LINEA TEGUI P/DESBASTE 7""",DIS-TEG7.webp,"7""",7.0,1.0,700,ok,Guardado con lado_destino=700px (factor=1.0)
FLECA55,FLEXOMETRO CADENA 5.5 M  MOD.5525(MGA),FLECA55.webp,5.5 M,5.5,0.7817,547,ok,Guardado con lado_destino=547px (factor=0.7817)
FLECA5MGA,FLEXOMETRO CADENA 5M MOD.5020(MGA),FLECA5MGA.webp,5M,5.0,0.7454,521,ok,Guardado con lado_destino=521px (factor=0.7454)
FLECA9,FLEXOMETRO CADENA 9 M MOD. (MGA9025),FLECA9.webp,9 M,9.0,1.0,700,ok,Guardado con lado_destino=700px (factor=1.0)
JAL-HC4527N,JALADERA H CUAD.30MM-450MM NEGRA,JAL-HC4527N.webp,30MM 450MM,17.716535433070867,0.75,525,ok,Guardado con lado_destino=525px (factor=0.75)
JAL-HC8060N,JALADERA H CUAD.30MM-800MM NEGRA,JAL-HC8060N.webp,30MM 800MM,31.496062992125985,1.0,700,skip,Foto no encontrada: /home/rodrigo/Documentos/ProyectosVisual/Catalogo_Digital_Aceros_Pe-ascal/catalogo-web/fotos/JAL-HC8060N.webp
JAL-HC4527S,JALADERA H CUAD.30MM-450MM SATINADA,JAL-HC4527S.webp,30MM 450MM,17.716535433070867,0.75,525,ok,Guardado con lado_destino=525px (factor=0.75)
JAL-HC8060S,JALADERA H CUAD.30MM-800MM SATINADA,JAL-HC8060S.webp,30MM 800MM,31.496062992125985,1.0,700,ok,Guardado con lado_destino=700px (factor=1.0)
JAL-COLTB,JALADERA TRENZADA COLOR (BLANCA),JAL-COLTB.webp,,0.0,1.0,700,ok,Guardado con lado_destino=700px (factor=1.0)
JAL-COLTD,JALADERA TRENZADA COLOR (DORADA),JAL-COLTD.webp,,0.0,1.0,700,ok,Guardado con lado_destino=700px (factor=1.0)
JAL-COLTA,JALADERA TRENZADA COLOR (NATURAL-ALUMINIO),JAL-COLTA.webp,,0.0,1.0,700,skip,Foto no encontrada: /home/rodrigo/Documentos/ProyectosVisual/Catalogo_Digital_Aceros_Pe-ascal/catalogo-web/fotos/JAL-COLTA.webp
JAL-COLTN,JALADERA TRENZADA COLOR (NEGRA),JAL-COLTN.webp,,0.0,1.0,700,skip,Foto no encontrada: /home/rodrigo/Documentos/ProyectosVisual/Catalogo_Digital_Aceros_Pe-ascal/catalogo-web/fotos/JAL-COLTN.webp
JAL-COLTV,JALADERA TRENZADA COLOR (VERDE),JAL-COLTV.webp,,0.0,1.0,700,skip,Foto no encontrada: /home/rodrigo/Documentos/ProyectosVisual/Catalogo_Digital_Aceros_Pe-ascal/catalogo-web/fotos/JAL-COLTV.webp
LPER3MMC.22,LAMINA PERFORADA 3 MM CAL.22 1MT.X 2MT.(E118/196),LPER3MMC-22.webp,CAL.22 3 MM 1MT 2MT 118/196,22.0,1.0,700,skip,Foto no encontrada: /home/rodrigo/Documentos/ProyectosVisual/Catalogo_Digital_Aceros_Pe-ascal/catalogo-web/fotos/LPER3MMC-22.webp
LPER6MMC.20,LAMINA PERFORADA 6 MM CAL.20 1MT.X 2MT.(E236/314),LPER6MMC-20.webp,CAL.20 6 MM 1MT 2MT 236/314,20.0,0.9535,667,skip,Foto no encontrada: /home/rodrigo/Documentos/ProyectosVisual/Catalogo_Digital_Aceros_Pe-ascal/catalogo-web/fotos/LPER6MMC-20.webp
LPER10MMC.20,LAMINA PERFORADA10 MM CAL.20 1MT.X 2MT.(E393/511),LPER10MMC-20.webp,CAL.20 10 MM 1MT 2MT 393/511,20.0,0.9535,667,skip,Foto no encontrada: /home/rodrigo/Documentos/ProyectosVisual/Catalogo_Digital_Aceros_Pe-ascal/catalogo-web/fotos/LPER10MMC-20.webp
LANL12,"LANZA LISA DE 1/2""",LANL12.webp,"1/2"" 1/2",0.5,1.0,700,ok,Guardado con lado_destino=700px (factor=1.0)
PUFLE105,"LANZA LISA DE 1/2"" (PUFLE 105)",PUFLE105.webp,"1/2"" 1/2",0.5,1.0,700,skip,Foto no encontrada: /home/rodrigo/Documentos/ProyectosVisual/Catalogo_Digital_Aceros_Pe-ascal/catalogo-web/fotos/PUFLE105.webp
MAC3/16,MACHUELO 3/16,MAC3-16.webp,3/16,0.1875,1.0,700,ok,Guardado con lado_destino=700px (factor=1.0)
MAC5/32,MACHUELO 5/32,MAC5-32.webp,5/32,0.15625,0.9129,639,ok,Guardado con lado_destino=639px (factor=0.9129)
PASA30R,PASADOR A 30 REFORZADO,PASA30R.webp,,30.0,0.7071,494,ok,Guardado con lado_destino=494px (factor=0.7071)
PASA40R,PASADOR A 40 REFORZADO,PASA40R.webp,,40.0,0.8165,571,ok,Guardado con lado_destino=571px (factor=0.8165)
PASA60R,PASADOR A 60 REFORZADO,PASA60R.webp,,60.0,1.0,700,ok,Guardado con lado_destino=700px (factor=1.0)
PASA30S,PASADOR A 30 SENCILLO,PASA30S.webp,,30.0,0.7071,494,ok,Guardado con lado_destino=494px (factor=0.7071)
PASA40S,PASADOR A 40 SENCILLO,PASA40S.webp,,40.0,0.8165,571,ok,Guardado con lado_destino=571px (factor=0.8165)
PASA60S,PASADOR A 60 SENCILLO,PASA60S.webp,,60.0,1.0,700,ok,Guardado con lado_destino=700px (factor=1.0)
PAS-CA30,PASADOR DE PISO A-30 COLONIAL,PAS-CA30.webp,,30.0,0.7071,494,ok,Guardado con lado_destino=494px (factor=0.7071)
PAS-CA40,PASADOR DE PISO A-40 COLONIAL,PAS-CA40.webp,,40.0,0.8165,571,ok,Guardado con lado_destino=571px (factor=0.8165)
PAS-CA60,PASADOR DE PISO A-60 COLONIAL,PAS-CA60.webp,,60.0,1.0,700,ok,Guardado con lado_destino=700px (factor=1.0)
PASP100,PASADOR P100,PASP100.webp,,100.0,0.8165,571,ok,Guardado con lado_destino=571px (factor=0.8165)
PASP150,PASADOR P150,PASP150.webp,,150.0,1.0,700,ok,Guardado con lado_destino=700px (factor=1.0)
PASP50,PASADOR P50,PASP50.webp,,50.0,0.5774,404,ok,Guardado con lado_destino=404px (factor=0.5774)
PASR10,PASADOR R 10,PASR10.webp,,10.0,0.6325,442,ok,Guardado con lado_destino=442px (factor=0.6325)
PASR15,PASADOR R 15,PASR15.webp,,15.0,0.7746,542,ok,Guardado con lado_destino=542px (factor=0.7746)
PASR25,PASADOR R 25,PASR25.webp,,25.0,1.0,700,ok,Guardado con lado_destino=700px (factor=1.0)
PASR5,PASADOR R 5,PASR5.webp,,5.0,0.4472,313,ok,Guardado con lado_destino=313px (factor=0.4472)
PE300VAR,PORTA ELECTRODO 300 AMP.VARGAS,PE300VAR.webp,,300.0,0.7746,542,ok,Guardado con lado_destino=542px (factor=0.7746)
PE500VAR,PORTA ELECTRODO 500 AMP.VARGAS,PE500VAR.webp,,500.0,1.0,700,ok,Guardado con lado_destino=700px (factor=1.0)
REGO1.22,REJACERO GOTICO 1.22 X 2.44 MTS.,REGO1-22.webp,1.22 X 2.44 2.44 MTS,2.44,0.1633,150,skip,Foto no encontrada: /home/rodrigo/Documentos/ProyectosVisual/Catalogo_Digital_Aceros_Pe-ascal/catalogo-web/fotos/REGO1-22.webp
REGO,REJACERO GOTICO 91.5 X 2.44 MTS.,REGO.webp,91.5 X 2.44 2.44 MTS,91.5,1.0,700,skip,Foto no encontrada: /home/rodrigo/Documentos/ProyectosVisual/Catalogo_Digital_Aceros_Pe-ascal/catalogo-web/fotos/REGO.webp
REMA6X25,"REMACHE DE GOLPE 1/4"" X 1""",REMA6X25.webp,"1/4"" 1"" 1/4",1.0,1.0,700,ok,Guardado con lado_destino=700px (factor=1.0)
REMA5X25,"REMACHE DE GOLPE 3/16"" X 1""",REMA5X25.webp,"3/16"" 1"" 3/16",1.0,1.0,700,ok,Guardado con lado_destino=700px (factor=1.0)
RE3/1635,"RESORTE P/CORTINA 3/16"" X 35 CM",RE3-1635.webp,"3/16"" 35 CM 3/16",35.0,0.9354,654,ok,Guardado con lado_destino=654px (factor=0.9354)
RE3/1640,"RESORTE P/CORTINA 3/16"" X 40 CM",RE3-1640.webp,"3/16"" 40 CM 3/16",40.0,1.0,700,ok,Guardado con lado_destino=700px (factor=1.0)
RE7/3235,"RESORTE P/CORTINA 7/32"" X 35 CM",RE7-3235.webp,"7/32"" 35 CM 7/32",35.0,0.9354,654,ok,Guardado con lado_destino=654px (factor=0.9354)
RE7/3240,"RESORTE P/CORTINA 7/32"" X 40 CM",RE7-3240.webp,"7/32"" 40 CM 7/32",40.0,1.0,700,ok,Guardado con lado_destino=700px (factor=1.0)
RUEV50,"RUEDA A PISO EN ""V"" DE 2"" CAP. 150KG.MASTER RAIL",RUEV50.webp,"2""",2.0,0.8165,571,ok,Guardado con lado_destino=571px (factor=0.8165)
RUEV75,"RUEDA A PISO EN ""V"" DE 3"" CAP. 250KG.MASTER RAIL",RUEV75.webp,"3""",3.0,1.0,700,ok,Guardado con lado_destino=700px (factor=1.0)
TEJU38,"TEJUELO PULIDO 1 1/2""",TEJU38.webp,"1 1/2"" 1/2",1.0,0.5774,404,ok,Guardado con lado_destino=404px (factor=0.5774)
TEJU32,"TEJUELO PULIDO 1 1/4""",TEJU32.webp,"1 1/4"" 1/4",1.0,0.5774,404,ok,Guardado con lado_destino=404px (factor=0.5774)
TEJU25,"TEJUELO PULIDO 1""",TEJU25.webp,"1""",1.0,0.5774,404,ok,Guardado con lado_destino=404px (factor=0.5774)
TEJU64,"TEJUELO PULIDO 2 1/2""",TEJU64.webp,"2 1/2"" 1/2",2.0,0.8165,571,ok,Guardado con lado_destino=571px (factor=0.8165)
TEJU50,"TEJUELO PULIDO 2""",TEJU50.webp,"2""",2.0,0.8165,571,ok,Guardado con lado_destino=571px (factor=0.8165)
TEJU75,"TEJUELO PULIDO 3""",TEJU75.webp,"3""",3.0,1.0,700,ok,Guardado con lado_destino=700px (factor=1.0)
HSS6X63/16-12.20M,"HSS  DE 6"" X 6"" EN 3/16 A 12.20 MTS( 21.65 KG/ML)",HSS6X63-16-12-20M.webp,"6"" 12.20 MTS 3/16",12.2,1.0,700,skip,Foto no encontrada: /home/rodrigo/Documentos/ProyectosVisual/Catalogo_Digital_Aceros_Pe-ascal/catalogo-web/fotos/HSS6X63-16-12-20M.webp
HSS6X63/16,"HSS  DE 6"" X 6"" EN 3/16 A 6.10 MTS( 21.65 KG/ML)",HSS6X63-16.webp,"6"" 6.10 MTS 3/16",6.1,0.7071,494,ok,Guardado con lado_destino=494px (factor=0.7071)
HSS10X101/4,"HSS DE 10"" X 10"" EN 1/4"" A 12.20 MTS(48.55 KG/ML)",HSS10X101-4.webp,"10"" 1/4"" 12.20 MTS 1/4",12.2,1.0,700,ok,Guardado con lado_destino=700px (factor=1.0)
HSS8X81/4,"HSS DE 8"" X 8"" EN 1/4"" A 12.20 MTS",HSS8X81-4.webp,"8"" 1/4"" 12.20 MTS 1/4",12.2,1.0,700,ok,Guardado con lado_destino=700px (factor=1.0)
HSS8X8-3/8,"HSS DE 8"" X 8"" EN 3/8"" A 12.20 MTS",HSS8X8-3-8.webp,"8"" 3/8"" 12.20 MTS 3/8",12.2,1.0,700,ok,Guardado con lado_destino=700px (factor=1.0)
MON100X50C16,"MONTEN PINTADO 4 X 2"" C16",MON100X50C16.webp,"C16 2"" 4 X 2",16.0,1.0,700,ok,Guardado con lado_destino=700px (factor=1.0)
MON150X50C14,"MONTEN PINTADO 6 X 2"" C 14",MON150X50C14.webp,"C 14 2"" 6 X 2",14.0,0.9354,654,skip,Foto no encontrada: /home/rodrigo/Documentos/ProyectosVisual/Catalogo_Digital_Aceros_Pe-ascal/catalogo-web/fotos/MON150X50C14.webp
PTR38X38,"PTR 1 1/2"" X 1 1/2"" C-14",PTR38X38.webp,"1 1/2"" 1/2",1.0,0.5,350,ok,Guardado con lado_destino=350px (factor=0.5)
PTR25X25C14,"PTR 1"" X 1"" C-14",PTR25X25C14.webp,"1""",1.0,0.5,350,ok,Guardado con lado_destino=350px (factor=0.5)
PTR25X25C16,"PTR 1"" X 1"" C-16",PTR25X25C16.webp,"1""",1.0,0.5,350,ok,Guardado con lado_destino=350px (factor=0.5)
PTR25X50CAL.11,"PTR 1"" X 2"" C-11",PTR25X50CAL-11.webp,"1"" 2""",2.0,0.7071,494,ok,Guardado con lado_destino=494px (factor=0.7071)
PTR25X50,"PTR 1""X 2"" C-14",PTR25X50.webp,"1"" 2""",2.0,0.7071,494,ok,Guardado con lado_destino=494px (factor=0.7071)
PTR25X50C16,"PTR 1""X 2"" C-16",PTR25X50C16.webp,"1"" 2""",2.0,0.7071,494,ok,Guardado con lado_destino=494px (factor=0.7071)
PTR64X64,"PTR 2 1/2"" X 2 1/2"" C-14",PTR64X64.webp,"2 1/2"" 1/2",2.0,0.7071,494,ok,Guardado con lado_destino=494px (factor=0.7071)
PTR50X75C11,PTR 2 X 3 C-11,PTR50X75C11.webp,2 X 3,3.0,0.866,606,ok,Guardado con lado_destino=606px (factor=0.866)
PTR50X75,"PTR 2"" X  3"" C-14",PTR50X75.webp,"2"" 3""",3.0,0.866,606,ok,Guardado con lado_destino=606px (factor=0.866)
PTR50X100,"PTR 2"" X  4"" C-14",PTR50X100.webp,"2"" 4""",4.0,1.0,700,ok,Guardado con lado_destino=700px (factor=1.0)
PTR50X5014,"PTR 2"" X 2"" C-14",PTR50X5014.webp,"2""",2.0,0.7071,494,ok,Guardado con lado_destino=494px (factor=0.7071)
PTR50X50C16,"PTR 2"" X 2"" C-16",PTR50X50C16.webp,"2""",2.0,0.7071,494,ok,Guardado con lado_destino=494px (factor=0.7071)
PTR50X100C11,"PTR 2"" X 4""  C-11",PTR50X100C11.webp,"2"" 4""",4.0,1.0,700,ok,Guardado con lado_destino=700px (factor=1.0)
PTR75X75C11,"PTR 3"" X 3"" C-11",PTR75X75C11.webp,"3""",3.0,0.866,606,ok,Guardado con lado_destino=606px (factor=0.866)
PTR75X75,"PTR 3"" X 3"" C-14",PTR75X75.webp,"3""",3.0,0.866,606,ok,Guardado con lado_destino=606px (factor=0.866)
PTR19X19C14,"PTR 3/4"" X 3/4"" C-14",PTR19X19C14.webp,"3/4"" 3/4",0.75,0.433,303,ok,Guardado con lado_destino=303px (factor=0.433)
PTR100X100C11,"PTR 4"" X 4"" C-11",PTR100X100C11.webp,"4""",4.0,1.0,700,ok,Guardado con lado_destino=700px (factor=1.0)
PTR100X100C14,"PTR 4"" X 4"" C-14",PTR100X100C14.webp,"4""",4.0,1.0,700,ok,Guardado con lado_destino=700px (factor=1.0)
PTR 38X75,"PTR 1 1/2"" X 3""",PTR-38X75.webp,"1 1/2"" 3"" 1/2",3.0,0.866,606,ok,Guardado con lado_destino=606px (factor=0.866)
PTR38X100,"PTR 1 1/2"" X 4""",PTR38X100.webp,"1 1/2"" 4"" 1/2",4.0,1.0,700,ok,Guardado con lado_destino=700px (factor=1.0)
PTR32X32C11,PTR 1 1/4X 1 1/4 C-11,PTR32X32C11.webp,4X 1 1/4,4.0,1.0,700,ok,Guardado con lado_destino=700px (factor=1.0)
PTR32X32C14,PTR 1 1/4X 1 1/4 C-14,PTR32X32C14.webp,4X 1 1/4,4.0,1.0,700,ok,Guardado con lado_destino=700px (factor=1.0)
PTR32X32C16,PTR 1 1/4X 1 1/4 C-16,PTR32X32C16.webp,4X 1 1/4,4.0,1.0,700,ok,Guardado con lado_destino=700px (factor=1.0)
PTRG32X32,"PTR DE 1 1/4"" X 1 1/4"" GALVANIZADO C-14",PTRG32X32.webp,"1 1/4"" 1/4",1.0,0.7071,494,ok,Guardado con lado_destino=494px (factor=0.7071)
PTRG25X25,"PTR DE 1"" X 1"" GALVANIZADO C-14",PTRG25X25.webp,"1""",1.0,0.7071,494,ok,Guardado con lado_destino=494px (factor=0.7071)
PTRG50X50,"PTR DE 2"" X 2"" GALVANIZADO C-14",PTRG50X50.webp,"2""",2.0,1.0,700,ok,Guardado con lado_destino=700px (factor=1.0)
TUINC1638,"TUBO INDUSTRIAL C-16 1"" 1/2",TUINC1638.webp,"16 1"" 1/2",16.0,1.0,700,ok,Guardado con lado_destino=700px (factor=1.0)
TUINC1632,"TUBO INDUSTRIAL C-16 1"" 1/4",TUINC1632.webp,"16 1"" 1/4",16.0,1.0,700,ok,Guardado con lado_destino=700px (factor=1.0)
TUINC1644,"TUBO INDUSTRIAL C-16 1"" 3/4",TUINC1644.webp,"16 1"" 3/4",16.0,1.0,700,ok,Guardado con lado_destino=700px (factor=1.0)
TUINC1650,"TUBO INDUSTRIAL C-16 2""",TUINC1650.webp,"16 2""",16.0,1.0,700,ok,Guardado con lado_destino=700px (factor=1.0)
TUINC1675,"TUBO INDUSTRIAL C-16 3""",TUINC1675.webp,"16 3""",16.0,1.0,700,ok,Guardado con lado_destino=700px (factor=1.0)
TUINC1625,"TUBO INDUSTRIAL DE 1"" C-16 6 MTS",TUINC1625.webp,"1"" 6 MTS",6.0,1.0,700,ok,Guardado con lado_destino=700px (factor=1.0)
TUINC2025,"TUBO INDUSTRIAL DE 1"" C-20 6MTS",TUINC2025.webp,"1"" 6MTS",6.0,1.0,700,ok,Guardado con lado_destino=700px (factor=1.0)
TUNEC3038,"TUBO NEGRO C 30 1 1/2""",TUNEC3038.webp,"C 30 1 1/2"" 1/2",30.0,0.866,606,ok,Guardado con lado_destino=606px (factor=0.866)
TUNEC3032,"TUBO NEGRO C 30 1 1/4""",TUNEC3032.webp,"C 30 1 1/4"" 1/4",30.0,0.866,606,ok,Guardado con lado_destino=606px (factor=0.866)
TUNEC3025,"TUBO NEGRO C 30 1""",TUNEC3025.webp,"C 30 30 1""",30.0,0.866,606,ok,Guardado con lado_destino=606px (factor=0.866)
TUNEC3013,"TUBO NEGRO C 30 1/2""",TUNEC3013.webp,"C 30 30 1/2"" 1/2",30.0,0.866,606,ok,Guardado con lado_destino=606px (factor=0.866)
TUNEC3065,"TUBO NEGRO C 30 2 1/2""",TUNEC3065.webp,"C 30 2 1/2"" 1/2",30.0,0.866,606,ok,Guardado con lado_destino=606px (factor=0.866)
TUNEC3050,"TUBO NEGRO C 30 2""",TUNEC3050.webp,"C 30 30 2""",30.0,0.866,606,ok,Guardado con lado_destino=606px (factor=0.866)
TUNEC3075,"TUBO NEGRO C 30 3""",TUNEC3075.webp,"C 30 30 3""",30.0,0.866,606,ok,Guardado con lado_destino=606px (factor=0.866)
TUNEC3019,"TUBO NEGRO C 30 3/4""",TUNEC3019.webp,"C 30 30 3/4"" 3/4",30.0,0.866,606,ok,Guardado con lado_destino=606px (factor=0.866)
TUNEC30100,"TUBO NEGRO C 30 4""",TUNEC30100.webp,"C 30 30 4""",30.0,0.866,606,ok,Guardado con lado_destino=606px (factor=0.866)
TUNEC30150,"TUBO NEGRO C 30 6""",TUNEC30150.webp,"C 30 30 6""",30.0,0.866,606,ok,Guardado con lado_destino=606px (factor=0.866)
TUNEC4038,"TUBO NEGRO C 40 1 1/2""",TUNEC4038.webp,"C 40 1 1/2"" 1/2",40.0,1.0,700,ok,Guardado con lado_destino=700px (factor=1.0)
TUNEC4032,"TUBO NEGRO C 40 1 1/4""",TUNEC4032.webp,"C 40 1 1/4"" 1/4",40.0,1.0,700,ok,Guardado con lado_destino=700px (factor=1.0)
TUNEC4025,"TUBO NEGRO C 40 1""",TUNEC4025.webp,"C 40 40 1""",40.0,1.0,700,ok,Guardado con lado_destino=700px (factor=1.0)
TUNEC4013,"TUBO NEGRO C 40 1/2""",TUNEC4013.webp,"C 40 40 1/2"" 1/2",40.0,1.0,700,ok,Guardado con lado_destino=700px (factor=1.0)
TUNEC4050,"TUBO NEGRO C 40 2""",TUNEC4050.webp,"C 40 40 2""",40.0,1.0,700,ok,Guardado con lado_destino=700px (factor=1.0)
TUNEC4075,"TUBO NEGRO C 40 3""",TUNEC4075.webp,"C 40 40 3""",40.0,1.0,700,ok,Guardado con lado_destino=700px (factor=1.0)
TUNEC4019,"TUBO NEGRO C 40 3/4""",TUNEC4019.webp,"C 40 40 3/4"" 3/4",40.0,1.0,700,ok,Guardado con lado_destino=700px (factor=1.0)
TUNEC40100,"TUBO NEGRO C 40 4""",TUNEC40100.webp,"C 40 40 4""",40.0,1.0,700,ok,Guardado con lado_destino=700px (factor=1.0)
TUNEC40150,"TUBO NEGRO C 40 6""",TUNEC40150.webp,"C 40 40 6""",40.0,1.0,700,ok,Guardado con lado_destino=700px (factor=1.0)
CA-22,JGO. CARBON P/PULIDORA BOSCH CA-22,CA-22.webp,,22.0,1.0,700,ok,Guardado con lado_destino=700px (factor=1.0)
CA-7,JGO. CARBON P/PULIDORA BOSCH CA-7,CA-7.webp,,7.0,0.5641,394,ok,Guardado con lado_destino=394px (factor=0.5641)
CA-64,"JGO. CARBON P/TALADRO 1/2"" SURTEK CA-64",CA-64.webp,"1/2"" 1/2",0.5,1.0,700,ok,Guardado con lado_destino=700px (factor=1.0)
CA-66,"JGO. CARBON P/TALADRO 3/8"" SURTEK CA-66",CA-66.webp,"3/8"" 3/8",0.375,0.866,606,ok,Guardado con lado_destino=606px (factor=0.866)
CA-81,"JGO. CARBON TALADRO 3/8"" B&D CA-81",CA-81.webp,"3/8"" 3/8",0.375,0.3536,247,ok,Guardado con lado_destino=247px (factor=0.3536)
CA-3,JGO. CARBON TALADRO B&D CA-03,CA-3.webp,,3.0,1.0,700,ok,Guardado con lado_destino=700px (factor=1.0)
PASLA13,PASADOR LATON 13 CM,PASLA13.webp,13 CM,13.0,1.0,700,ok,Guardado con lado_destino=700px (factor=1.0)
PASLA5,PASADOR LATON 5CM,PASLA5.webp,5CM,5.0,0.6202,434,ok,Guardado con lado_destino=434px (factor=0.6202)
PASLA9,PASADOR LATON 9 CM,PASLA9.webp,9 CM,9.0,0.8321,582,ok,Guardado con lado_destino=582px (factor=0.8321)
PASMA32,PASADOR MAUSER 32 MM,PASMA32.webp,32 MM,1.2598425196850394,0.7071,494,ok,Guardado con lado_destino=494px (factor=0.7071)
PASMA51,PASADOR MAUSER 51 MM,PASMA51.webp,51 MM,2.0078740157480315,0.8927,624,ok,Guardado con lado_destino=624px (factor=0.8927)
PASMA64,PASADOR MAUSER 64 MM,PASMA64.webp,64 MM,2.5196850393700787,1.0,700,ok,Guardado con lado_destino=700px (factor=1.0)
SDH700-B3,"TALADRO ROTOMARTILLO STANLEY 1/2""700W(SDH700B-3)",SDH700-B3.webp,"1/2"" 1/2",0.5,1.0,700,ok,Guardado con lado_destino=700px (factor=1.0)
STDH8013-B3,"TALADRO ROTOMARTILLO STANLEY 1/2""800W(STDH8013-B3)",STDH8013-B3.webp,"1/2"" 1/2",0.5,1.0,700,ok,Guardado con lado_destino=700px (factor=1.0)
AA 915/120L VV,"ESMERILADORA ANG.4 1/2. GLAD. 1200W, V.V.",AA-915-120L-VV.webp,1/2,0.5,1.0,700,ok,Guardado con lado_destino=700px (factor=1.0)
AA11115/1/120GV,"ESMERILADORA ANG.4 1/2. GLAD. 1200W, V.V.",AA11115-1-120GV.webp,1/2,0.5,1.0,700,ok,Guardado con lado_destino=700px (factor=1.0)
A8/09/5/5,MICROALAMBRE FLUX MIG GAS 0.9MM X 5 KG GLADIATOR,A8-09-5-5.webp,0.9MM,0.03543307086614173,0.1882,150,ok,Guardado con lado_destino=150px (factor=0.1882)
A8/09/1/5,MICROALAMBRE FLUX MIG GAS X 1 KG GLADIATOR,A8-09-1-5.webp,,1.0,1.0,700,ok,Guardado con lado_destino=700px (factor=1.0)
ZC150,"CUADRADO TUBULAR 1 1 /2""",ZC150.webp,"1 /2""",0.5,1.0,700,ok,Guardado con lado_destino=700px (factor=1.0)
ZC125,"CUADRADO TUBULAR 1 1 /4""",ZC125.webp,"1 /4""",0.25,0.7071,494,ok,Guardado con lado_destino=494px (factor=0.7071)
ZC100,"CUADRADO TUBULAR 1""",ZC100.webp,"1""",1.0,0.7071,494,ok,Guardado con lado_destino=494px (factor=0.7071)
ZC200,"CUADRADO TUBULAR 2""",ZC200.webp,"2""",2.0,1.0,700,ok,Guardado con lado_destino=700px (factor=1.0)
ZC075,"CUADRADO TUBULAR 3/4""",ZC075.webp,"3/4"" 3/4",0.75,0.6124,428,ok,Guardado con lado_destino=428px (factor=0.6124)
LGLR3C24,KG. DE LAM. GALV ROLL C24 3`,LGLR3C24.webp,C24,24.0,0.9258,648,ok,Guardado con lado_destino=648px (factor=0.9258)
LGLR4C24,KG. DE LAM. GALV ROLL C24 4`,LGLR4C24.webp,C24,24.0,0.9258,648,ok,Guardado con lado_destino=648px (factor=0.9258)
LGLR3C26,KG. DE LAM. GALV ROLL C26 3`,LGLR3C26.webp,C26,26.0,0.9636,674,ok,Guardado con lado_destino=674px (factor=0.9636)
LGLR4C26,KG. DE LAM. GALV ROLL C26 4`,LGLR4C26.webp,C26,26.0,0.9636,674,ok,Guardado con lado_destino=674px (factor=0.9636)
LGLR3C28,KG. DE LAM. GALV ROLL C28 3`,LGLR3C28.webp,C28,28.0,1.0,700,ok,Guardado con lado_destino=700px (factor=1.0)
LGAR3.05,LAMINA GALV. Z ALUM RECT 3.05,LGAR3-05.webp,,3.05,0.6455,451,ok,Guardado con lado_destino=451px (factor=0.6455)
LGZR3.66,LAMINA GALV. Z ALUM RECT 3.66,LGZR3-66.webp,,3.66,0.7071,494,ok,Guardado con lado_destino=494px (factor=0.7071)
LGZR4.27,LAMINA GALV. Z ALUM RECT 4.27,LGZR4-27.webp,,4.27,0.7638,534,ok,Guardado con lado_destino=534px (factor=0.7638)
LGZR4.88,LAMINA GALV. Z ALUM RECT 4.88,LGZR4-88.webp,,4.88,0.8165,571,ok,Guardado con lado_destino=571px (factor=0.8165)
LGZR5.50,LAMINA GALV. Z ALUM RECT 5.50,LGZR5-50.webp,,5.5,0.8668,606,ok,Guardado con lado_destino=606px (factor=0.8668)
LGZR6.10,LAMINA GALV. Z ALUM RECT 6.10,LGZR6-10.webp,,6.1,0.9129,639,ok,Guardado con lado_destino=639px (factor=0.9129)
LGZR7.32,LAMINA GALV. Z ALUM RECT 7.32,LGZR7-32.webp,,7.32,1.0,700,ok,Guardado con lado_destino=700px (factor=1.0)
LGZR3.05C26,LAMINA GALV. Z ALUM RECT 3.05 CAL.26,LGZR3-05C26.webp,CAL.26,26.0,1.0,700,ok,Guardado con lado_destino=700px (factor=1.0)
LGZR4.27C26,LAMINA GALV. Z ALUM RECT 4.27 CAL. 26,LGZR4-27C26.webp,CAL. 26,26.0,1.0,700,ok,Guardado con lado_destino=700px (factor=1.0)
LGZR4.88C26,LAMINA GALV. Z ALUM RECT 4.88 CAL. 26,LGZR4-88C26.webp,CAL. 26,26.0,1.0,700,ok,Guardado con lado_destino=700px (factor=1.0)
LGT3.05,LAMINA GALVATEJA C 26 3.05 MT.,LGT3-05.webp,C 26 3.05 MT,26.0,1.0,700,ok,Guardado con lado_destino=700px (factor=1.0)
LGT3.66,LAMINA GALVATEJA C 26 3.66 MT.,LGT3-66.webp,C 26 3.66 MT,26.0,1.0,700,ok,Guardado con lado_destino=700px (factor=1.0)
LGALTEJA4.27,LAMINA GALVATEJA C 26 4.27 MT.,LGALTEJA4-27.webp,C 26 4.27 MT,26.0,1.0,700,ok,Guardado con lado_destino=700px (factor=1.0)
LGTP1.83,LAMINA GALVATEJA PLUS C 26 1.83 MT.,LGTP1-83.webp,C 26 1.83 MT,26.0,1.0,700,ok,Guardado con lado_destino=700px (factor=1.0)
LGTP2.44,LAMINA GALVATEJA PLUS C 26 2.44 MT.,LGTP2-44.webp,C 26 2.44 MT,26.0,1.0,700,ok,Guardado con lado_destino=700px (factor=1.0)
LGTP3.05,LAMINA GALVATEJA PLUS C 26 3.05 MT.,LGTP3-05.webp,C 26 3.05 MT,26.0,1.0,700,ok,Guardado con lado_destino=700px (factor=1.0)
LGTP3.66,LAMINA GALVATEJA PLUS C 26 3.66 MT.,LGTP3-66.webp,C 26 3.66 MT,26.0,1.0,700,ok,Guardado con lado_destino=700px (factor=1.0)
LGTP4.27,LAMINA GALVATEJA PLUS C 26 4.27 MT.,LGTP4-27.webp,C 26 4.27 MT,26.0,1.0,700,ok,Guardado con lado_destino=700px (factor=1.0)
LGTP4.88,LAMINA GALVATEJA PLUS C 26 4.88 MT.,LGTP4-88.webp,C 26 4.88 MT,26.0,1.0,700,ok,Guardado con lado_destino=700px (factor=1.0)
LGTP5.50,LAMINA GALVATEJA PLUS C 26 5.50 MT.,LGTP5-50.webp,C 26 5.50 MT,26.0,1.0,700,ok,Guardado con lado_destino=700px (factor=1.0)
LGTP6.10,LAMINA GALVATEJA PLUS C 26 6.10 MT.,LGTP6-10.webp,C 26 6.10 MT,26.0,1.0,700,ok,Guardado con lado_destino=700px (factor=1.0)
LNANT3C12,LAMINA NEGRA ANTID. 3X10 C12,LNANT3C12.webp,C12 3X10,12.0,0.866,606,ok,Guardado con lado_destino=606px (factor=0.866)
LNANT3C14,LAMINA NEGRA ANTID. 3X10 C14,LNANT3C14.webp,C14 3X10,14.0,0.9354,654,ok,Guardado con lado_destino=654px (factor=0.9354)
LNANT4C12,LAMINA NEGRA ANTID. 4X10 C12,LNANT4C12.webp,C12 4X10,12.0,0.866,606,ok,Guardado con lado_destino=606px (factor=0.866)
LNANT4C14,LAMINA NEGRA ANTID. 4X10 C14,LNANT4C14.webp,C14 4X10,14.0,0.9354,654,ok,Guardado con lado_destino=654px (factor=0.9354)
LNANT4C16,LAMINA NEGRA ANTID. 4X10 C16,LNANT4C16.webp,C16 4X10,16.0,1.0,700,ok,Guardado con lado_destino=700px (factor=1.0)
LNL3C12,MT LAMINA NEGRA LISA 3 C12,LNL3C12.webp,C12,12.0,0.7385,516,ok,Guardado con lado_destino=516px (factor=0.7385)
LNL3C14,MT LAMINA NEGRA LISA 3 C14,LNL3C14.webp,C14,14.0,0.7977,558,ok,Guardado con lado_destino=558px (factor=0.7977)
LNL3C16,MT LAMINA NEGRA LISA 3 C16,LNL3C16.webp,C16,16.0,0.8528,596,ok,Guardado con lado_destino=596px (factor=0.8528)
LNL3C18,MT LAMINA NEGRA LISA 3 C18,LNL3C18.webp,C18,18.0,0.9045,633,ok,Guardado con lado_destino=633px (factor=0.9045)
LNL3C20,MT LAMINA NEGRA LISA 3 C20,LNL3C20.webp,C20,20.0,0.9535,667,ok,Guardado con lado_destino=667px (factor=0.9535)
LNL3C22,MT LAMINA NEGRA LISA 3 C22,LNL3C22.webp,C22,22.0,1.0,700,ok,Guardado con lado_destino=700px (factor=1.0)
LNL4C12,MT LAMINA NEGRA LISA 4 C12,LNL4C12.webp,C12,12.0,0.7385,516,ok,Guardado con lado_destino=516px (factor=0.7385)
LNL4C14,MT LAMINA NEGRA LISA 4 C14,LNL4C14.webp,C14,14.0,0.7977,558,ok,Guardado con lado_destino=558px (factor=0.7977)
LNL4C16,MT LAMINA NEGRA LISA 4 C16,LNL4C16.webp,C16,16.0,0.8528,596,ok,Guardado con lado_destino=596px (factor=0.8528)
LNL4C18,MT LAMINA NEGRA LISA 4 C18,LNL4C18.webp,C18,18.0,0.9045,633,ok,Guardado con lado_destino=633px (factor=0.9045)
LNL4C20,MT LAMINA NEGRA LISA 4 C20,LNL4C20.webp,C20,20.0,0.9535,667,ok,Guardado con lado_destino=667px (factor=0.9535)
LGL3C16,MT. DE LAM. GALV LISA 3´ C16,LGL3C16.webp,C16,16.0,0.8528,596,ok,Guardado con lado_destino=596px (factor=0.8528)
LGL3C18,MT. DE LAM. GALV LISA 3´ C18,LGL3C18.webp,C18,18.0,0.9045,633,skip,Foto no encontrada: /home/rodrigo/Documentos/ProyectosVisual/Catalogo_Digital_Aceros_Pe-ascal/catalogo-web/fotos/LGL3C18.webp
LGL3C20,MT. DE LAM. GALV LISA 3´ C20,LGL3C20.webp,C20,20.0,0.9535,667,skip,Foto no encontrada: /home/rodrigo/Documentos/ProyectosVisual/Catalogo_Digital_Aceros_Pe-ascal/catalogo-web/fotos/LGL3C20.webp
LGL3C22,MT. DE LAM. GALV LISA 3´ C22,LGL3C22.webp,C22,22.0,1.0,700,skip,Foto no encontrada: /home/rodrigo/Documentos/ProyectosVisual/Catalogo_Digital_Aceros_Pe-ascal/catalogo-web/fotos/LGL3C22.webp
LGL4C16,MT. DE LAM. GALV LISA 4´ C16,LGL4C16.webp,C16,16.0,0.8528,596,ok,Guardado con lado_destino=596px (factor=0.8528)
LGL4C18,MT. DE LAM. GALV LISA 4´ C18,LGL4C18.webp,C18,18.0,0.9045,633,ok,Guardado con lado_destino=633px (factor=0.9045)
LGL4C20,MT. DE LAM. GALV LISA 4´ C20,LGL4C20.webp,C20,20.0,0.9535,667,ok,Guardado con lado_destino=667px (factor=0.9535)
LGL4C22,MT. DE LAM. GALV LISA 4´ C22,LGL4C22.webp,C22,22.0,1.0,700,ok,Guardado con lado_destino=700px (factor=1.0)
PLACA25,"PLACA 1""",PLACA25.webp,"1""",1.0,1.0,700,skip,Foto no encontrada: /home/rodrigo/Documentos/ProyectosVisual/Catalogo_Digital_Aceros_Pe-ascal/catalogo-web/fotos/PLACA25.webp
PLA13,"PLACA 1/2""",PLA13.webp,"1/2"" 1/2",0.5,0.7071,494,skip,Foto no encontrada: /home/rodrigo/Documentos/ProyectosVisual/Catalogo_Digital_Aceros_Pe-ascal/catalogo-web/fotos/PLA13.webp
PLACA6,"PLACA 1/4""",PLACA6.webp,"1/4"" 1/4",0.25,0.5,350,ok,Guardado con lado_destino=350px (factor=0.5)
PLACA5,"PLACA 3/16""",PLACA5.webp,"3/16"" 3/16",0.1875,0.433,303,ok,Guardado con lado_destino=303px (factor=0.433)
PLACA19,"PLACA 3/4""",PLACA19.webp,"3/4"" 3/4",0.75,0.866,606,ok,Guardado con lado_destino=606px (factor=0.866)
PLACA10,"PLACA 3/8""",PLACA10.webp,"3/8"" 3/8",0.375,0.6124,428,ok,Guardado con lado_destino=428px (factor=0.6124)
PLACA16,"PLACA 5/8""",PLACA16.webp,"5/8"" 5/8",0.625,0.7906,553,ok,Guardado con lado_destino=553px (factor=0.7906)
ZR125,"RECTANGULAR  1 1/4"" X 3/4""",ZR125.webp,"1 1/4"" 3/4"" 1/4 3/4",1.0,0.5,350,ok,Guardado con lado_destino=350px (factor=0.5)
ZR175,"RECTANGULAR  1 3/4"" X 3/4""",ZR175.webp,"1 3/4"" 3/4"" 3/4",1.0,0.5,350,ok,Guardado con lado_destino=350px (factor=0.5)
ZR225,"RECTANGULAR  2 1/4"" X 3/4""",ZR225.webp,"2 1/4"" 3/4"" 1/4 3/4",2.0,0.7071,494,ok,Guardado con lado_destino=494px (factor=0.7071)
ZR100,"RECTANGULAR 1"" X 1/2""",ZR100.webp,"1"" 1/2"" 1/2",1.0,0.5,350,ok,Guardado con lado_destino=350px (factor=0.5)
ZR249,"RECTANGULAR 2 1/2"" X 1 1/4""",ZR249.webp,"2 1/2"" 1 1/4"" 1/2 1/4",2.0,0.7071,494,ok,Guardado con lado_destino=494px (factor=0.7071)
ZR400,"RECTANGULAR 4 X 1 1/2""",ZR400.webp,"1 1/2"" 4 X 1 1/2",4.0,1.0,700,ok,Guardado con lado_destino=700px (factor=1.0)
ZR300,RECTANGULAR 3 X 1 1/2 C-20,ZR300.webp,3 X 1 1/2,3.0,1.0,700,ok,Guardado con lado_destino=700px (factor=1.0)
ZR300C22,RECTANGULAR 3 X 1 1/2 C-22,ZR300C22.webp,3 X 1 1/2,3.0,1.0,700,ok,Guardado con lado_destino=700px (factor=1.0)
ZT473X320,TABLERO 3 X 3 EN V C 20,ZT473X320.webp,C 20 3 X 3,20.0,0.9535,667,skip,Foto no encontrada: /home/rodrigo/Documentos/ProyectosVisual/Catalogo_Digital_Aceros_Pe-ascal/catalogo-web/fotos/ZT473X320.webp
ZT473X322,TABLERO 3 X 3 EN V C 22,ZT473X322.webp,C 22 3 X 3,22.0,1.0,700,skip,Foto no encontrada: /home/rodrigo/Documentos/ProyectosVisual/Catalogo_Digital_Aceros_Pe-ascal/catalogo-web/fotos/ZT473X322.webp
ZT473X620,TABLERO 3 X 6  EN V C20,ZT473X620.webp,C20 3 X 6,20.0,0.9535,667,skip,Foto no encontrada: /home/rodrigo/Documentos/ProyectosVisual/Catalogo_Digital_Aceros_Pe-ascal/catalogo-web/fotos/ZT473X620.webp
ZT473X622,TABLERO 3 X 6 EN V C 22,ZT473X622.webp,C 22 3 X 6,22.0,1.0,700,skip,Foto no encontrada: /home/rodrigo/Documentos/ProyectosVisual/Catalogo_Digital_Aceros_Pe-ascal/catalogo-web/fotos/ZT473X622.webp
ZT473X820,TABLERO 3 X 8 EN V C 20,ZT473X820.webp,C 20 3 X 8,20.0,0.9535,667,skip,Foto no encontrada: /home/rodrigo/Documentos/ProyectosVisual/Catalogo_Digital_Aceros_Pe-ascal/catalogo-web/fotos/ZT473X820.webp
ZT473X822,TABLERO 3 X 8 EN V C22,ZT473X822.webp,C22 3 X 8,22.0,1.0,700,skip,Foto no encontrada: /home/rodrigo/Documentos/ProyectosVisual/Catalogo_Digital_Aceros_Pe-ascal/catalogo-web/fotos/ZT473X822.webp
ZT473X1020,TABLERO 3X10 EN V C 20,ZT473X1020.webp,C 20 3X10,20.0,0.9535,667,skip,Foto no encontrada: /home/rodrigo/Documentos/ProyectosVisual/Catalogo_Digital_Aceros_Pe-ascal/catalogo-web/fotos/ZT473X1020.webp
ZT473X1022,TABLERO 3X10 EN V C 22,ZT473X1022.webp,C 22 3X10,22.0,1.0,700,ok,Guardado con lado_destino=700px (factor=1.0)
ZTA473X820,TABLERO ATRAV. 3 X 8 EN V C 20,ZTA473X820.webp,C 20 3 X 8,20.0,0.9535,667,skip,Foto no encontrada: /home/rodrigo/Documentos/ProyectosVisual/Catalogo_Digital_Aceros_Pe-ascal/catalogo-web/fotos/ZTA473X820.webp
ZTA473X822,TABLERO ATRAV. 3 X 8 EN V C 22,ZTA473X822.webp,C 22 3 X 8,22.0,1.0,700,skip,Foto no encontrada: /home/rodrigo/Documentos/ProyectosVisual/Catalogo_Digital_Aceros_Pe-ascal/catalogo-web/fotos/ZTA473X822.webp
ZTA473X1020,TABLERO ATRAV. 3X10 EN V C 20,ZTA473X1020.webp,C 20 3X10,20.0,0.9535,667,ok,Guardado con lado_destino=667px (factor=0.9535)
ZTA473X1022,TABLERO ATRAV. 3X10 EN V C 22,ZTA473X1022.webp,C 22 3X10,22.0,1.0,700,ok,Guardado con lado_destino=700px (factor=1.0)
ZTA473X620,TABLERO ATRAVESADO DE 3 X 6 C20,ZTA473X620.webp,C20 3 X 6,20.0,0.9535,667,ok,Guardado con lado_destino=667px (factor=0.9535)
ZTA473X622,TABLERO ATRAVESADO DE 3 X 6 C22,ZTA473X622.webp,C22 3 X 6,22.0,1.0,700,ok,Guardado con lado_destino=700px (factor=1.0)
TCEC244,TIRA P/CORT. EUROPEA C24 4.05 M,TCEC244.webp,C24 4.05 M,24.0,1.0,700,ok,Guardado con lado_destino=700px (factor=1.0)
TCEC245,TIRA P/CORT. EUROPEA C24 5.05 M,TCEC245.webp,C24 5.05 M,24.0,1.0,700,ok,Guardado con lado_destino=700px (factor=1.0)
TCEC246,TIRA P/CORT. EUROPEA C24 6.00 M,TCEC246.webp,C24 6.00 M,24.0,1.0,700,ok,Guardado con lado_destino=700px (factor=1.0)
ZV154C18,VAGUETA O CANALETA C-18,ZV154C18.webp,,18.0,0.9487,664,ok,Guardado con lado_destino=664px (factor=0.9487)
ZV154,VAGUETA O CANALETA C-20,ZV154.webp,,20.0,1.0,700,ok,Guardado con lado_destino=700px (factor=1.0)
ZP150,"ZOCLO CON CEJA 1 1/2"" X 1 1/2""",ZP150.webp,"1 1/2"" 1/2",1.0,0.5,350,ok,Guardado con lado_destino=350px (factor=0.5)
ZP200,"ZOCLO CON CEJA 2 X 1 1/2""",ZP200.webp,"1 1/2"" 2 X 1 1/2",2.0,0.7071,494,ok,Guardado con lado_destino=494px (factor=0.7071)
ZP300,"ZOCLO CON CEJA 3"" X 1 1/2""",ZP300.webp,"3"" 1 1/2"" 1/2",3.0,0.866,606,ok,Guardado con lado_destino=606px (factor=0.866)
ZP400,"ZOCLO CON CEJA 4"" X 1 1/2""",ZP400.webp,"4"" 1 1/2"" 1/2",4.0,1.0,700,ok,Guardado con lado_destino=700px (factor=1.0)
ZP015,"ZOCLO DOBLE CEJA 1 1/2"" X 1 1/2""",ZP015.webp,"1 1/2"" 1/2",1.0,0.5774,404,ok,Guardado con lado_destino=404px (factor=0.5774)
ZP030,"ZOCLO DOBLE CEJA 3"" X 1 1/2""(ZP030)",ZP030.webp,"3"" 1 1/2"" 1/2",3.0,1.0,700,ok,Guardado con lado_destino=700px (factor=1.0)
SOLD407,"SOLERA DECOR. 3/16"" X 1"" 1/2 3MT.(20407)",SOLD407.webp,"3/16"" 1"" 3MT 3/16 1/2",3.0,0.7071,494,skip,Foto no encontrada: /home/rodrigo/Documentos/ProyectosVisual/Catalogo_Digital_Aceros_Pe-ascal/catalogo-web/fotos/SOLD407.webp
SOLD4083M,"SOLERA DECOR. 3/16"" X 1"" 1/2 3MT.(20408)",SOLD4083M.webp,"3/16"" 1"" 3MT 3/16 1/2",3.0,0.7071,494,skip,Foto no encontrada: /home/rodrigo/Documentos/ProyectosVisual/Catalogo_Digital_Aceros_Pe-ascal/catalogo-web/fotos/SOLD4083M.webp
SOLD4056M,"SOLERA DECOR. 3/16"" X 1"" 1/2 6MT.(20405)",SOLD4056M.webp,"3/16"" 1"" 6MT 3/16 1/2",6.0,1.0,700,ok,Guardado con lado_destino=700px (factor=1.0)
SOLD4066M,"SOLERA DECOR. 3/16"" X 1"" 1/2 6MT.(20406)",SOLD4066M.webp,"3/16"" 1"" 6MT 3/16 1/2",6.0,1.0,700,ok,Guardado con lado_destino=700px (factor=1.0)
SOLD4076M,"SOLERA DECOR. 3/16"" X 1"" 1/2 6MT.(20407)",SOLD4076M.webp,"3/16"" 1"" 6MT 3/16 1/2",6.0,1.0,700,skip,Foto no encontrada: /home/rodrigo/Documentos/ProyectosVisual/Catalogo_Digital_Aceros_Pe-ascal/catalogo-web/fotos/SOLD4076M.webp
SOLD4086M,"SOLERA DECOR. 3/16"" X 1"" 1/2 6MT.(20408)",SOLD4086M.webp,"3/16"" 1"" 6MT 3/16 1/2",6.0,1.0,700,skip,Foto no encontrada: /home/rodrigo/Documentos/ProyectosVisual/Catalogo_Digital_Aceros_Pe-ascal/catalogo-web/fotos/SOLD4086M.webp
SOLD4106M,"SOLERA DECOR. 3/16"" X 1""1/2 6MT.(20410)",SOLD4106M.webp,"3/16"" 1"" 6MT 3/16 1/2",6.0,1.0,700,ok,Guardado con lado_destino=700px (factor=1.0)
TUCO38,"TUBO COMBINADO 1"" 1/2 1 MT.",TUCO38.webp,"1"" 1 MT 1/2",1.0,1.0,700,ok,Guardado con lado_destino=700px (factor=1.0)
TUCO32,"TUBO COMBINADO 1"" 1/4 1 MT.",TUCO32.webp,"1"" 1 MT 1/4",1.0,1.0,700,skip,Foto no encontrada: /home/rodrigo/Documentos/ProyectosVisual/Catalogo_Digital_Aceros_Pe-ascal/catalogo-web/fotos/TUCO32.webp
TUIN16C18MI1,"TUBO INGLES  5/8"" 1MT C-18 (10610-INGLES 1)",TUIN16C18MI1.webp,"5/8"" 1MT 5/8",1.0,1.0,700,ok,Guardado con lado_destino=700px (factor=1.0)
TUIN16C18MI2,"TUBO INGLES  5/8"" 1MT C-18 (10611-INGLES 2)",TUIN16C18MI2.webp,"5/8"" 1MT 5/8",1.0,1.0,700,ok,Guardado con lado_destino=700px (factor=1.0)
TUMOEXCC75,TUBO MODUL. EXT.CUA. C-18(colonial-600) (10402),TUMOEXCC75.webp,,10402.0,1.0,700,skip,Foto no encontrada: /home/rodrigo/Documentos/ProyectosVisual/Catalogo_Digital_Aceros_Pe-ascal/catalogo-web/fotos/TUMOEXCC75.webp
TUMOEXCC75-10401,TUBO MODUL. EXT.CUA. C-18(colonial-600)(10401),TUMOEXCC75-10401.webp,,10401.0,1.0,699,ok,Guardado con lado_destino=699px (factor=1.0)
TUMOEXCM75,TUBO MODUL. EXT.CUA. C-18(maya 600),TUMOEXCM75.webp,,600.0,0.2402,168,ok,Guardado con lado_destino=168px (factor=0.2402)
TUMO38,"TUBO MODULADO O COLO. 1 1/2""",TUMO38.webp,"1 1/2"" 1/2",1.0,0.7071,494,skip,Foto no encontrada: /home/rodrigo/Documentos/ProyectosVisual/Catalogo_Digital_Aceros_Pe-ascal/catalogo-web/fotos/TUMO38.webp
TUMO32,"TUBO MODULADO O COLO. 1 1/4""",TUMO32.webp,"1 1/4"" 1/4",1.0,0.7071,494,skip,Foto no encontrada: /home/rodrigo/Documentos/ProyectosVisual/Catalogo_Digital_Aceros_Pe-ascal/catalogo-web/fotos/TUMO32.webp
TUMO25,"TUBO MODULADO O COLO. 1""",TUMO25.webp,"1""",1.0,0.7071,494,skip,Foto no encontrada: /home/rodrigo/Documentos/ProyectosVisual/Catalogo_Digital_Aceros_Pe-ascal/catalogo-web/fotos/TUMO25.webp
TUMO50,"TUBO MODULADO O COLO. 2""",TUMO50.webp,"2""",2.0,1.0,700,skip,Foto no encontrada: /home/rodrigo/Documentos/ProyectosVisual/Catalogo_Digital_Aceros_Pe-ascal/catalogo-web/fotos/TUMO50.webp
TUMO19,"TUBO MODULADO O COLO. 3/4""",TUMO19.webp,"3/4"" 3/4",0.75,0.6124,428,skip,Foto no encontrada: /home/rodrigo/Documentos/ProyectosVisual/Catalogo_Digital_Aceros_Pe-ascal/catalogo-web/fotos/TUMO19.webp
TUTRE38,"TUBO TRENZADO 1 1/2""",TUTRE38.webp,"1 1/2"" 1/2",1.0,0.7071,494,ok,Guardado con lado_destino=494px (factor=0.7071)
TUTRE32,"TUBO TRENZADO 1 1/4""",TUTRE32.webp,"1 1/4"" 1/4",1.0,0.7071,494,ok,Guardado con lado_destino=494px (factor=0.7071)
TUTRE25,"TUBO TRENZADO 1""",TUTRE25.webp,"1""",1.0,0.7071,494,ok,Guardado con lado_destino=494px (factor=0.7071)
TUTRE13,"TUBO TRENZADO 1/2""",TUTRE13.webp,"1/2"" 1/2",0.5,0.5,350,ok,Guardado con lado_destino=350px (factor=0.5)
TUTRE50,"TUBO TRENZADO 2""",TUTRE50.webp,"2""",2.0,1.0,700,ok,Guardado con lado_destino=700px (factor=1.0)
TUTRE19,"TUBO TRENZADO 3/4""",TUTRE19.webp,"3/4"" 3/4",0.75,0.6124,428,ok,Guardado con lado_destino=428px (factor=0.6124)
PASOLE200,PLANTA P/SOLD. ELITE  200 AMP. 110/220V(SI7200DV),PASOLE200.webp,110/220,0.5,1.0,700,ok,Guardado con lado_destino=700px (factor=1.0)
PASOLE220,PLANTA P/SOLD. ELITE  220 AMP. 110/220V,PASOLE220.webp,110/220,0.5,1.0,700,ok,Guardado con lado_destino=700px (factor=1.0)
PASOLS2650,PLANTA P/SOLD. SWEISS (SKYARC2650) 260A 110/220V,PASOLS2650.webp,110/220,0.5,1.0,700,ok,Guardado con lado_destino=700px (factor=1.0)
PASOLS153N,PLANTA P/SOLD. SWEISS 155A 110/220V,PASOLS153N.webp,110/220,0.5,1.0,700,ok,Guardado con lado_destino=700px (factor=1.0)
PASOLS172C,PLANTA P/SOLD. SWEISS 170A 110/220V,PASOLS172C.webp,110/220,0.5,1.0,700,ok,Guardado con lado_destino=700px (factor=1.0)
WS235,ACEITE AFLOJATODO 235 ML SURTEK (WS235),WS235.webp,,235.0,0.7665,536,ok,Guardado con lado_destino=536px (factor=0.7665)
WS400,ACEITE AFLOJATODO 400 ML SURTEK (WS400),WS400.webp,,400.0,1.0,700,ok,Guardado con lado_destino=700px (factor=1.0)
U40B,ACEITE AFLOJATODO DIEL 235 ML (U40B),U40B.webp,,235.0,0.7665,536,ok,Guardado con lado_destino=536px (factor=0.7665)
U40,ACEITE AFLOJATODO DIEL 400 ML (U40),U40.webp,,400.0,1.0,700,ok,Guardado con lado_destino=700px (factor=1.0)
AES304,AEROSOL GRIS CLARO 300 ML SURTEK (AES304),AES304.webp,,304.0,0.8643,604,ok,Guardado con lado_destino=604px (factor=0.8643)
AES407,AEROSOL GRIS CLARO 400ML SURTEK (AES407),AES407.webp,,407.0,1.0,700,ok,Guardado con lado_destino=700px (factor=1.0)
114200,BOLSA CINCHO PLASTICO 100 PZAS SURTEK 114200,114200.webp,,114200.0,1.0,699,ok,Guardado con lado_destino=699px (factor=1.0)
114204,BOLSA CINCHO PLASTICO 50 PZAS SURTEK 114204,114204.webp,,114204.0,1.0,699,ok,Guardado con lado_destino=699px (factor=1.0)
114208,BOLSA CINCHO PLASTICO 50 PZAS SURTEK 114208,114208.webp,,114208.0,1.0,699,ok,Guardado con lado_destino=699px (factor=1.0)
114210,BOLSA CINCHO PLASTICO 50 PZAS SURTEK 114210,114210.webp,,114210.0,1.0,700,ok,Guardado con lado_destino=700px (factor=1.0)
114203,BOLSA CINCHO PLASTICO NGO 100 PZAS SURTEK 114203,114203.webp,,114203.0,0.9999,699,ok,Guardado con lado_destino=699px (factor=0.9999)
114215,BOLSA CINCHO PLASTICO NGO 25 PZAS SURTEK 114215,114215.webp,,114215.0,1.0,700,ok,Guardado con lado_destino=700px (factor=1.0)
114205,BOLSA CINCHO PLASTICO NGO 50 PZAS SURTEK 114205,114205.webp,,114205.0,1.0,699,ok,Guardado con lado_destino=699px (factor=1.0)
114209,BOLSA CINCHO PLASTICO NGO 50 PZAS SURTEK 114209,114209.webp,,114209.0,1.0,699,ok,Guardado con lado_destino=699px (factor=1.0)
114211,BOLSA CINCHO PLASTICO NGO 50 PZAS SURTEK 114211,114211.webp,,114211.0,1.0,699,ok,Guardado con lado_destino=699px (factor=1.0)
114213,BOLSA CINCHO PLASTICO NGO 50 PZAS SURTEK 114213,114213.webp,,114213.0,1.0,699,ok,Guardado con lado_destino=699px (factor=1.0)
BSR3/4,"BROCA COBALTO ALT.VEL.3/4"" SURTEK(BSR3/4)",BSR3-4.webp,"3/4"" 3/4",0.75,1.0,700,ok,Guardado con lado_destino=700px (factor=1.0)
BSR5/8,"BROCA COBALTO ALT.VEL.5/8"" SURTEK(BSR5/8)",BSR5-8.webp,"5/8"" 5/8",0.625,0.9129,639,ok,Guardado con lado_destino=639px (factor=0.9129)
BCO1/2,BROCA COBALTO U/IND. 1/2 URREA (BCO1/2),BCO1-2.webp,1/2,0.5,1.0,700,ok,Guardado con lado_destino=700px (factor=1.0)
BCO1/4,BROCA COBALTO U/IND. 1/4 URREA (BCO1/4),BCO1-4.webp,1/4,0.25,0.7071,494,ok,Guardado con lado_destino=494px (factor=0.7071)
BCO1/8,BROCA COBALTO U/IND. 1/8 URREA (BCO1/8),BCO1-8.webp,1/8,0.125,0.5,350,ok,Guardado con lado_destino=350px (factor=0.5)
BCO3/16,BROCA COBALTO U/IND. 3/16 URREA (BCO3/16),BCO3-16.webp,3/16,0.1875,0.6124,428,ok,Guardado con lado_destino=428px (factor=0.6124)
BCO3/8,BROCA COBALTO U/IND. 3/8 URREA (BCO3/8),BCO3-8.webp,3/8,0.375,0.866,606,ok,Guardado con lado_destino=606px (factor=0.866)
BCO5/16,BROCA COBALTO U/IND. 5/16 URREA (BCO5/16),BCO5-16.webp,5/16,0.3125,0.7906,553,ok,Guardado con lado_destino=553px (factor=0.7906)
BROESC119374,"BROCA ESCALONADA 1/4"" A 1 3/8"" (119374)",BROESC119374.webp,"1/4"" 1 3/8"" 1/4 3/8",1.0,1.0,700,ok,Guardado con lado_destino=700px (factor=1.0)
BROESC119372,"BROCA ESCALONADA 1/4"" A 3/4"" (119372)",BROESC119372.webp,"1/4"" 3/4"" 1/4 3/4",0.75,0.866,606,ok,Guardado con lado_destino=606px (factor=0.866)
BROESC119370,"BROCA ESCALONADA 1/8"" A 1/2"" (119370)",BROESC119370.webp,"1/8"" 1/2"" 1/8 1/2",0.5,0.7071,494,ok,Guardado con lado_destino=494px (factor=0.7071)
BROESC119373,"BROCA ESCALONADA 3/16"" A 7/8"" (119373)",BROESC119373.webp,"3/16"" 7/8"" 3/16 7/8",0.875,0.9354,654,ok,Guardado con lado_destino=654px (factor=0.9354)
BRO119173,"BROCA P/CONCRETO 1"" X 12"" (119173)",BRO119173.webp,"1"" 12""",12.0,1.0,700,ok,Guardado con lado_destino=700px (factor=1.0)
BRO119164,"BROCA P/CONCRETO 1/2"" X 12"" (119164)",BRO119164.webp,"1/2"" 12"" 1/2",12.0,1.0,700,ok,Guardado con lado_destino=700px (factor=1.0)
BRO119163,"BROCA P/CONCRETO 1/2"" X 6"" (119163)",BRO119163.webp,"1/2"" 6"" 1/2",6.0,0.7071,494,ok,Guardado con lado_destino=494px (factor=0.7071)
BRO119158,"BROCA P/CONCRETO 1/4"" X 12"" (119158)",BRO119158.webp,"1/4"" 12"" 1/4",12.0,1.0,700,ok,Guardado con lado_destino=700px (factor=1.0)
BRO119156,"BROCA P/CONCRETO 1/4"" X 4"" (119156)",BRO119156.webp,"1/4"" 4"" 1/4",4.0,0.5774,404,ok,Guardado con lado_destino=404px (factor=0.5774)
BRO119157,"BROCA P/CONCRETO 1/4"" X 6"" (119157)",BRO119157.webp,"1/4"" 6"" 1/4",6.0,0.7071,494,ok,Guardado con lado_destino=494px (factor=0.7071)
BRO119154,"BROCA P/CONCRETO 3/16"" X 6"" (119154)",BRO119154.webp,"3/16"" 6"" 3/16",6.0,0.7071,494,ok,Guardado con lado_destino=494px (factor=0.7071)
BRO119168,"BROCA P/CONCRETO 3/4"" X 12"" (119168)",BRO119168.webp,"3/4"" 12"" 3/4",12.0,1.0,700,ok,Guardado con lado_destino=700px (factor=1.0)
BRO119167,"BROCA P/CONCRETO 3/4"" X 6"" (119167)",BRO119167.webp,"3/4"" 6"" 3/4",6.0,0.7071,494,ok,Guardado con lado_destino=494px (factor=0.7071)
BRO119162,"BROCA P/CONCRETO 3/8"" X 12"" (119162)",BRO119162.webp,"3/8"" 12"" 3/8",12.0,1.0,700,ok,Guardado con lado_destino=700px (factor=1.0)
BRO119161,"BROCA P/CONCRETO 3/8"" X 6"" (119161)",BRO119161.webp,"3/8"" 6"" 3/8",6.0,0.7071,494,ok,Guardado con lado_destino=494px (factor=0.7071)
BRO119159,"BROCA P/CONCRETO 5/16"" X 4"" (119159)",BRO119159.webp,"5/16"" 4"" 5/16",4.0,0.5774,404,ok,Guardado con lado_destino=404px (factor=0.5774)
BRO119170,"BROCA P/CONCRETO 5/16"" X 6"" (119170)",BRO119170.webp,"5/16"" 6"" 5/16",6.0,0.7071,494,ok,Guardado con lado_destino=494px (factor=0.7071)
BRO119166,"BROCA P/CONCRETO 5/8"" X 12"" (119166)",BRO119166.webp,"5/8"" 12"" 5/8",12.0,1.0,700,ok,Guardado con lado_destino=700px (factor=1.0)
BRO119165,"BROCA P/CONCRETO 5/8"" X 6"" (119165)",BRO119165.webp,"5/8"" 6"" 5/8",6.0,0.7071,494,ok,Guardado con lado_destino=494px (factor=0.7071)
BRO119171,"BROCA P/CONCRETO 7/8"" X 6"" (119171)",BRO119171.webp,"7/8"" 6"" 7/8",6.0,0.7071,494,ok,Guardado con lado_destino=494px (factor=0.7071)
BSDS1/2X12,"BROCA P/CONCRETO SDS URREA 1/2"" X 12"" (BSDS1/2X12)",BSDS1-2X12.webp,"1/2"" 12"" 2X12 1/2",12.0,1.0,700,ok,Guardado con lado_destino=700px (factor=1.0)
BSDS1/2X6,"BROCA P/CONCRETO SDS URREA 1/2"" X 6"" (BSDS1/2X6)",BSDS1-2X6.webp,"1/2"" 6"" 2X6 1/2",6.0,0.7071,494,ok,Guardado con lado_destino=494px (factor=0.7071)
BSDS3/8X12,"BROCA P/CONCRETO SDS URREA 3/8"" X 12"" (BSDS3/8X12)",BSDS3-8X12.webp,"3/8"" 12"" 8X12 3/8",12.0,1.0,700,ok,Guardado con lado_destino=700px (factor=1.0)
BSDS3/8X6,"BROCA P/CONCRETO SDS URREA 3/8"" X 6"" (BSDS3/8X6)",BSDS3-8X6.webp,"3/8"" 6"" 8X6 3/8",8.0,0.8165,571,ok,Guardado con lado_destino=571px (factor=0.8165)
BSDS5/8X12,"BROCA P/CONCRETO SDS URREA 5/8"" X 12"" (BSDS5/8X12)",BSDS5-8X12.webp,"5/8"" 12"" 8X12 5/8",12.0,1.0,700,ok,Guardado con lado_destino=700px (factor=1.0)
BSDS5/8X6,"BROCA P/CONCRETO SDS URREA 5/8"" X 6"" (BSDS5/8X6)",BSDS5-8X6.webp,"5/8"" 6"" 8X6 5/8",8.0,0.8165,571,ok,Guardado con lado_destino=571px (factor=0.8165)
BCN3812,"BROCA P/CONCRETO URREA 3/8"" X 12"" (BCN3812)",BCN3812.webp,"3/8"" 12"" 3/8",12.0,1.0,700,ok,Guardado con lado_destino=700px (factor=1.0)
BCN386,"BROCA P/CONCRETO URREA 3/8"" X 6"" (BCN386)",BCN386.webp,"3/8"" 6"" 3/8",6.0,0.7071,494,ok,Guardado con lado_destino=494px (factor=0.7071)
BCN51612,"BROCA P/CONCRETO URREA 5/16"" X 12"" (BCN51612)",BCN51612.webp,"5/16"" 12"" 5/16",12.0,1.0,700,ok,Guardado con lado_destino=700px (factor=1.0)
BCN5166,"BROCA P/CONCRETO URREA 5/16"" X 6"" (BCN5166)",BCN5166.webp,"5/16"" 6"" 5/16",6.0,0.7071,494,ok,Guardado con lado_destino=494px (factor=0.7071)
BCN586,"BROCA P/CONCRETO URREA 5/8"" X 6"" (BCN586)",BCN586.webp,"5/8"" 6"" 5/8",6.0,0.7071,494,ok,Guardado con lado_destino=494px (factor=0.7071)
BROCON1X12,"BROCA PARA CONCRETO 1"" X 12"" (119221)SDS",BROCON1X12.webp,"1"" 12""",12.0,0.8165,571,ok,Guardado con lado_destino=571px (factor=0.8165)
BROCON1/2X12,"BROCA PARA CONCRETO 1/2"" X 12"" (119214)SDS",BROCON1-2X12.webp,"1/2"" 12"" 1/2",12.0,0.8165,571,ok,Guardado con lado_destino=571px (factor=0.8165)
BROCON1/2X6,"BROCA PARA CONCRETO 1/2"" X 6""  (119213)SDS",BROCON1-2X6.webp,"1/2"" 6"" 1/2",6.0,0.5774,404,ok,Guardado con lado_destino=404px (factor=0.5774)
BROCON1/4X12,"BROCA PARA CONCRETO 1/4"" X 12"" (119206)SDS",BROCON1-4X12.webp,"1/4"" 12"" 1/4",12.0,0.8165,571,ok,Guardado con lado_destino=571px (factor=0.8165)
BROCON1/4X4,"BROCA PARA CONCRETO 1/4"" X 4""(119204)SDS",BROCON1-4X4.webp,"1/4"" 4"" 1/4",4.0,0.4714,329,ok,Guardado con lado_destino=329px (factor=0.4714)
BROCON3/4X12,"BROCA PARA CONCRETO 3/4"" X 12"" (119219)SDS",BROCON3-4X12.webp,"3/4"" 12"" 3/4",12.0,0.8165,571,ok,Guardado con lado_destino=571px (factor=0.8165)
BROCON3/4X6,"BROCA PARA CONCRETO 3/4"" X 6"" (119218)SDS",BROCON3-4X6.webp,"3/4"" 6"" 3/4",6.0,0.5774,404,ok,Guardado con lado_destino=404px (factor=0.5774)
BROCON3/8X12,"BROCA PARA CONCRETO 3/8"" X 12"" (119211)SDS",BROCON3-8X12.webp,"3/8"" 12"" 3/8",12.0,0.8165,571,ok,Guardado con lado_destino=571px (factor=0.8165)
BROCON3/8X18,"BROCA PARA CONCRETO 3/8"" X 18"" (119212)SDS",BROCON3-8X18.webp,"3/8"" 18"" 3/8",18.0,1.0,700,ok,Guardado con lado_destino=700px (factor=1.0)
BROCON3/8X6,"BROCA PARA CONCRETO 3/8"" X 6""(119210)SDS",BROCON3-8X6.webp,"3/8"" 6"" 3/8",6.0,0.5774,404,ok,Guardado con lado_destino=404px (factor=0.5774)
BROCON5/16X12,"BROCA PARA CONCRETO 5/16"" X 12""(119209)SDS",BROCON5-16X12.webp,"5/16"" 12"" 5/16",12.0,0.8165,571,ok,Guardado con lado_destino=571px (factor=0.8165)
BROCON5/16X6,"BROCA PARA CONCRETO 5/16"" X 6 (119208)SDS",BROCON5-16X6.webp,"5/16"" 5/16",0.3125,0.1318,150,ok,Guardado con lado_destino=150px (factor=0.1318)
BROCON5/8X12,"BROCA PARA CONCRETO 5/8"" X 12""(119217)SDS",BROCON5-8X12.webp,"5/8"" 12"" 5/8",12.0,0.8165,571,ok,Guardado con lado_destino=571px (factor=0.8165)
BROCON5/8X6,"BROCA PARA CONCRETO 5/8"" X 6"" (119216)SDS",BROCON5-8X6.webp,"5/8"" 6"" 5/8",6.0,0.5774,404,ok,Guardado con lado_destino=404px (factor=0.5774)
BRO119160,"BROCA PARA CONCRETO 5/16"" X 12"" (119160)",BRO119160.webp,"5/16"" 12"" 5/16",12.0,1.0,700,ok,Guardado con lado_destino=700px (factor=1.0)
BROCON7/8X12,"BROCA PARA CONCRETO 7/8"" X 12"" (119220)",BROCON7-8X12.webp,"7/8"" 12"" 7/8",12.0,1.0,700,ok,Guardado con lado_destino=700px (factor=1.0)
142652,"BROCHA MANGO PLASTICO 1 1/2"" FOY (142652)",142652.webp,"1 1/2"" 1/2",1.0,0.4082,285,ok,Guardado con lado_destino=285px (factor=0.4082)
142651,"BROCHA MANGO PLASTICO 1"" FOY (142651)",142651.webp,"1""",1.0,0.4082,285,ok,Guardado con lado_destino=285px (factor=0.4082)
142650,"BROCHA MANGO PLASTICO 1/2"" FOY (142650)",142650.webp,"1/2"" 1/2",0.5,0.2887,202,ok,Guardado con lado_destino=202px (factor=0.2887)
142654,"BROCHA MANGO PLASTICO 2 1/2""  FOY (142654)",142654.webp,"2 1/2"" 1/2",2.0,0.5774,404,ok,Guardado con lado_destino=404px (factor=0.5774)
142653,"BROCHA MANGO PLASTICO 2"" FOY (142653)",142653.webp,"2""",2.0,0.5774,404,ok,Guardado con lado_destino=404px (factor=0.5774)
142655,"BROCHA MANGO PLASTICO 3"" FOY (142655)",142655.webp,"3""",3.0,0.7071,494,ok,Guardado con lado_destino=494px (factor=0.7071)
142656,"BROCHA MANGO PLASTICO 4"" FOY(142656)",142656.webp,"4""",4.0,0.8165,571,ok,Guardado con lado_destino=571px (factor=0.8165)
142658,"BROCHA MANGO PLASTICO 6""FOY (142658)",142658.webp,"6""",6.0,1.0,700,ok,Guardado con lado_destino=700px (factor=1.0)
123312,"BROCHA MANGO PLASTICO 1 1/2"" SURTEK (123312)",123312.webp,"1 1/2"" 1/2",1.0,0.7071,494,ok,Guardado con lado_destino=494px (factor=0.7071)
123311,"BROCHA MANGO PLASTICO 1"" SURTEK (123311)",123311.webp,"1""",1.0,0.7071,494,ok,Guardado con lado_destino=494px (factor=0.7071)
123313,"BROCHA MANGO PLASTICO 2"" SURTEK (123313)",123313.webp,"2""",2.0,1.0,700,ok,Guardado con lado_destino=700px (factor=1.0)
136935,CABLE SURTEK 2 X 12 USO RUDO (136935),136935.webp,2 X 12,12.0,1.0,700,ok,Guardado con lado_destino=700px (factor=1.0)
136936,CABLE SURTEK 3 X 12 USO RUDO (136936),136936.webp,3 X 12,12.0,1.0,700,ok,Guardado con lado_destino=700px (factor=1.0)
CPS17,CAJA PLASTICA NEGRA SURTEK (CPS17),CPS17.webp,,17.0,0.9459,662,ok,Guardado con lado_destino=662px (factor=0.9459)
CPS19P,CAJA PLASTICA NEGRA SURTEK (CPS19P),CPS19P.webp,,19.0,1.0,700,ok,Guardado con lado_destino=700px (factor=1.0)
C563,CARDA CIRCULAR OND. 3X 0.30MM 1/4 (C563),C563.webp,3X 0.30 0.30MM 1/4,3.0,0.866,606,ok,Guardado con lado_destino=606px (factor=0.866)
C564,CARDA CIRCULAR OND. 4X 0.30MM 1/4 (C564),C564.webp,4X 0.30 0.30MM 1/4,4.0,1.0,700,ok,Guardado con lado_destino=700px (factor=1.0)
C536,"CARDA CIRCULAR TRENZADA 6 X 0.51MM 5/8"" (C536)",C536.webp,"5/8"" 6 X 0.51 0.51MM 5/8",6.0,1.0,700,ok,Guardado con lado_destino=700px (factor=1.0)
C527,"CARDA CIRCULAR TRENZADA 6X0.5MM 5/8"" (C527)",C527.webp,"5/8"" 6X0.5 0.5MM 5/8",6.0,1.0,700,ok,Guardado con lado_destino=700px (factor=1.0)
C572,"CARDA COPA ONDULADA 1 3/4 X 0.17MM 1/4"" (C572)",C572.webp,"1/4"" 4 X 0.17 0.17MM 3/4 1/4",4.0,1.0,700,ok,Guardado con lado_destino=700px (factor=1.0)
C578,"CARDA COPA ONDULADA 1 3/4 X 0.30MM 1/4"" (C578)",C578.webp,"1/4"" 4 X 0.30 0.30MM 3/4 1/4",4.0,1.0,700,ok,Guardado con lado_destino=700px (factor=1.0)
C580,"CARDA COPA ONDULADA 2 3/4 X 0.30MM 1/4"" (C580)",C580.webp,"1/4"" 4 X 0.30 0.30MM 3/4 1/4",4.0,1.0,700,ok,Guardado con lado_destino=700px (factor=1.0)
C500,"CARDA COPA ONDULADA 3 X 0.35MM 5/8"" (C500)",C500.webp,"5/8"" 3 X 0.35 0.35MM 5/8",3.0,0.866,606,ok,Guardado con lado_destino=606px (factor=0.866)
C502,"CARDA COPA ONDULADA 4"" X 0.35MM 5/8"" (C502)",C502.webp,"4"" 5/8"" 0.35MM 5/8",4.0,1.0,700,ok,Guardado con lado_destino=700px (factor=1.0)
C512,"CARDA COPA TRENZ. 3X 0.35MM 5/8""(C512)",C512.webp,"5/8"" 3X 0.35 0.35MM 5/8",3.0,0.866,606,ok,Guardado con lado_destino=606px (factor=0.866)
C514,"CARDA COPA TRENZ. 4X 0.35MM 5/8""(C514)",C514.webp,"5/8"" 4X 0.35 0.35MM 5/8",4.0,1.0,700,ok,Guardado con lado_destino=700px (factor=1.0)
C513,CARDA COPA TRENZ. 3X 0.35MM M14(C513),C513.webp,3X 0.35 0.35MM,3.0,0.866,606,ok,Guardado con lado_destino=606px (factor=0.866)
C515,CARDA COPA TRENZ. 4X 0.35MM M1 (C515),C515.webp,4X 0.35 0.35MM,4.0,1.0,700,ok,Guardado con lado_destino=700px (factor=1.0)
CARCOTRE3,"CARDA COPA TRENZADA 3"" X 5/8""  (123236)",CARCOTRE3.webp,"3"" 5/8"" 5/8",3.0,0.7746,542,ok,Guardado con lado_destino=542px (factor=0.7746)
CARCOTRE4,"CARDA COPA TRENZADA 4""X1 1/8"" (123239)",CARCOTRE4.webp,"4"" 1 1/8"" 1/8",4.0,0.8944,626,ok,Guardado con lado_destino=626px (factor=0.8944)
CARCOTRE5-14MM,"CARDA COPA TRENZADA 5""X 14MM   (123241)",CARCOTRE5-14MM.webp,"5"" 14MM",5.0,1.0,700,ok,Guardado con lado_destino=700px (factor=1.0)
CARCOTRE5,"CARDA COPA TRENZADA 5""X5/8""  (123240)",CARCOTRE5.webp,"5"" 5/8"" 5/8",5.0,1.0,700,ok,Guardado con lado_destino=700px (factor=1.0)
CEPALM,CEPILLO DE ALAMBRE (4X16)123260,CEPALM.webp,4X16,16.0,1.0,700,ok,Guardado con lado_destino=700px (factor=1.0)
CEPALM123261,CEPILLO DE ALAMBRE (4X16)123261,CEPALM123261.webp,4X16,16.0,1.0,700,ok,Guardado con lado_destino=700px (factor=1.0)
137496,CHALECO SEG.NARANJA UNIT(137496),137496.webp,,137496.0,1.0,699,ok,Guardado con lado_destino=699px (factor=1.0)
137497,CHALECO SEG.NARANJA UNIT(137497),137497.webp,,137497.0,1.0,700,ok,Guardado con lado_destino=700px (factor=1.0)
CLX30,CINTA METRICA TIPO CRUCETA 30 MTS. SURTEK (CLX30),CLX30.webp,30 MTS,30.0,0.7746,542,ok,Guardado con lado_destino=542px (factor=0.7746)
CLX50,CINTA METRICA TIPO CRUCETA 50 MTS. SURTEK (CLX50),CLX50.webp,50 MTS,50.0,1.0,700,ok,Guardado con lado_destino=700px (factor=1.0)
CLA108502,"CLAVOS P/CLAV.NEU. SURTEK 1"" (108502)",CLA108502.webp,"1""",1.0,0.7071,494,ok,Guardado con lado_destino=494px (factor=0.7071)
CLA108508,"CLAVOS P/CLAV.NEU. SURTEK 2"" (108508)",CLA108508.webp,"2""",2.0,1.0,700,ok,Guardado con lado_destino=700px (factor=1.0)
HS1,CORTACIRCULOS BIMETAL URREA (HS1),HS1.webp,,1.0,0.5774,404,ok,Guardado con lado_destino=404px (factor=0.5774)
HS1-1/16,CORTACIRCULOS BIMETAL URREA (HS1-1/16),HS1-1-16.webp,1/16,0.0625,0.1443,150,ok,Guardado con lado_destino=150px (factor=0.1443)
HS1-1/2,CORTACIRCULOS BIMETAL URREA (HS1-1/2),HS1-1-2.webp,1/2,0.5,0.4082,285,ok,Guardado con lado_destino=285px (factor=0.4082)
HS1-1/4,CORTACIRCULOS BIMETAL URREA (HS1-1/4),HS1-1-4.webp,1/4,0.25,0.2887,202,ok,Guardado con lado_destino=202px (factor=0.2887)
HS1-1/8,CORTACIRCULOS BIMETAL URREA (HS1-1/8),HS1-1-8.webp,1/8,0.125,0.2041,150,ok,Guardado con lado_destino=150px (factor=0.2041)
HS1-3/16,CORTACIRCULOS BIMETAL URREA (HS1-3/16),HS1-3-16.webp,3/16,0.1875,0.25,175,ok,Guardado con lado_destino=175px (factor=0.25)
HS1-3/8,CORTACIRCULOS BIMETAL URREA (HS1-3/8),HS1-3-8.webp,3/8,0.375,0.3536,247,ok,Guardado con lado_destino=247px (factor=0.3536)
HS2-1/2,CORTACIRCULOS BIMETAL URREA (HS2-1/2),HS2-1-2.webp,1/2,0.5,0.4082,285,ok,Guardado con lado_destino=285px (factor=0.4082)
HS2-1/4,CORTACIRCULOS BIMETAL URREA (HS2-1/4),HS2-1-4.webp,1/4,0.25,0.2887,202,ok,Guardado con lado_destino=202px (factor=0.2887)
HS2-1/8,CORTACIRCULOS BIMETAL URREA (HS2-1/8),HS2-1-8.webp,1/8,0.125,0.2041,150,ok,Guardado con lado_destino=150px (factor=0.2041)
HS3,CORTACIRCULOS BIMETAL URREA (HS3),HS3.webp,,3.0,1.0,700,ok,Guardado con lado_destino=700px (factor=1.0)
HS7/8,CORTACIRCULOS BIMETAL URREA (HS7/8),HS7-8.webp,7/8,0.875,0.5401,378,ok,Guardado con lado_destino=378px (factor=0.5401)
CP115142,"CORTAPERNOS 24"" SURTEK (115142)",CP115142.webp,"24""",24.0,0.8165,571,ok,Guardado con lado_destino=571px (factor=0.8165)
CP115144,"CORTAPERNOS 30"" SURTEK (115144)",CP115144.webp,"30""",30.0,0.9129,639,ok,Guardado con lado_destino=639px (factor=0.9129)
115143,"CORTAPERNOS 36"" SURTEK (115143)",115143.webp,"36""",36.0,1.0,700,ok,Guardado con lado_destino=700px (factor=1.0)
S7834HL,"DADO DE IMPACTO 6 PT 1-1/16"" SURTEK (S7834HL)",S7834HL.webp,"1/16"" 1/16",0.0625,0.5,350,ok,Guardado con lado_destino=350px (factor=0.5)
S7840HL,"DADO DE IMPACTO 6 PT 1-1/4"" SURTEK (S7840HL)",S7840HL.webp,"1/4"" 1/4",0.25,1.0,700,ok,Guardado con lado_destino=700px (factor=1.0)
S7826HL,"DADO DE IMPACTO 6 PT 13/16"" SURTEK (S7826HL)",S7826HL.webp,"13/16"" 13/16",0.8125,0.9636,674,ok,Guardado con lado_destino=674px (factor=0.9636)
S7828HL,"DADO DE IMPACTO 6 PT 7/8"" SURTEK (S7828HL)",S7828HL.webp,"7/8"" 7/8",0.875,1.0,700,ok,Guardado con lado_destino=700px (factor=1.0)
ESCOM12-122254,"ESCUADRA COMBINADA DE 12"" (122254)",ESCOM12-122254.webp,"12""",12.0,1.0,700,ok,Guardado con lado_destino=700px (factor=1.0)
ESCOM12,"ESCUADRA COMBINADA DE 12"" (142073)",ESCOM12.webp,"12""",12.0,1.0,700,ok,Guardado con lado_destino=700px (factor=1.0)
"ESME10""","ESCUADRA METALICA DE 10"" (122252)",ESME10.webp,"10""",10.0,0.9129,639,ok,Guardado con lado_destino=639px (factor=0.9129)
"ESME12""","ESCUADRA METALICA DE 12""  (122253)",ESME12.webp,"12""",12.0,1.0,700,ok,Guardado con lado_destino=700px (factor=1.0)
"ESME6""","ESCUADRA METALICA DE 6"" (122250)",ESME6.webp,"6""",6.0,0.7071,494,ok,Guardado con lado_destino=494px (factor=0.7071)
"ESME8""","ESCUADRA METALICA DE 8"" (122251)",ESME8.webp,"8""",8.0,0.8165,571,ok,Guardado con lado_destino=571px (factor=0.8165)
ESME24-122281,"ESCUADRA METALICA DE 16"" X 24"" (122281)",ESME24-122281.webp,"16"" 24""",24.0,1.0,700,ok,Guardado con lado_destino=700px (factor=1.0)
ESME24,"ESCUADRA METALICA DE 16"" X 24"" (142072)",ESME24.webp,"16"" 24""",24.0,1.0,700,ok,Guardado con lado_destino=700px (factor=1.0)
ESME8X12,"ESCUADRA METALICA DE 8"" X 12""(142071)",ESME8X12.webp,"8"" 12""",12.0,0.7071,494,ok,Guardado con lado_destino=494px (factor=0.7071)
ESC36,"ESLINGA OJO 3"" X 6M SURTEK (ESC36)",ESC36.webp,"3"" 6M",6.0,1.0,700,ok,Guardado con lado_destino=700px (factor=1.0)
ESC44,"ESLINGA OJO 4"" X 4M SURTEK (ESC44)",ESC44.webp,"4"" 4M",4.0,0.8165,571,ok,Guardado con lado_destino=571px (factor=0.8165)
EP243,"ESLINGA OJO 4"" X 3M URREA (EP243)",EP243.webp,"4"" 3M",4.0,1.0,700,ok,Guardado con lado_destino=700px (factor=1.0)
EP242,"ESLINGA OJO 4""X 2M URREA (EP242)",EP242.webp,"4"" 2M",4.0,1.0,700,ok,Guardado con lado_destino=700px (factor=1.0)
EP244,"ESLINGA OJO 4""X 4M URREA (EP244)",EP244.webp,"4"" 4M",4.0,1.0,700,ok,Guardado con lado_destino=700px (factor=1.0)
123032,"ESPATULA FLEXIBLE MGO. BIMET. 2"" SURTEK (123032)",123032.webp,"2""",2.0,0.8165,571,ok,Guardado con lado_destino=571px (factor=0.8165)
123033,"ESPATULA FLEXIBLE MGO. BIMET. 3"" SURTEK (123033)",123033.webp,"3""",3.0,1.0,700,ok,Guardado con lado_destino=700px (factor=1.0)
B122080,FLEXOMETRO ANTI-IMPACTO 3MTS SURTEK (B122080),B122080.webp,3MTS,3.0,0.7746,542,ok,Guardado con lado_destino=542px (factor=0.7746)
B122086,FLEXOMETRO ANTI-IMPACTO 5 MTS SURTEK (B122086),B122086.webp,5 MTS,5.0,1.0,700,ok,Guardado con lado_destino=700px (factor=1.0)
GBS12,GATO HIDRAULICO BOTELLA 12 T (GBS12),GBS12.webp,,12.0,1.0,700,ok,Guardado con lado_destino=700px (factor=1.0)
GBS2,GATO HIDRAULICO BOTELLA 2 T (GBS2),GBS2.webp,,2.0,0.4082,285,ok,Guardado con lado_destino=285px (factor=0.4082)
GAVA2,GAVETA PLASTICA AMARILLA SURTEK (GAVA2),GAVA2.webp,,2.0,0.8165,571,ok,Guardado con lado_destino=571px (factor=0.8165)
GAVA3,GAVETA PLASTICA AMARILLA SURTEK (GAVA3),GAVA3.webp,,3.0,1.0,700,ok,Guardado con lado_destino=700px (factor=1.0)
137321,GOGLE PARA SOLDAR SURTEK (137321),137321.webp,,137321.0,1.0,699,ok,Guardado con lado_destino=699px (factor=1.0)
137334,GOGLE PARA SOLDAR SURTEK (137334),137334.webp,,137334.0,1.0,700,ok,Guardado con lado_destino=700px (factor=1.0)
114354,"GRAPAS ENGRA. MANUAL 7/16"" X 1/2"" SURTEK (114354)",114354.webp,"7/16"" 1/2"" 7/16 1/2",0.5,0.9428,659,ok,Guardado con lado_destino=659px (factor=0.9428)
114355,"GRAPAS ENGRA. MANUAL 7/16"" X 9/16"" SURTEK (114355)",114355.webp,"7/16"" 9/16"" 7/16 9/16",0.5625,1.0,700,ok,Guardado con lado_destino=700px (factor=1.0)
GC3,"GUARDACABO P/CABLE DE ACERO 1/4"" SURTEK (GC3)",GC3.webp,"1/4"" 1/4",0.25,0.8165,571,ok,Guardado con lado_destino=571px (factor=0.8165)
GC5,"GUARDACABO P/CABLE DE ACERO 3/8"" SURTEK (GC5)",GC5.webp,"3/8"" 3/8",0.375,1.0,700,ok,Guardado con lado_destino=700px (factor=1.0)
SSK15,HOJAS P/SIERRA CALADOR BCO. 5 PZA.(SSK15),SSK15.webp,,15.0,0.9129,639,ok,Guardado con lado_destino=639px (factor=0.9129)
SSK18,HOJAS P/SIERRA CALADOR BCO. 5 PZA.(SSK18),SSK18.webp,,18.0,1.0,700,ok,Guardado con lado_destino=700px (factor=1.0)
SH15,"JGO.SUJETADOR HULE 15"" (SH15)",SH15.webp,"15""",15.0,0.8452,591,ok,Guardado con lado_destino=591px (factor=0.8452)
SH21,"JGO.SUJETADOR HULE 21"" (SH21)",SH21.webp,"21""",21.0,1.0,700,ok,Guardado con lado_destino=700px (factor=1.0)
120362,"LIMA MUSA REDONDA 10"" SURTEK (120362)",120362.webp,"10""",10.0,0.9129,639,ok,Guardado con lado_destino=639px (factor=0.9129)
LIMA120363,"LIMA MUSA REDONDA 12"" SURTEK (120363)",LIMA120363.webp,"12""",12.0,1.0,700,ok,Guardado con lado_destino=700px (factor=1.0)
120360,"LIMA MUSA REDONDA 6"" SURTEK (120360)",120360.webp,"6""",6.0,0.7071,494,ok,Guardado con lado_destino=494px (factor=0.7071)
120361,"LIMA MUSA REDONDA 8"" SURTEK (120361)",120361.webp,"8""",8.0,0.8165,571,ok,Guardado con lado_destino=571px (factor=0.8165)
120335,"LIMA PLANA BASTARDA 14"" (120335)",120335.webp,"14""",14.0,1.0,700,ok,Guardado con lado_destino=700px (factor=1.0)
120331,"LIMA PLANA BASTARDA 6"" (120331)",120331.webp,"6""",6.0,0.6547,458,ok,Guardado con lado_destino=458px (factor=0.6547)
LI-120332,"LIMA PLANA BASTARDA 8"" (120332)",LI-120332.webp,"8""",8.0,0.7559,529,ok,Guardado con lado_destino=529px (factor=0.7559)
123504,"MACHUELO 3/16"" X 24NS SURTEK (123504)",123504.webp,"3/16"" 3/16",0.1875,1.0,700,ok,Guardado con lado_destino=700px (factor=1.0)
123505,"MACHUELO 3/16"" X 32NS SURTEK (123505)",123505.webp,"3/16"" 3/16",0.1875,1.0,700,ok,Guardado con lado_destino=700px (factor=1.0)
123502,"MACHUELO 5/32"" X 32NS SURTEK (123502)",123502.webp,"5/32"" 5/32",0.15625,0.9129,639,ok,Guardado con lado_destino=639px (factor=0.9129)
123512,MACHUELO 3/8 -16NC SURTEK (123512),123512.webp,3/8,0.375,1.0,700,ok,Guardado con lado_destino=700px (factor=1.0)
123510,MACHUELO 5/16 -18NC SURTEK (123510),123510.webp,5/16,0.3125,0.9129,639,ok,Guardado con lado_destino=639px (factor=0.9129)
MAR2LB141890,MARRO C/MANGO 2 LB FOY (141890),MAR2LB141890.webp,,141890.0,1.0,699,ok,Guardado con lado_destino=699px (factor=1.0)
MAR3LB141891,MARRO C/MANGO 3 LB FOY (141891),MAR3LB141891.webp,,141891.0,1.0,699,ok,Guardado con lado_destino=699px (factor=1.0)
MAR4LB141892,MARRO C/MANGO 4 LB FOY (141892),MAR4LB141892.webp,,141892.0,1.0,700,ok,Guardado con lado_destino=700px (factor=1.0)
MARR2,MARRO OCTAGONAL 2 LB SURTEK (MARR2),MARR2.webp,,2.0,0.8165,571,ok,Guardado con lado_destino=571px (factor=0.8165)
MARR3,MARRO OCTAGONAL 3 LB SURTEK (MARR3),MARR3.webp,,3.0,1.0,700,ok,Guardado con lado_destino=700px (factor=1.0)
MARTB141832,MARTILLO DE BOLA 16 OZ FOY (141832),MARTB141832.webp,,141832.0,1.0,699,ok,Guardado con lado_destino=699px (factor=1.0)
MARTB141833,MARTILLO DE BOLA 24 OZ FOY (141833),MARTB141833.webp,,141833.0,1.0,699,ok,Guardado con lado_destino=699px (factor=1.0)
MARTB141834,MARTILLO DE BOLA 32 OZ FOY (141834),MARTB141834.webp,,141834.0,1.0,700,ok,Guardado con lado_destino=700px (factor=1.0)
137827,MENSULA DE ACERO 10 X 16 BLANCO SURTEK (137827),137827.webp,10 X 16,16.0,1.0,700,ok,Guardado con lado_destino=700px (factor=1.0)
137795,MENSULA DE ACERO 12X14 BLANCO SURTEK(137795),137795.webp,12X14,14.0,0.9354,654,ok,Guardado con lado_destino=654px (factor=0.9354)
137791,MENSULA DE ACERO 5X6 BLANCO SURTEK (137791),137791.webp,5X6,6.0,0.6124,428,ok,Guardado con lado_destino=428px (factor=0.6124)
137826,MENSULA DE ACERO 8 X 12 BLANCO SURTEK (137826),137826.webp,8 X 12,12.0,0.866,606,ok,Guardado con lado_destino=606px (factor=0.866)
137793,MENSULA DE ACERO 8X10 BLANCO SURTEK (137793),137793.webp,8X10,10.0,0.7906,553,ok,Guardado con lado_destino=553px (factor=0.7906)
137821,MENSULA DE ACERO 10 X 16 GRIS SURTEK (137821),137821.webp,10 X 16,16.0,1.0,700,ok,Guardado con lado_destino=700px (factor=1.0)
137820,MENSULA DE ACERO 8 X 12 GRIS SURTEK (137820),137820.webp,8 X 12,12.0,0.866,606,ok,Guardado con lado_destino=606px (factor=0.866)
137824,MENSULA DE ACERO 10 X 16 NEGRA SURTEK (137824),137824.webp,10 X 16,16.0,1.0,700,ok,Guardado con lado_destino=700px (factor=1.0)
137798,MENSULA DE ACERO 6 X 8 NEGRA SURTEK (137798),137798.webp,6 X 8,8.0,0.7071,494,ok,Guardado con lado_destino=494px (factor=0.7071)
137799,MENSULA DE ACERO 8 X 10 NEGRA SURTEK (137799),137799.webp,8 X 10,10.0,0.7906,553,ok,Guardado con lado_destino=553px (factor=0.7906)
137823,MENSULA DE ACERO 8 X 12 NEGRA SURTEK (137823),137823.webp,8 X 12,12.0,0.866,606,ok,Guardado con lado_destino=606px (factor=0.866)
CA218,"MT.CABLE DE ACERO 7 X 19 1/4"" (CA218)",CA218.webp,"19 1/4"" 7 X 19 1/4",19.0,1.0,700,ok,Guardado con lado_destino=700px (factor=1.0)
CA214,"MT.CABLE DE ACERO 7 X 19 1/8"" (CA214)",CA214.webp,"19 1/8"" 7 X 19 1/8",19.0,1.0,700,ok,Guardado con lado_destino=700px (factor=1.0)
CA216,"MT.CABLE DE ACERO 7 X 19 3/16"" (CA216)",CA216.webp,"19 3/16"" 7 X 19 3/16",19.0,1.0,700,ok,Guardado con lado_destino=700px (factor=1.0)
CAP218,"MT.CABLE DE ACERO PVC 7X19 1/4"" (CAP218)",CAP218.webp,"19 1/4"" 7X19 1/4",19.0,1.0,700,ok,Guardado con lado_destino=700px (factor=1.0)
CAP214,"MT.CABLE DE ACERO PVC 7X19 1/8"" (CAP214)",CAP214.webp,"19 1/8"" 7X19 1/8",19.0,1.0,700,ok,Guardado con lado_destino=700px (factor=1.0)
CAP216,"MT.CABLE DE ACERO PVC 7X19 3/16"" (CAP216)",CAP216.webp,"19 3/16"" 7X19 3/16",19.0,1.0,700,ok,Guardado con lado_destino=700px (factor=1.0)
CUEP6,"MT.CABLE PLASTICO POLIETILENO 1/4""(CUEP6)",CUEP6.webp,"1/4"" 1/4",0.25,0.8165,571,ok,Guardado con lado_destino=571px (factor=0.8165)
CABPLAS10,"MT.CABLE PLASTICO POLIETILENO 3/8""(138203)",CABPLAS10.webp,"3/8"" 3/8",0.375,1.0,700,ok,Guardado con lado_destino=700px (factor=1.0)
150851,"MT.CADENA GALV. 1/4"" SURTEK (150851)",150851.webp,"1/4"" 1/4",0.25,1.0,700,ok,Guardado con lado_destino=700px (factor=1.0)
150847,"MT.CADENA GALV. 1/8"" SURTEK  (150847)",150847.webp,"1/8"" 1/8",0.125,0.7071,494,ok,Guardado con lado_destino=494px (factor=0.7071)
150850,"MT.CADENA GALV. 3/16"" SURTEK (150850)",150850.webp,"3/16"" 3/16",0.1875,0.866,606,ok,Guardado con lado_destino=606px (factor=0.866)
122101,"NIVEL DE ALUM. 12"" (122101)",122101.webp,"12""",12.0,0.7071,494,ok,Guardado con lado_destino=494px (factor=0.7071)
NIV122102,"NIVEL DE ALUM. 14"" (122102)",NIV122102.webp,"14""",14.0,0.7638,534,ok,Guardado con lado_destino=534px (factor=0.7638)
NIV122104,"NIVEL DE ALUM. 24"" (122104)",NIV122104.webp,"24""",24.0,1.0,700,ok,Guardado con lado_destino=700px (factor=1.0)
PER3,"PERRO HIERRO MALEABLE 1/4"" (PER3) SURTEK",PER3.webp,"1/4"" 1/4",0.25,1.0,700,ok,Guardado con lado_destino=700px (factor=1.0)
PER1,"PERRO HIERRO MALEABLE 1/8"" (PER1) SURTEK",PER1.webp,"1/8"" 1/8",0.125,0.7071,494,ok,Guardado con lado_destino=494px (factor=0.7071)
PER2,"PERRO HIERRO MALEABLE 3/16"" (PER2) SURTEK",PER2.webp,"3/16"" 3/16",0.1875,0.866,606,ok,Guardado con lado_destino=606px (factor=0.866)
PM10112,"PIJA MULT. 10X1-1/2"" SURTEK(PM10112) 100PZ.",PM10112.webp,"1/2"" 10X1 1/2",10.0,1.0,700,ok,Guardado con lado_destino=700px (factor=1.0)
PM10212,"PIJA MULT. 10X2-1/2"" SURTEK(PM10212) 100PZ.",PM10212.webp,"1/2"" 10X2 1/2",10.0,1.0,700,ok,Guardado con lado_destino=700px (factor=1.0)
PM102,PIJA MULT. 10X2 SURTEK (PM102) 100 PZA.,PM102.webp,10X2,10.0,0.9129,639,ok,Guardado con lado_destino=639px (factor=0.9129)
PM124,PIJA MULT. 12X4 SURTEK (PM124) 100PZA.,PM124.webp,12X4,12.0,1.0,700,ok,Guardado con lado_destino=700px (factor=1.0)
PM103,PIJA MULT. 10X3 SURTEK (PM103) 100 PZ.,PM103.webp,10X3,10.0,0.9129,639,ok,Guardado con lado_destino=639px (factor=0.9129)
PM122,PIJA MULT. 12X2 SURTEK (PM122) 100 PZ.,PM122.webp,12X2,12.0,1.0,700,ok,Guardado con lado_destino=700px (factor=1.0)
PM61,PIJA MULT. 6X1 SURTEK (PM61)100PZ.,PM61.webp,6X1,6.0,0.7071,494,ok,Guardado con lado_destino=494px (factor=0.7071)
PIN-977,"PINZA ELECTRICISTA 7"" SURTEK (977)",PIN-977.webp,"7""",7.0,0.9354,654,ok,Guardado con lado_destino=654px (factor=0.9354)
142038,"PINZA ELECTRICISTA 8"" SURTEK (142038)",142038.webp,"8""",8.0,1.0,700,ok,Guardado con lado_destino=700px (factor=1.0)
PIS108002,PISTOLA BAJA PRESION SURTEK (108002),PIS108002.webp,,108002.0,1.0,699,ok,Guardado con lado_destino=699px (factor=1.0)
PIS108005,PISTOLA BAJA PRESION SURTEK (108005),PIS108005.webp,,108005.0,1.0,700,ok,Guardado con lado_destino=700px (factor=1.0)
PPB1,PISTOLA BAJA PRESION SURTEK (PPB1),PPB1.webp,,1.0,0.003,150,ok,Guardado con lado_destino=150px (factor=0.003)
PPB2,PISTOLA BAJA PRESION SURTEK (PPB2),PPB2.webp,,2.0,0.0043,150,ok,Guardado con lado_destino=150px (factor=0.0043)
108006,PISTOLA DE GRAV. PLAST. SURTEK (108006),108006.webp,,108006.0,1.0,700,ok,Guardado con lado_destino=700px (factor=1.0)
PPG1,PISTOLA DE GRAV. PLAST. SURTEK (PPG1),PPG1.webp,,1.0,0.003,150,ok,Guardado con lado_destino=150px (factor=0.003)
PPG2,PISTOLA DE GRAV. PLAST. SURTEK (PPG2),PPG2.webp,,2.0,0.0043,150,ok,Guardado con lado_destino=150px (factor=0.0043)
118003,PORTA ELECTRODO 300 AMP SURTEK (118003)(PEL3S),118003.webp,,118003.0,1.0,700,ok,Guardado con lado_destino=700px (factor=1.0)
118002,PORTA ELECTRODO 500 AMP SURTEK (118002)(PEL5S),118002.webp,,118002.0,1.0,699,ok,Guardado con lado_destino=699px (factor=1.0)
ESQ25,POSICIONADOR MAGNETICO 12 KGS. (ESQ25),ESQ25.webp,,25.0,0.0142,150,ok,Guardado con lado_destino=150px (factor=0.0142)
PM22.70KGS,POSICIONADOR MAGNETICO 22.70 KGS.(123281),PM22-70KGS.webp,,123281.0,1.0,699,ok,Guardado con lado_destino=699px (factor=1.0)
PM34KG123282,POSICIONADOR MAGNETICO 34 KGS.(123282),PM34KG123282.webp,,123282.0,1.0,700,ok,Guardado con lado_destino=700px (factor=1.0)
ESQ75,POSICIONADOR MAGNETICO 34 KGS (ESQ75),ESQ75.webp,,75.0,0.866,606,ok,Guardado con lado_destino=606px (factor=0.866)
ESQ100,POSICIONADOR MAGNETICO 45 KGS (ESQ100),ESQ100.webp,,100.0,1.0,700,ok,Guardado con lado_destino=700px (factor=1.0)
"PRE1""107051","PRENSA TIPO ""C"" DE 1"" (107051)",PRE1-107051.webp,"1""",1.0,0.3536,247,ok,Guardado con lado_destino=247px (factor=0.3536)
"PRE3""107053","PRENSA TIPO ""C"" DE 3""  (107053)",PRE3-107053.webp,"3""",3.0,0.6124,428,ok,Guardado con lado_destino=428px (factor=0.6124)
"PRE5""107053","PRENSA TIPO ""C"" DE 5""  (107055)",PRE5-107053.webp,"5""",5.0,0.7906,553,ok,Guardado con lado_destino=553px (factor=0.7906)
"PRE6""107056","PRENSA TIPO ""C"" DE 6"" (107056)",PRE6-107056.webp,"6""",6.0,0.866,606,ok,Guardado con lado_destino=606px (factor=0.866)
"PRE8""107058","PRENSA TIPO ""C"" DE 8""  (107058)",PRE8-107058.webp,"8""",8.0,1.0,700,ok,Guardado con lado_destino=700px (factor=1.0)
REMA113400,"REMACHE POP 113400 (1/8"" X 1/8"")",REMA113400.webp,"1/8"" 1/8",0.125,0.0625,150,ok,Guardado con lado_destino=150px (factor=0.0625)
REMA113402,"REMACHE POP 113402 (1/8""X1/4"")",REMA113402.webp,"1/8"" 1/4"" 1/8 1/4",0.25,0.0884,150,ok,Guardado con lado_destino=150px (factor=0.0884)
REMA113403,"REMACHE POP 113403 (1/8""X5/16"")",REMA113403.webp,"1/8"" 5/16"" 1/8 5/16",0.3125,0.0988,150,ok,Guardado con lado_destino=150px (factor=0.0988)
REMA113404,"REMACHE POP 113404 (1/8""X3/8"")",REMA113404.webp,"1/8"" 3/8"" 1/8 3/8",0.375,0.1083,150,ok,Guardado con lado_destino=150px (factor=0.1083)
REMA113405,"REMACHE POP 113405 (1/8""X1/2"")",REMA113405.webp,"1/8"" 1/2"" 1/8 1/2",0.5,0.125,150,ok,Guardado con lado_destino=150px (factor=0.125)
REMA113406,"REMACHE POP 113406 (5/32X 1/8"")",REMA113406.webp,"1/8"" 32X 1 5/32 1/8",32.0,1.0,700,ok,Guardado con lado_destino=700px (factor=1.0)
REMA113407,"REMACHE POP 113407 (5/32""X1/4"")",REMA113407.webp,"5/32"" 1/4"" 5/32 1/4",0.25,0.0884,150,ok,Guardado con lado_destino=150px (factor=0.0884)
REMA113408,"REMACHE POP 113408 (5/32""X3/8"")",REMA113408.webp,"5/32"" 3/8"" 5/32 3/8",0.375,0.1083,150,ok,Guardado con lado_destino=150px (factor=0.1083)
REMA113409,"REMACHE POP 113409 (5/32""X1/2"")",REMA113409.webp,"5/32"" 1/2"" 5/32 1/2",0.5,0.125,150,ok,Guardado con lado_destino=150px (factor=0.125)
REMA113410,"REMACHE POP 113410 (3/16"" X 1/8"")",REMA113410.webp,"3/16"" 1/8"" 3/16 1/8",0.1875,0.0765,150,ok,Guardado con lado_destino=150px (factor=0.0765)
REMA113412,"REMACHE POP 113412 (3/16""X3/8"")",REMA113412.webp,"3/16"" 3/8"" 3/16 3/8",0.375,0.1083,150,ok,Guardado con lado_destino=150px (factor=0.1083)
REMA113413,"REMACHE POP 113413 (3/16""X1/2"")",REMA113413.webp,"3/16"" 1/2"" 3/16 1/2",0.5,0.125,150,ok,Guardado con lado_destino=150px (factor=0.125)
REMA113414,"REMACHE POP 113414 (3/16""X5/8"")",REMA113414.webp,"3/16"" 5/8"" 3/16 5/8",0.625,0.1398,150,ok,Guardado con lado_destino=150px (factor=0.1398)
REMA113416,"REMACHE POP 113416 (3/16""X 3/8"" ALA ANCHA)",REMA113416.webp,"3/16"" 3/8"" 3/16 3/8",0.375,0.1083,150,ok,Guardado con lado_destino=150px (factor=0.1083)
REMA113417,"REMACHE POP 113417 (3/16""X 1/2"" ALA ANCHA)",REMA113417.webp,"3/16"" 1/2"" 3/16 1/2",0.5,0.125,150,ok,Guardado con lado_destino=150px (factor=0.125)
REMA113401,"REMACHE POP 113401 (1/8""X3/16"") SURTEK",REMA113401.webp,"1/8"" 3/16"" 1/8 3/16",0.1875,0.6124,428,ok,Guardado con lado_destino=428px (factor=0.6124)
REMA113411,"REMACHE POP 113411 (3/16"" X 1/4"") SURTEK",REMA113411.webp,"3/16"" 1/4"" 3/16 1/4",0.25,0.7071,494,ok,Guardado con lado_destino=494px (factor=0.7071)
REMA113420,"REMACHE POP 113420 (1/4""X1/2"") SURTEK",REMA113420.webp,"1/4"" 1/2"" 1/4 1/2",0.5,1.0,700,ok,Guardado con lado_destino=700px (factor=1.0)
RE4G,RODAJA ESFERICA CON PLACA 40 MM (RE4G),RE4G.webp,40 MM,1.5748031496062993,0.8944,626,ok,Guardado con lado_destino=626px (factor=0.8944)
RE5G,RODAJA ESFERICA CON PLACA 50 MM (RE5G),RE5G.webp,50 MM,1.968503937007874,1.0,700,ok,Guardado con lado_destino=700px (factor=1.0)
RUEDIA6,"RUEDA P/DIABLO 6"" DOBLE BAL. SURTEK (RD6D)",RUEDIA6.webp,"6""",6.0,0.866,606,ok,Guardado con lado_destino=606px (factor=0.866)
RUEDIA8,"RUEDA P/DIABLO 8"" DOBLE BAL. 8"" SURTEK (RD8D)",RUEDIA8.webp,"8""",8.0,1.0,700,ok,Guardado con lado_destino=700px (factor=1.0)
SICOCI38,"SIERRA CORTA CIRCULOS 1 1/2"" SURTEK (120741)",SICOCI38.webp,"1 1/2"" 1/2",1.0,0.7071,494,ok,Guardado con lado_destino=494px (factor=0.7071)
SICOCI56,"SIERRA CORTA CIRCULOS 2 1/4"" (120746) SURTEK",SICOCI56.webp,"2 1/4"" 1/4",2.0,1.0,700,ok,Guardado con lado_destino=700px (factor=1.0)
SICOSI54,"SIERRA CORTA CIRCULOS 2 1/8"" SURTEK(120745)",SICOSI54.webp,"2 1/8"" 1/8",2.0,1.0,700,ok,Guardado con lado_destino=700px (factor=1.0)
SICOCI60,"SIERRA CORTA CIRCULOS 2 3/8"" (120747) SURTEK",SICOCI60.webp,"2 3/8"" 3/8",2.0,1.0,700,ok,Guardado con lado_destino=700px (factor=1.0)
SICOCI50,"SIERRA CORTA CIRCULOS 2"" SURTEK (120744)",SICOCI50.webp,"2""",2.0,1.0,700,ok,Guardado con lado_destino=700px (factor=1.0)
SICOCI28,"SIERRA CORTA CIRCULOS 1 1/8"" (120737)",SICOCI28.webp,"1 1/8"" 1/8",1.0,0.7071,494,ok,Guardado con lado_destino=494px (factor=0.7071)
SICOCI30,"SIERRA CORTA CIRCULOS 1 3/16"" (120738)",SICOCI30.webp,"1 3/16"" 3/16",1.0,0.7071,494,ok,Guardado con lado_destino=494px (factor=0.7071)
SICOCI44.4,"SIERRA CORTA CIRCULOS 1 3/4"" (120743)",SICOCI44-4.webp,"1 3/4"" 3/4",1.0,0.7071,494,ok,Guardado con lado_destino=494px (factor=0.7071)
SICOCI26,"SIERRA CORTA CIRCULOS 1 3/8"" (120740)",SICOCI26.webp,"1 3/8"" 3/8",1.0,0.7071,494,ok,Guardado con lado_destino=494px (factor=0.7071)
SICOCI69,"SIERRA CORTA CIRCULOS 2 3/4"" (120749)",SICOCI69.webp,"2 3/4"" 3/4",2.0,1.0,700,ok,Guardado con lado_destino=700px (factor=1.0)
SICOCI23,"SIERRA CORTA CIRCULOS 7/8"" (120734)",SICOCI23.webp,"7/8"" 7/8",0.875,0.6614,463,ok,Guardado con lado_destino=463px (factor=0.6614)
TEN36AA,"TENSOR DE ACERO SURTEK 1/2"" X 6"" (TEN36AA)",TEN36AA.webp,"1/2"" 6"" 1/2",6.0,0.7071,494,ok,Guardado con lado_destino=494px (factor=0.7071)
TEN39,"TENSOR DE ACERO SURTEK 1/2"" X 9"" (TEN39)",TEN39.webp,"1/2"" 9"" 1/2",9.0,0.866,606,ok,Guardado con lado_destino=606px (factor=0.866)
TEN412,"TENSOR DE ACERO SURTEK 5/8"" X 12"" (TEN412)",TEN412.webp,"5/8"" 12"" 5/8",12.0,1.0,700,ok,Guardado con lado_destino=700px (factor=1.0)
151531,"TENSOR ZING GANCHO SURTEK 1/4"" (151531)",151531.webp,"1/4"" 1/4",0.25,0.8944,626,ok,Guardado con lado_destino=626px (factor=0.8944)
151532,"TENSOR ZING GANCHO SURTEK 5/16"" (151532)",151532.webp,"5/16"" 5/16",0.3125,1.0,700,ok,Guardado con lado_destino=700px (factor=1.0)
"TIGCORLAM10""","TIJERA PARA HOJALATERO 10"" (T01)",TIGCORLAM10.webp,"10""",10.0,0.7906,553,ok,Guardado con lado_destino=553px (factor=0.7906)
"TIGCORLAM12""","TIJERA PARA HOJALATERO 12"" (T02)",TIGCORLAM12.webp,"12""",12.0,0.866,606,ok,Guardado con lado_destino=606px (factor=0.866)
"TIGCORLAM14""","TIJERA PARA HOJALATERO 14"" (T03)",TIGCORLAM14.webp,"14""",14.0,0.9354,654,ok,Guardado con lado_destino=654px (factor=0.9354)
"TIGCORLAM16""","TIJERA PARA HOJALATERO 16"" (TJH16)",TIGCORLAM16.webp,"16""",16.0,1.0,700,ok,Guardado con lado_destino=700px (factor=1.0)
TJH7,"TIJERA PARA HOJALATERO 7"" (TJH7)",TJH7.webp,"7""",7.0,0.6614,463,ok,Guardado con lado_destino=463px (factor=0.6614)
"TIGCORLAM8""","TIJERA PARA HOJALATERO 8""",TIGCORLAM8.webp,"8""",8.0,0.7071,494,ok,Guardado con lado_destino=494px (factor=0.7071)
107025,"TORNILLO DE BANCO 5"" SURTEK (107025)",107025.webp,"5""",5.0,0.7906,553,ok,Guardado con lado_destino=553px (factor=0.7906)
107028,"TORNILLO DE BANCO 8"" SURTEK (107028)",107028.webp,"8""",8.0,1.0,700,ok,Guardado con lado_destino=700px (factor=1.0)
151007,TROL 1000 KG. SURTEK (151007),151007.webp,,151007.0,1.0,699,ok,Guardado con lado_destino=699px (factor=1.0)
151006,TROL 500 KG. SURTEK (151006),151006.webp,,151006.0,1.0,699,ok,Guardado con lado_destino=699px (factor=1.0)
TROL151010,TROL 5000 KG. SURTEK (151010),TROL151010.webp,,151010.0,1.0,700,ok,Guardado con lado_destino=700px (factor=1.0)
DUELZ3X1.83LCH,DUELA Z. DE 3 X 1.83 LISA CHAPETON,DUELZ3X1-83LCH.webp,3 X 1.83,3.0,0.7746,542,ok,Guardado con lado_destino=542px (factor=0.7746)
DUELZ4X1.98LCH,DUELA Z. DE 4 X 1.98 LISA CHAPETON,DUELZ4X1-98LCH.webp,4 X 1.98,4.0,0.8944,626,ok,Guardado con lado_destino=626px (factor=0.8944)
DUELZ5X2.44LCH,DUELA Z. DE 5 X 2.44 LISA CHAPETON,DUELZ5X2-44LCH.webp,5 X 2.44,5.0,1.0,700,ok,Guardado con lado_destino=700px (factor=1.0)
DUEL2X1.05,DUELA Z.LISA 2 X 1.05 C22,DUEL2X1-05.webp,C22 2 X 1.05,22.0,1.0,700,ok,Guardado con lado_destino=700px (factor=1.0)
DUEL2X1.22,DUELA Z.LISA 2 X 1.22 C22,DUEL2X1-22.webp,C22 2 X 1.22,22.0,1.0,700,ok,Guardado con lado_destino=700px (factor=1.0)
DUELZ3X1.83,DUELA Z.LISA 3 X 1.83 C22,DUELZ3X1-83.webp,C22 3 X 1.83,22.0,1.0,700,ok,Guardado con lado_destino=700px (factor=1.0)
DUELZ4X1.98,DUELA Z.LISA 4 X 1.98 C22,DUELZ4X1-98.webp,C22 4 X 1.98,22.0,1.0,700,ok,Guardado con lado_destino=700px (factor=1.0)
DUEL4X2.44,DUELA Z.LISA 4 X 2.44 C22,DUEL4X2-44.webp,C22 4 X 2.44,22.0,1.0,700,ok,Guardado con lado_destino=700px (factor=1.0)
DUEL5X2.44,DUELA Z.LISA 5 X 2.44 C22,DUEL5X2-44.webp,C22 5 X 2.44,22.0,1.0,700,ok,Guardado con lado_destino=700px (factor=1.0)
DUELZ11X2.44R,DUELA ZINTRO DE 11 X 2.44 REDONDA C.22,DUELZ11X2-44R.webp,C.22 11 X 2.44,22.0,0.4903,343,ok,Guardado con lado_destino=343px (factor=0.4903)
DUELZ4X91.5R,DUELA ZINTRO DE 4 X 91.5 REDONDA C.22,DUELZ4X91-5R.webp,C.22 4 X 91.5,91.5,1.0,700,ok,Guardado con lado_destino=700px (factor=1.0)
DUELZ8X1.83R,DUELA ZINTRO DE 8 X1.83 REDONDA C.22,DUELZ8X1-83R.webp,C.22 8 X1.83,22.0,0.4903,343,ok,Guardado con lado_destino=343px (factor=0.4903)
DUE11X2.44SQ,DUELA ZINTRO DE 11 X 2.44 SQ,DUE11X2-44SQ.webp,11 X 2.44,11.0,0.8864,620,ok,Guardado con lado_destino=620px (factor=0.8864)
DUE14X10SQ,DUELA ZINTRO DE 14 X 3.05 SQ,DUE14X10SQ.webp,14 X 3.05,14.0,1.0,700,ok,Guardado con lado_destino=700px (factor=1.0)
DUE5X1.05SQ,DUELA ZINTRO DE 5 X 1.05 SQ,DUE5X1-05SQ.webp,5 X 1.05,5.0,0.5976,418,ok,Guardado con lado_destino=418px (factor=0.5976)
DUELZ3X1.05RC,DUELA ZINTRO DE 3 X 1.05  RED. COMBINADA,DUELZ3X1-05RC.webp,3 X 1.05,3.0,0.1811,150,ok,Guardado con lado_destino=150px (factor=0.1811)
DUELZ3X91.5RC,DUELA ZINTRO DE 3 X 91.5 RED. COMBINADA,DUELZ3X91-5RC.webp,3 X 91.5,91.5,1.0,700,ok,Guardado con lado_destino=700px (factor=1.0)
DUELZ5X1.83,DUELA ZINTRO DE 5 X 1.83 RED. COMBINADA,DUELZ5X1-83.webp,5 X 1.83,5.0,0.2338,163,ok,Guardado con lado_destino=163px (factor=0.2338)
DUELZ5X1.98RC,DUELA ZINTRO DE 5 X 1.98  RED. COMBINADA,DUELZ5X1-98RC.webp,5 X 1.98,5.0,0.2338,163,ok,Guardado con lado_destino=163px (factor=0.2338)
DUELZ7X2.44RC,DUELA ZINTRO DE 7 X 2.44 RED. COMBINADA,DUELZ7X2-44RC.webp,7 X 2.44,7.0,0.2766,193,ok,Guardado con lado_destino=193px (factor=0.2766)
DUELZ9X10RC,DUELA ZINTRO DE 9 X 3.05 RED. COMBINADA,DUELZ9X10RC.webp,9 X 3.05,9.0,0.3136,219,ok,Guardado con lado_destino=219px (factor=0.3136)
DUELZ3X1.05CB,DUELA ZINTRO DE 3 X 1.05 CB CUAD. RECT.,DUELZ3X1-05CB.webp,3 X 1.05,3.0,0.1811,150,ok,Guardado con lado_destino=150px (factor=0.1811)
DUELZ 3X91.5CB,DUELA ZINTRO DE 3 X 91.5 CB CUAD. RECT.,DUELZ-3X91-5CB.webp,3 X 91.5,91.5,1.0,700,ok,Guardado con lado_destino=700px (factor=1.0)
DUELZ5X1.83CB,DUELA ZINTRO DE 5 X 1.83 CB CUAD. RECT.,DUELZ5X1-83CB.webp,5 X 1.83,5.0,0.2338,163,ok,Guardado con lado_destino=163px (factor=0.2338)
DUELZ5X1.98CB,DUELA ZINTRO DE 5 X 1.98 CB CUAD. RECT.,DUELZ5X1-98CB.webp,5 X 1.98,5.0,0.2338,163,ok,Guardado con lado_destino=163px (factor=0.2338)
DUELZ7X2.44CB,DUELA ZINTRO DE 7 X 2.44 CB CUAD. RECT.,DUELZ7X2-44CB.webp,7 X 2.44,7.0,0.2766,193,ok,Guardado con lado_destino=193px (factor=0.2766)
DUELZ9X3.05CB,DUELA ZINTRO DE 9 X 3.05 CB CUAD. RECT.,DUELZ9X3-05CB.webp,9 X 3.05,9.0,0.3136,219,ok,Guardado con lado_destino=219px (factor=0.3136)
ZT484X10,TABLERO ZINTRO 4X10 CAJA GDE. C-22,ZT484X10.webp,4X10,10.0,1.0,700,ok,Guardado con lado_destino=700px (factor=1.0)
ZT484X3,TABLERO ZINTRO 4X3 CAJA GDE. C-22,ZT484X3.webp,4X3,4.0,0.6325,442,ok,Guardado con lado_destino=442px (factor=0.6325)
ZT484X6,TABLERO ZINTRO 4X6 CAJA GDE. C-22,ZT484X6.webp,4X6,6.0,0.7746,542,ok,Guardado con lado_destino=542px (factor=0.7746)
ZT484X6.5,TABLERO ZINTRO 4X6.5 CAJA GDE. C-22,ZT484X6-5.webp,4X6.5,6.5,0.8062,564,ok,Guardado con lado_destino=564px (factor=0.8062)
ZT483X8,TABLERO ZINTRO 4X8 CAJA GDE. C-22,ZT483X8.webp,4X8,8.0,0.8944,626,ok,Guardado con lado_destino=626px (factor=0.8944)
TCPC244,TIRA P/CORT. PLANA C24 4.05 M,TCPC244.webp,C24 4.05 M,24.0,1.0,700,ok,Guardado con lado_destino=700px (factor=1.0)
TCPC245,TIRA P/CORT. PLANA C24 5.05 M,TCPC245.webp,C24 5.05 M,24.0,1.0,700,ok,Guardado con lado_destino=700px (factor=1.0)
TCPC246,TIRA P/CORT. PLANA C24 6.00 M,TCPC246.webp,C24 6.00 M,24.0,1.0,700,ok,Guardado con lado_destino=700px (factor=1.0)
WSR-383-ORANG,CARETA ELECTRONICA WURKSS REFLEX ORANGE 383,WSR-383-ORANG.webp,,383.0,0.9298,650,ok,Guardado con lado_destino=650px (factor=0.9298)
WST-443-ORA,CARETA ELECTRONICA WURKSS REFLEX ORANGE 443,WST-443-ORA.webp,,443.0,1.0,700,ok,Guardado con lado_destino=700px (factor=1.0)
