archivo,estado,detalle
044A.webp,omitido,modo RGB — ya tiene fondo opaco
107061.webp,omitido,modo RGB — ya tiene fondo opaco
108106.webp,omitido,modo RGB — ya tiene fondo opaco
115058.webp,omitido,modo RGB — ya tiene fondo opaco
115143.webp,omitido,modo RGB — ya tiene fondo opaco
117116.webp,omitido,modo RGB — ya tiene fondo opaco
118-H-2.webp,omitido,modo RGB — ya tiene fondo opaco
118007.webp,omitido,modo RGB — ya tiene fondo opaco
118008.webp,omitido,modo RGB — ya tiene fondo opaco
120303.webp,omitido,modo RGB — ya tiene fondo opaco
120350.webp,omitido,modo RGB — ya tiene fondo opaco
123032.webp,omitido,modo RGB — ya tiene fondo opaco
123033.webp,omitido,modo RGB — ya tiene fondo opaco
123254.webp,omitido,modo RGB — ya tiene fondo opaco
123388.webp,omitido,modo RGB — ya tiene fondo opaco
123508.webp,omitido,modo RGB — ya tiene fondo opaco
1238B.webp,omitido,modo RGB — ya tiene fondo opaco
124134.webp,omitido,modo RGB — ya tiene fondo opaco
126-B-3.webp,omitido,modo RGB — ya tiene fondo opaco
126-B-4.webp,omitido,modo RGB — ya tiene fondo opaco
137079.webp,omitido,modo RGB — ya tiene fondo opaco
137323.webp,omitido,modo RGB — ya tiene fondo opaco
137351.webp,omitido,modo RGB — ya tiene fondo opaco
137367.webp,omitido,modo RGB — ya tiene fondo opaco
137601.webp,omitido,modo RGB — ya tiene fondo opaco
137651.webp,omitido,modo RGB — ya tiene fondo opaco
137699.webp,omitido,modo RGB — ya tiene fondo opaco
137820.webp,omitido,modo RGB — ya tiene fondo opaco
137827.webp,omitido,modo RGB — ya tiene fondo opaco
138102.webp,omitido,modo RGB — ya tiene fondo opaco
140-H-1.webp,omitido,modo RGB — ya tiene fondo opaco
140-H-2.webp,omitido,modo RGB — ya tiene fondo opaco
142069.webp,omitido,modo RGB — ya tiene fondo opaco
142126.webp,omitido,modo RGB — ya tiene fondo opaco
142636.webp,omitido,modo RGB — ya tiene fondo opaco
142650.webp,omitido,modo RGB — ya tiene fondo opaco
142651.webp,omitido,modo RGB — ya tiene fondo opaco
142652.webp,omitido,modo RGB — ya tiene fondo opaco
142653.webp,omitido,modo RGB — ya tiene fondo opaco
142654.webp,omitido,modo RGB — ya tiene fondo opaco
142655.webp,omitido,modo RGB — ya tiene fondo opaco
142656.webp,omitido,modo RGB — ya tiene fondo opaco
142658.webp,omitido,modo RGB — ya tiene fondo opaco
14512.webp,omitido,modo RGB — ya tiene fondo opaco
150847.webp,omitido,modo RGB — ya tiene fondo opaco
150850.webp,omitido,modo RGB — ya tiene fondo opaco
150851.webp,omitido,modo RGB — ya tiene fondo opaco
151130.webp,omitido,modo RGB — ya tiene fondo opaco
16191.webp,omitido,modo RGB — ya tiene fondo opaco
181099.webp,omitido,modo RGB — ya tiene fondo opaco
18994.webp,omitido,modo RGB — ya tiene fondo opaco
24014.webp,omitido,modo RGB — ya tiene fondo opaco
2DP34.webp,omitido,modo RGB — ya tiene fondo opaco
321412.webp,omitido,modo RGB — ya tiene fondo opaco
33611.webp,omitido,modo RGB — ya tiene fondo opaco
34014.webp,omitido,modo RGB — ya tiene fondo opaco
377-40-T.webp,omitido,modo RGB — ya tiene fondo opaco
383808.webp,omitido,modo RGB — ya tiene fondo opaco
38461.webp,omitido,modo RGB — ya tiene fondo opaco
401003.webp,omitido,modo RGB — ya tiene fondo opaco
401034.webp,omitido,modo RGB — ya tiene fondo opaco
4058.webp,omitido,modo RGB — ya tiene fondo opaco
4061.webp,omitido,modo RGB — ya tiene fondo opaco
4065.webp,omitido,modo RGB — ya tiene fondo opaco
4066.webp,omitido,modo RGB — ya tiene fondo opaco
451347.webp,omitido,modo RGB — ya tiene fondo opaco
451378.webp,omitido,modo RGB — ya tiene fondo opaco
451772.webp,omitido,modo RGB — ya tiene fondo opaco
451803.webp,omitido,modo RGB — ya tiene fondo opaco
5113.webp,omitido,modo RGB — ya tiene fondo opaco
5200TX.webp,omitido,modo RGB — ya tiene fondo opaco
52079.webp,omitido,modo RGB — ya tiene fondo opaco
524455.webp,omitido,modo RGB — ya tiene fondo opaco
524486.webp,omitido,modo RGB — ya tiene fondo opaco
524851.webp,omitido,modo RGB — ya tiene fondo opaco
53479.webp,omitido,modo RGB — ya tiene fondo opaco
54058.webp,omitido,modo RGB — ya tiene fondo opaco
54089.webp,omitido,modo RGB — ya tiene fondo opaco
642612.webp,omitido,modo RGB — ya tiene fondo opaco
642643.webp,omitido,modo RGB — ya tiene fondo opaco
642673.webp,omitido,modo RGB — ya tiene fondo opaco
643647.webp,omitido,modo RGB — ya tiene fondo opaco
643677.webp,omitido,modo RGB — ya tiene fondo opaco
64814.webp,omitido,modo RGB — ya tiene fondo opaco
64815.webp,omitido,modo RGB — ya tiene fondo opaco
652413.webp,omitido,modo RGB — ya tiene fondo opaco
652443.webp,omitido,modo RGB — ya tiene fondo opaco
652655.webp,omitido,modo RGB — ya tiene fondo opaco
655577.webp,omitido,modo RGB — ya tiene fondo opaco
655608.webp,omitido,modo RGB — ya tiene fondo opaco
72073.webp,omitido,modo RGB — ya tiene fondo opaco
72681.webp,omitido,modo RGB — ya tiene fondo opaco
8100CM.webp,omitido,modo RGB — ya tiene fondo opaco
811-3-T.webp,omitido,modo RGB — ya tiene fondo opaco
997.webp,omitido,modo RGB — ya tiene fondo opaco
AEM301.webp,omitido,modo RGB — ya tiene fondo opaco
AEM407.webp,omitido,modo RGB — ya tiene fondo opaco
AES401.webp,omitido,modo RGB — ya tiene fondo opaco
AES406.webp,omitido,modo RGB — ya tiene fondo opaco
AES427.webp,omitido,modo RGB — ya tiene fondo opaco
ALAAD.webp,omitido,modo RGB — ya tiene fondo opaco
ALACISLAM.webp,omitido,modo RGB — ya tiene fondo opaco
ALAQ.webp,omitido,modo RGB — ya tiene fondo opaco
ALAQD.webp,omitido,modo RGB — ya tiene fondo opaco
ALAS.webp,omitido,modo RGB — ya tiene fondo opaco
ANCH.webp,omitido,modo RGB — ya tiene fondo opaco
APACHE.webp,omitido,modo RGB — ya tiene fondo opaco
APACHED.webp,omitido,modo RGB — ya tiene fondo opaco
ARC17T.webp,omitido,modo RGB — ya tiene fondo opaco
AROC16.webp,omitido,modo RGB — ya tiene fondo opaco
ARORED10.webp,omitido,modo RGB — ya tiene fondo opaco
AROSOL.webp,omitido,modo RGB — ya tiene fondo opaco
AROSOL5.webp,omitido,modo RGB — ya tiene fondo opaco
AXT-SP250EC.webp,omitido,modo RGB — ya tiene fondo opaco
BAF150.webp,omitido,modo RGB — ya tiene fondo opaco
BCN386.webp,omitido,modo RGB — ya tiene fondo opaco
BCN51612.webp,omitido,modo RGB — ya tiene fondo opaco
BCN5166.webp,omitido,modo RGB — ya tiene fondo opaco
BCN586.webp,omitido,modo RGB — ya tiene fondo opaco
BCO1-2.webp,omitido,modo RGB — ya tiene fondo opaco
BCO1-4.webp,omitido,modo RGB — ya tiene fondo opaco
BCO1-8.webp,omitido,modo RGB — ya tiene fondo opaco
BCO3-8.webp,omitido,modo RGB — ya tiene fondo opaco
BCO5-16.webp,omitido,modo RGB — ya tiene fondo opaco
BF1701-13.webp,omitido,modo RGB — ya tiene fondo opaco
BF1701-3.webp,omitido,modo RGB — ya tiene fondo opaco
BF497-2.webp,omitido,modo RGB — ya tiene fondo opaco
BIBELCH.webp,omitido,modo RGB — ya tiene fondo opaco
BIBELCHICOLIGHT.webp,omitido,modo RGB — ya tiene fondo opaco
BIBELMEDLIGHT.webp,omitido,modo RGB — ya tiene fondo opaco
BIRLO5X400.webp,omitido,modo RGB — ya tiene fondo opaco
BIRLO6X200.webp,omitido,modo RGB — ya tiene fondo opaco
BOQP-CORT-4157.webp,omitido,modo RGB — ya tiene fondo opaco
BOQP-CORT-4158.webp,omitido,modo RGB — ya tiene fondo opaco
BOQUILLA.webp,omitido,modo RGB — ya tiene fondo opaco
BPVC2-95M.webp,omitido,modo RGB — ya tiene fondo opaco
BPVC4M.webp,omitido,modo RGB — ya tiene fondo opaco
BROCON1-4X6D24365.webp,omitido,modo RGB — ya tiene fondo opaco
BROCON3-8X12D24418.webp,omitido,modo RGB — ya tiene fondo opaco
BROCONI3-16X39MM.webp,omitido,modo RGB — ya tiene fondo opaco
BROIRW7-16.webp,omitido,modo RGB — ya tiene fondo opaco
BSDS3-8X6.webp,omitido,modo RGB — ya tiene fondo opaco
BSR1.webp,omitido,modo RGB — ya tiene fondo opaco
BSR3-4.webp,omitido,modo RGB — ya tiene fondo opaco
BSR5-8.webp,omitido,modo RGB — ya tiene fondo opaco
C500.webp,omitido,modo RGB — ya tiene fondo opaco
C501.webp,omitido,modo RGB — ya tiene fondo opaco
C512.webp,omitido,modo RGB — ya tiene fondo opaco
C515.webp,omitido,modo RGB — ya tiene fondo opaco
C536.webp,omitido,modo RGB — ya tiene fondo opaco
C546.webp,omitido,modo RGB — ya tiene fondo opaco
C563.webp,omitido,modo RGB — ya tiene fondo opaco
C564.webp,omitido,modo RGB — ya tiene fondo opaco
CA-0.webp,omitido,modo RGB — ya tiene fondo opaco
CA-11.webp,omitido,modo RGB — ya tiene fondo opaco
CA-18.webp,omitido,modo RGB — ya tiene fondo opaco
CA-20-A.webp,omitido,modo RGB — ya tiene fondo opaco
CA-20.webp,omitido,modo RGB — ya tiene fondo opaco
CA-28.webp,omitido,modo RGB — ya tiene fondo opaco
CA-33-A.webp,omitido,modo RGB — ya tiene fondo opaco
CA-39-A.webp,omitido,modo RGB — ya tiene fondo opaco
CA218.webp,omitido,modo RGB — ya tiene fondo opaco
CABTCH.webp,omitido,modo RGB — ya tiene fondo opaco
CALEON.webp,omitido,modo RGB — ya tiene fondo opaco
CALOBO.webp,omitido,modo RGB — ya tiene fondo opaco
CANCOM6924.webp,omitido,modo RGB — ya tiene fondo opaco
CAND16932.webp,omitido,modo RGB — ya tiene fondo opaco
CAND16933.webp,omitido,modo RGB — ya tiene fondo opaco
CAND16934.webp,omitido,modo RGB — ya tiene fondo opaco
CAND6915.webp,omitido,modo RGB — ya tiene fondo opaco
CAND6917.webp,omitido,modo RGB — ya tiene fondo opaco
CAND6939.webp,omitido,modo RGB — ya tiene fondo opaco
CAND6940.webp,omitido,modo RGB — ya tiene fondo opaco
CAND6942.webp,omitido,modo RGB — ya tiene fondo opaco
CANPHILLTX-9TETRA.webp,omitido,modo RGB — ya tiene fondo opaco
CAP214.webp,omitido,modo RGB — ya tiene fondo opaco
CAR123245.webp,omitido,modo RGB — ya tiene fondo opaco
CARCOOND3.webp,omitido,modo RGB — ya tiene fondo opaco
CARCOTRE4.webp,omitido,modo RGB — ya tiene fondo opaco
CASO70.webp,omitido,modo RGB — ya tiene fondo opaco
CBR2.webp,omitido,modo RGB — ya tiene fondo opaco
CCENTRAL.webp,omitido,modo RGB — ya tiene fondo opaco
CEPALM123261.webp,omitido,modo RGB — ya tiene fondo opaco
CERD6336.webp,omitido,modo RGB — ya tiene fondo opaco
CERD6339.webp,omitido,modo RGB — ya tiene fondo opaco
CERD6634.webp,omitido,modo RGB — ya tiene fondo opaco
CERD6730.webp,omitido,modo RGB — ya tiene fondo opaco
CGN5.webp,omitido,modo RGB — ya tiene fondo opaco
CGN7.webp,omitido,modo RGB — ya tiene fondo opaco
CHA150.webp,omitido,modo RGB — ya tiene fondo opaco
CHA321D.webp,omitido,modo RGB — ya tiene fondo opaco
CHA4187.webp,omitido,modo RGB — ya tiene fondo opaco
CHA525DC.webp,omitido,modo RGB — ya tiene fondo opaco
CHA800FI-AS.webp,omitido,modo RGB — ya tiene fondo opaco
CHAD4186.webp,omitido,modo RGB — ya tiene fondo opaco
CHAD4189.webp,omitido,modo RGB — ya tiene fondo opaco
CHAD5802.webp,omitido,modo RGB — ya tiene fondo opaco
CHAD6305.webp,omitido,modo RGB — ya tiene fondo opaco
CHAD6641.webp,omitido,modo RGB — ya tiene fondo opaco
CHAD6740.webp,omitido,modo RGB — ya tiene fondo opaco
CHAD6744.webp,omitido,modo RGB — ya tiene fondo opaco
CHAD6754.webp,omitido,modo RGB — ya tiene fondo opaco
CLA108502.webp,omitido,modo RGB — ya tiene fondo opaco
CLA108508.webp,omitido,modo RGB — ya tiene fondo opaco
CM13.webp,omitido,modo RGB — ya tiene fondo opaco
CONSGDE.webp,omitido,modo RGB — ya tiene fondo opaco
CORBOSCH.webp,omitido,modo RGB — ya tiene fondo opaco
COTOD.webp,omitido,modo RGB — ya tiene fondo opaco
CP115142.webp,omitido,modo RGB — ya tiene fondo opaco
CRHP.webp,omitido,modo RGB — ya tiene fondo opaco
CRIBA.webp,omitido,modo RGB — ya tiene fondo opaco
CUCF16.webp,omitido,modo RGB — ya tiene fondo opaco
CUMOS13.webp,omitido,modo RGB — ya tiene fondo opaco
CURCS16.webp,omitido,modo RGB — ya tiene fondo opaco
CUROSA13.webp,omitido,modo RGB — ya tiene fondo opaco
D202.webp,omitido,modo RGB — ya tiene fondo opaco
DA60M.webp,omitido,modo RGB — ya tiene fondo opaco
DFANDG6041-2.webp,omitido,modo RGB — ya tiene fondo opaco
DFANDG8041-2.webp,omitido,modo RGB — ya tiene fondo opaco
DG743A.webp,omitido,modo RGB — ya tiene fondo opaco
DG80PFER41-2.webp,omitido,modo RGB — ya tiene fondo opaco
DOBTUBO.webp,omitido,modo RGB — ya tiene fondo opaco
DUE14X10SQ.webp,omitido,modo RGB — ya tiene fondo opaco
DUE1X-91.webp,omitido,modo RGB — ya tiene fondo opaco
DUE5X1-05SQ.webp,omitido,modo RGB — ya tiene fondo opaco
DUE8X1-83SQ.webp,omitido,modo RGB — ya tiene fondo opaco
DUELAZ3X91-5.webp,omitido,modo RGB — ya tiene fondo opaco
DUELZ11X2-44R.webp,omitido,modo RGB — ya tiene fondo opaco
DUELZ3X-915CBCH.webp,omitido,modo RGB — ya tiene fondo opaco
DUELZ4X91-5R.webp,omitido,modo RGB — ya tiene fondo opaco
DUELZ5X1-83.webp,omitido,modo RGB — ya tiene fondo opaco
DUELZ5X1-83CB.webp,omitido,modo RGB — ya tiene fondo opaco
DUELZ5X1-98CB.webp,omitido,modo RGB — ya tiene fondo opaco
DUELZ6X3-05.webp,omitido,modo RGB — ya tiene fondo opaco
DUELZ7X2-44CB.webp,omitido,modo RGB — ya tiene fondo opaco
DUELZ8X1-83R.webp,omitido,modo RGB — ya tiene fondo opaco
E001.webp,omitido,modo RGB — ya tiene fondo opaco
E0042.webp,omitido,modo RGB — ya tiene fondo opaco
E005.webp,omitido,modo RGB — ya tiene fondo opaco
E006.webp,omitido,modo RGB — ya tiene fondo opaco
E0069.webp,omitido,modo RGB — ya tiene fondo opaco
E009.webp,omitido,modo RGB — ya tiene fondo opaco
E0091.webp,omitido,modo RGB — ya tiene fondo opaco
E00911.webp,omitido,modo RGB — ya tiene fondo opaco
E0104.webp,omitido,modo RGB — ya tiene fondo opaco
E01112.webp,omitido,modo RGB — ya tiene fondo opaco
E01151.webp,omitido,modo RGB — ya tiene fondo opaco
E0119.webp,omitido,modo RGB — ya tiene fondo opaco
E0127.webp,omitido,modo RGB — ya tiene fondo opaco
E0213.webp,omitido,modo RGB — ya tiene fondo opaco
E0223.webp,omitido,modo RGB — ya tiene fondo opaco
E030-S.webp,omitido,modo RGB — ya tiene fondo opaco
E031-S1.webp,omitido,modo RGB — ya tiene fondo opaco
E446.webp,omitido,modo RGB — ya tiene fondo opaco
E4471.webp,omitido,modo RGB — ya tiene fondo opaco
E450.webp,omitido,modo RGB — ya tiene fondo opaco
E451.webp,omitido,modo RGB — ya tiene fondo opaco
E453.webp,omitido,modo RGB — ya tiene fondo opaco
E454.webp,omitido,modo RGB — ya tiene fondo opaco
E455.webp,omitido,modo RGB — ya tiene fondo opaco
E4581.webp,omitido,modo RGB — ya tiene fondo opaco
ECLCHFC.webp,omitido,modo RGB — ya tiene fondo opaco
ECLGDE.webp,omitido,modo RGB — ya tiene fondo opaco
EP242.webp,omitido,modo RGB — ya tiene fondo opaco
EP244.webp,omitido,modo RGB — ya tiene fondo opaco
ESCOM12-122254.webp,omitido,modo RGB — ya tiene fondo opaco
ESCOM12.webp,omitido,modo RGB — ya tiene fondo opaco
ESGA4.webp,omitido,modo RGB — ya tiene fondo opaco
ESLALUMCEN.webp,omitido,modo RGB — ya tiene fondo opaco
ESME10.webp,omitido,modo RGB — ya tiene fondo opaco
ESME24-122281.webp,omitido,modo RGB — ya tiene fondo opaco
ESME24.webp,omitido,modo RGB — ya tiene fondo opaco
ESMEF8-122264.webp,omitido,modo RGB — ya tiene fondo opaco
ESQ75.webp,omitido,modo RGB — ya tiene fondo opaco
ETT2.webp,omitido,modo RGB — ya tiene fondo opaco
EXHE2G.webp,omitido,modo RGB — ya tiene fondo opaco
FCAC.webp,omitido,modo RGB — ya tiene fondo opaco
FIG-C3M.webp,omitido,modo RGB — ya tiene fondo opaco
FIGFCA.webp,omitido,modo RGB — ya tiene fondo opaco
FIL108103.webp,omitido,modo RGB — ya tiene fondo opaco
FLORROM1.webp,omitido,modo RGB — ya tiene fondo opaco
FLORROM2.webp,omitido,modo RGB — ya tiene fondo opaco
GALLOD.webp,omitido,modo RGB — ya tiene fondo opaco
GALLOI.webp,omitido,modo RGB — ya tiene fondo opaco
GBS2.webp,omitido,modo RGB — ya tiene fondo opaco
GC3.webp,omitido,modo RGB — ya tiene fondo opaco
GNPM.webp,omitido,modo RGB — ya tiene fondo opaco
GRA2C25.webp,omitido,modo RGB — ya tiene fondo opaco
GUACARCR.webp,omitido,modo RGB — ya tiene fondo opaco
HAMAPO.webp,omitido,modo RGB — ya tiene fondo opaco
HBAN.webp,omitido,modo RGB — ya tiene fondo opaco
HDURAZ.webp,omitido,modo RGB — ya tiene fondo opaco
HEUCA.webp,omitido,modo RGB — ya tiene fondo opaco
HHELECHO.webp,omitido,modo RGB — ya tiene fondo opaco
HHIEDRA.webp,omitido,modo RGB — ya tiene fondo opaco
HJULIETA.webp,omitido,modo RGB — ya tiene fondo opaco
HMAPLE.webp,omitido,modo RGB — ya tiene fondo opaco
HOLIVO.webp,omitido,modo RGB — ya tiene fondo opaco
HS3.webp,omitido,modo RGB — ya tiene fondo opaco
HSS10X101-4.webp,omitido,modo RGB — ya tiene fondo opaco
HSS8X8-3-8.webp,omitido,modo RGB — ya tiene fondo opaco
HSS8X81-4.webp,omitido,modo RGB — ya tiene fondo opaco
HV-6700.webp,omitido,modo RGB — ya tiene fondo opaco
HVINA.webp,omitido,modo RGB — ya tiene fondo opaco
HVR818-18-C1.webp,omitido,modo RGB — ya tiene fondo opaco
JABLVE.webp,omitido,modo RGB — ya tiene fondo opaco
JARRONCH.webp,omitido,modo RGB — ya tiene fondo opaco
JCS4.webp,omitido,modo RGB — ya tiene fondo opaco
JINLAM.webp,omitido,modo RGB — ya tiene fondo opaco
LAR3-66.webp,omitido,modo RGB — ya tiene fondo opaco
LGALTEJA4-27.webp,omitido,modo RGB — ya tiene fondo opaco
LGL4C18.webp,omitido,modo RGB — ya tiene fondo opaco
LGL4C20.webp,omitido,modo RGB — ya tiene fondo opaco
LGL4C22.webp,omitido,modo RGB — ya tiene fondo opaco
LGLOSC246-10.webp,omitido,modo RGB — ya tiene fondo opaco
LGLR3C24.webp,omitido,modo RGB — ya tiene fondo opaco
LGLR3C26.webp,omitido,modo RGB — ya tiene fondo opaco
LGLR4C24.webp,omitido,modo RGB — ya tiene fondo opaco
LGLR4C26.webp,omitido,modo RGB — ya tiene fondo opaco
LGT3-66.webp,omitido,modo RGB — ya tiene fondo opaco
LGZR4-27E.webp,omitido,modo RGB — ya tiene fondo opaco
LI-120332.webp,omitido,modo RGB — ya tiene fondo opaco
LI-120378.webp,omitido,modo RGB — ya tiene fondo opaco
LIMA120363.webp,omitido,modo RGB — ya tiene fondo opaco
LIMABELLO14.webp,omitido,modo RGB — ya tiene fondo opaco
LTU40S.webp,omitido,modo RGB — ya tiene fondo opaco
LUCH.webp,omitido,modo RGB — ya tiene fondo opaco
LUGD.webp,omitido,modo RGB — ya tiene fondo opaco
LUNL03.webp,omitido,modo RGB — ya tiene fondo opaco
MACET.webp,omitido,modo RGB — ya tiene fondo opaco
MACHURREA3-16.webp,omitido,modo RGB — ya tiene fondo opaco
MAGN.webp,omitido,modo RGB — ya tiene fondo opaco
MALLACI1-50CAL-12-50.webp,omitido,modo RGB — ya tiene fondo opaco
MALLACI1-75CAL-12-50.webp,omitido,modo RGB — ya tiene fondo opaco
MALLACI2CAL-12-50.webp,omitido,modo RGB — ya tiene fondo opaco
MAN-500.webp,omitido,modo RGB — ya tiene fondo opaco
MANCOMIZQ.webp,omitido,modo RGB — ya tiene fondo opaco
MARR2.webp,omitido,modo RGB — ya tiene fondo opaco
MASCARILLA.webp,omitido,modo RGB — ya tiene fondo opaco
MASSEN.webp,omitido,modo RGB — ya tiene fondo opaco
MEDE2116.webp,omitido,modo RGB — ya tiene fondo opaco
MICA1-5D.webp,omitido,modo RGB — ya tiene fondo opaco
MICA2-5D.webp,omitido,modo RGB — ya tiene fondo opaco
MODC2.webp,omitido,modo RGB — ya tiene fondo opaco
MODC3.webp,omitido,modo RGB — ya tiene fondo opaco
MON100X50C14.webp,omitido,modo RGB — ya tiene fondo opaco
MON250X69C-14.webp,omitido,modo RGB — ya tiene fondo opaco
MPS12.webp,omitido,modo RGB — ya tiene fondo opaco
NIDO.webp,omitido,modo RGB — ya tiene fondo opaco
NIVMAGSTAN.webp,omitido,modo RGB — ya tiene fondo opaco
P2-511.webp,omitido,modo RGB — ya tiene fondo opaco
P6X6-1-4.webp,omitido,modo RGB — ya tiene fondo opaco
PASDEX3475.webp,omitido,modo RGB — ya tiene fondo opaco
PE300.webp,omitido,modo RGB — ya tiene fondo opaco
PETEKG1.webp,omitido,modo RGB — ya tiene fondo opaco
PFR6090.webp,omitido,modo RGB — ya tiene fondo opaco
PFR6190.webp,omitido,modo RGB — ya tiene fondo opaco
PIE-ENC.webp,omitido,modo RGB — ya tiene fondo opaco
PIJA10X11-2.webp,omitido,modo RGB — ya tiene fondo opaco
PIJA10X2.webp,omitido,modo RGB — ya tiene fondo opaco
PIJA8X1.webp,omitido,modo RGB — ya tiene fondo opaco
PIJA8X11-2.webp,omitido,modo RGB — ya tiene fondo opaco
PIJA8X3-4.webp,omitido,modo RGB — ya tiene fondo opaco
PIJAKLATH8X1-2.webp,omitido,modo RGB — ya tiene fondo opaco
PIJAKLATH8X1.webp,omitido,modo RGB — ya tiene fondo opaco
PIJAKLATH8X11-2.webp,omitido,modo RGB — ya tiene fondo opaco
PIS-314.webp,omitido,modo RGB — ya tiene fondo opaco
PISALUM600ML.webp,omitido,modo RGB — ya tiene fondo opaco
PLA1.webp,omitido,modo RGB — ya tiene fondo opaco
PLA4.webp,omitido,modo RGB — ya tiene fondo opaco
PLA6.webp,omitido,modo RGB — ya tiene fondo opaco
PLAB12.webp,omitido,modo RGB — ya tiene fondo opaco
PLAB9.webp,omitido,modo RGB — ya tiene fondo opaco
PLACA10.webp,omitido,modo RGB — ya tiene fondo opaco
PLACA16.webp,omitido,modo RGB — ya tiene fondo opaco
PLACA19.webp,omitido,modo RGB — ya tiene fondo opaco
PLACA5.webp,omitido,modo RGB — ya tiene fondo opaco
PM102.webp,omitido,modo RGB — ya tiene fondo opaco
PM103.webp,omitido,modo RGB — ya tiene fondo opaco
PM122.webp,omitido,modo RGB — ya tiene fondo opaco
PM124.webp,omitido,modo RGB — ya tiene fondo opaco
PM61.webp,omitido,modo RGB — ya tiene fondo opaco
PM6114.webp,omitido,modo RGB — ya tiene fondo opaco
PM612.webp,omitido,modo RGB — ya tiene fondo opaco
PMC61.webp,omitido,modo RGB — ya tiene fondo opaco
PMC6112.webp,omitido,modo RGB — ya tiene fondo opaco
POLAC2A.webp,omitido,modo RGB — ya tiene fondo opaco
PPG13.webp,omitido,modo RGB — ya tiene fondo opaco
PRE3-107053.webp,omitido,modo RGB — ya tiene fondo opaco
PTR-38X75.webp,omitido,modo RGB — ya tiene fondo opaco
PTR100X100C1-4-6-10.webp,omitido,modo RGB — ya tiene fondo opaco
PTR100X100C14.webp,omitido,modo RGB — ya tiene fondo opaco
PTR25X25C14.webp,omitido,modo RGB — ya tiene fondo opaco
PTR25X25C16.webp,omitido,modo RGB — ya tiene fondo opaco
PTR25X50.webp,omitido,modo RGB — ya tiene fondo opaco
PTR25X50C16.webp,omitido,modo RGB — ya tiene fondo opaco
PTR32X32C11.webp,omitido,modo RGB — ya tiene fondo opaco
PTR32X32C14.webp,omitido,modo RGB — ya tiene fondo opaco
PTR38X100.webp,omitido,modo RGB — ya tiene fondo opaco
PTR38X38C16.webp,omitido,modo RGB — ya tiene fondo opaco
PTR50X100C11.webp,omitido,modo RGB — ya tiene fondo opaco
PTR50X50C16.webp,omitido,modo RGB — ya tiene fondo opaco
PTRG50X50.webp,omitido,modo RGB — ya tiene fondo opaco
PUNPPH2PL.webp,omitido,modo RGB — ya tiene fondo opaco
PZALE.webp,omitido,modo RGB — ya tiene fondo opaco
R101H3-66.webp,omitido,modo RGB — ya tiene fondo opaco
R101P4-27.webp,omitido,modo RGB — ya tiene fondo opaco
R101P6-10.webp,omitido,modo RGB — ya tiene fondo opaco
RE4G.webp,omitido,modo RGB — ya tiene fondo opaco
RE5G.webp,omitido,modo RGB — ya tiene fondo opaco
REMA113411.webp,omitido,modo RGB — ya tiene fondo opaco
REMA113420.webp,omitido,modo RGB — ya tiene fondo opaco
REMA610LF.webp,omitido,modo RGB — ya tiene fondo opaco
RESAN2X2-5CAL8.webp,omitido,modo RGB — ya tiene fondo opaco
RESDBL.webp,omitido,modo RGB — ya tiene fondo opaco
RESME.webp,omitido,modo RGB — ya tiene fondo opaco
RETD.webp,omitido,modo RGB — ya tiene fondo opaco
RETI.webp,omitido,modo RGB — ya tiene fondo opaco
RIELCP6.webp,omitido,modo RGB — ya tiene fondo opaco
RMARRO.webp,omitido,modo RGB — ya tiene fondo opaco
RONPREGAL16.webp,omitido,modo RGB — ya tiene fondo opaco
ROSETECLI.webp,omitido,modo RGB — ya tiene fondo opaco
ROSETP.webp,omitido,modo RGB — ya tiene fondo opaco
RY5PB.webp,omitido,modo RGB — ya tiene fondo opaco
S7828HL.webp,omitido,modo RGB — ya tiene fondo opaco
SCHI121S2-B3.webp,omitido,modo RGB — ya tiene fondo opaco
SEGL6-24DPP.webp,omitido,modo RGB — ya tiene fondo opaco
SEGL8-10DPP.webp,omitido,modo RGB — ya tiene fondo opaco
SEGL8-18DPP.webp,omitido,modo RGB — ya tiene fondo opaco
SH15.webp,omitido,modo RGB — ya tiene fondo opaco
SICARSISAB300.webp,omitido,modo RGB — ya tiene fondo opaco
SICOCI60.webp,omitido,modo RGB — ya tiene fondo opaco
SICOL1-1-4.webp,omitido,modo RGB — ya tiene fondo opaco
SICOL1.webp,omitido,modo RGB — ya tiene fondo opaco
SICOL2-1-2.webp,omitido,modo RGB — ya tiene fondo opaco
SICOL3.webp,omitido,modo RGB — ya tiene fondo opaco
SICOL7-8.webp,omitido,modo RGB — ya tiene fondo opaco
SILDUR300ML.webp,omitido,modo RGB — ya tiene fondo opaco
SILDUR95GR.webp,omitido,modo RGB — ya tiene fondo opaco
SILSALCHD600ML.webp,omitido,modo RGB — ya tiene fondo opaco
SOL3X32.webp,omitido,modo RGB — ya tiene fondo opaco
SOL3X38.webp,omitido,modo RGB — ya tiene fondo opaco
SOL6X100.webp,omitido,modo RGB — ya tiene fondo opaco
SOL6X150.webp,omitido,modo RGB — ya tiene fondo opaco
SOLACINOX.webp,omitido,modo RGB — ya tiene fondo opaco
SOLCH.webp,omitido,modo RGB — ya tiene fondo opaco
SOLD4056M.webp,omitido,modo RGB — ya tiene fondo opaco
SOLD4066M.webp,omitido,modo RGB — ya tiene fondo opaco
SOLD410-2X3-16-6M.webp,omitido,modo RGB — ya tiene fondo opaco
SOLD4106M.webp,omitido,modo RGB — ya tiene fondo opaco
SOLFOCOE.webp,omitido,modo RGB — ya tiene fondo opaco
SOLG.webp,omitido,modo RGB — ya tiene fondo opaco
SOLIN7013.webp,omitido,modo RGB — ya tiene fondo opaco
SOLMED.webp,omitido,modo RGB — ya tiene fondo opaco
SOM.webp,omitido,modo RGB — ya tiene fondo opaco
SP10.webp,omitido,modo RGB — ya tiene fondo opaco
SP14.webp,omitido,modo RGB — ya tiene fondo opaco
SSK15.webp,omitido,modo RGB — ya tiene fondo opaco
SSK18.webp,omitido,modo RGB — ya tiene fondo opaco
TAB-SQ4X10.webp,omitido,modo RGB — ya tiene fondo opaco
TABZ3X3B75CMX91-5CM.webp,omitido,modo RGB — ya tiene fondo opaco
TABZ3X3SQ75CMX91-5CM.webp,omitido,modo RGB — ya tiene fondo opaco
TABZ3X6B75CMX1-83MTS.webp,omitido,modo RGB — ya tiene fondo opaco
TABZ3X6CB75CMX1-83MT.webp,omitido,modo RGB — ya tiene fondo opaco
TABZ3X6SQ75CMX1-83MT.webp,omitido,modo RGB — ya tiene fondo opaco
TABZ4X3B1MTSX91-5CM.webp,omitido,modo RGB — ya tiene fondo opaco
TABZ4X3CB1MTSX91-5CM.webp,omitido,modo RGB — ya tiene fondo opaco
TABZ4X3SQ1MTSX91-5CM.webp,omitido,modo RGB — ya tiene fondo opaco
TABZ4X6CB1MTSX1-83MT.webp,omitido,modo RGB — ya tiene fondo opaco
TACAV3X6.webp,omitido,modo RGB — ya tiene fondo opaco
TAPIGDE.webp,omitido,modo RGB — ya tiene fondo opaco
TCPC245.webp,omitido,modo RGB — ya tiene fondo opaco
TCPC246.webp,omitido,modo RGB — ya tiene fondo opaco
TIGCORLAM14.webp,omitido,modo RGB — ya tiene fondo opaco
TILOUVERN.webp,omitido,modo RGB — ya tiene fondo opaco
TJH7.webp,omitido,modo RGB — ya tiene fondo opaco
TOPUGR.webp,omitido,modo RGB — ya tiene fondo opaco
TORCAGALV-6X50.webp,omitido,modo RGB — ya tiene fondo opaco
TORCOGALV-6X38.webp,omitido,modo RGB — ya tiene fondo opaco
TORCOGALV6X100.webp,omitido,modo RGB — ya tiene fondo opaco
TORHEXGAL6X75.webp,omitido,modo RGB — ya tiene fondo opaco
TORO.webp,omitido,modo RGB — ya tiene fondo opaco
TREBSOL.webp,omitido,modo RGB — ya tiene fondo opaco
TT250.webp,omitido,modo RGB — ya tiene fondo opaco
TUCAN.webp,omitido,modo RGB — ya tiene fondo opaco
TUINC1644.webp,omitido,modo RGB — ya tiene fondo opaco
TUINC1650.webp,omitido,modo RGB — ya tiene fondo opaco
TUINC1675.webp,omitido,modo RGB — ya tiene fondo opaco
TUMOEXCC75-10401.webp,omitido,modo RGB — ya tiene fondo opaco
TUNEC3032.webp,omitido,modo RGB — ya tiene fondo opaco
TUTRE19.webp,omitido,modo RGB — ya tiene fondo opaco
TUTRE25.webp,omitido,modo RGB — ya tiene fondo opaco
TUTRE50.webp,omitido,modo RGB — ya tiene fondo opaco
USGVG.webp,omitido,modo RGB — ya tiene fondo opaco
USGVM.webp,omitido,modo RGB — ya tiene fondo opaco
USGVX.webp,omitido,modo RGB — ya tiene fondo opaco
USIMM33.webp,omitido,modo RGB — ya tiene fondo opaco
VARCO.webp,omitido,modo RGB — ya tiene fondo opaco
VARO13.webp,omitido,modo RGB — ya tiene fondo opaco
VARO25.webp,omitido,modo RGB — ya tiene fondo opaco
VAROS10.webp,omitido,modo RGB — ya tiene fondo opaco
VAROS16.webp,omitido,modo RGB — ya tiene fondo opaco
VAROS19.webp,omitido,modo RGB — ya tiene fondo opaco
VAROS5.webp,omitido,modo RGB — ya tiene fondo opaco
VAROS6.webp,omitido,modo RGB — ya tiene fondo opaco
VAROS8X1.webp,omitido,modo RGB — ya tiene fondo opaco
VC3-8.webp,omitido,modo RGB — ya tiene fondo opaco
VIRGEN.webp,omitido,modo RGB — ya tiene fondo opaco
VIRGENMED.webp,omitido,modo RGB — ya tiene fondo opaco
WSR-300.webp,omitido,modo RGB — ya tiene fondo opaco
ZAP300.webp,omitido,modo RGB — ya tiene fondo opaco
ZC100.webp,omitido,modo RGB — ya tiene fondo opaco
ZC125.webp,omitido,modo RGB — ya tiene fondo opaco
ZC200.webp,omitido,modo RGB — ya tiene fondo opaco
ZP1400.webp,omitido,modo RGB — ya tiene fondo opaco
ZP150.webp,omitido,modo RGB — ya tiene fondo opaco
ZP1500.webp,omitido,modo RGB — ya tiene fondo opaco
ZP400.webp,omitido,modo RGB — ya tiene fondo opaco
ZP400C18.webp,omitido,modo RGB — ya tiene fondo opaco
ZR125.webp,omitido,modo RGB — ya tiene fondo opaco
ZR175.webp,omitido,modo RGB — ya tiene fondo opaco
ZT483X8.webp,omitido,modo RGB — ya tiene fondo opaco
ZT484X10.webp,omitido,modo RGB — ya tiene fondo opaco
ZT484X3.webp,omitido,modo RGB — ya tiene fondo opaco
ZT484X6-5.webp,omitido,modo RGB — ya tiene fondo opaco
ZT484X6.webp,omitido,modo RGB — ya tiene fondo opaco
ZTA473X1020.webp,omitido,modo RGB — ya tiene fondo opaco
ZTA473X1022.webp,omitido,modo RGB — ya tiene fondo opaco
ZTA473X620.webp,omitido,modo RGB — ya tiene fondo opaco
ZV127.webp,omitido,modo RGB — ya tiene fondo opaco
ZV145.webp,omitido,modo RGB — ya tiene fondo opaco
0-958333333333333.webp,procesado,modo RGBA → RGB con fondo blanco
024A.webp,procesado,modo RGBA → RGB con fondo blanco
025A.webp,procesado,modo RGBA → RGB con fondo blanco
026A.webp,procesado,modo RGBA → RGB con fondo blanco
027A.webp,procesado,modo RGBA → RGB con fondo blanco
029A.webp,procesado,modo RGBA → RGB con fondo blanco
030A.webp,procesado,modo RGBA → RGB con fondo blanco
031A.webp,procesado,modo RGBA → RGB con fondo blanco
032A.webp,procesado,modo RGBA → RGB con fondo blanco
036A.webp,procesado,modo RGBA → RGB con fondo blanco
038A.webp,procesado,modo RGBA → RGB con fondo blanco
040A.webp,procesado,modo RGBA → RGB con fondo blanco
06013A30G1.webp,procesado,modo RGBA → RGB con fondo blanco
081A.webp,procesado,modo RGBA → RGB con fondo blanco
082A.webp,procesado,modo RGBA → RGB con fondo blanco
083A.webp,procesado,modo RGBA → RGB con fondo blanco
084A.webp,procesado,modo RGBA → RGB con fondo blanco
102.webp,procesado,modo RGBA → RGB con fondo blanco
102A.webp,procesado,modo RGBA → RGB con fondo blanco
10393-11.webp,procesado,modo RGBA → RGB con fondo blanco
10393-4.webp,procesado,modo RGBA → RGB con fondo blanco
105.webp,procesado,modo RGBA → RGB con fondo blanco
107.webp,procesado,modo RGBA → RGB con fondo blanco
107025.webp,procesado,modo RGBA → RGB con fondo blanco
107028.webp,procesado,modo RGBA → RGB con fondo blanco
107096.webp,procesado,modo RGBA → RGB con fondo blanco
107098.webp,procesado,modo RGBA → RGB con fondo blanco
107122.webp,procesado,modo RGBA → RGB con fondo blanco
107344.webp,procesado,modo RGBA → RGB con fondo blanco
108006.webp,procesado,modo RGBA → RGB con fondo blanco
108105.webp,procesado,modo RGBA → RGB con fondo blanco
108123.webp,procesado,modo RGBA → RGB con fondo blanco
108140.webp,procesado,modo RGBA → RGB con fondo blanco
108146.webp,procesado,modo RGBA → RGB con fondo blanco
112515.webp,procesado,modo RGBA → RGB con fondo blanco
114200.webp,procesado,modo RGBA → RGB con fondo blanco
114203.webp,procesado,modo RGBA → RGB con fondo blanco
114204.webp,procesado,modo RGBA → RGB con fondo blanco
114205.webp,procesado,modo RGBA → RGB con fondo blanco
114208.webp,procesado,modo RGBA → RGB con fondo blanco
114209.webp,procesado,modo RGBA → RGB con fondo blanco
114210.webp,procesado,modo RGBA → RGB con fondo blanco
114211.webp,procesado,modo RGBA → RGB con fondo blanco
114213.webp,procesado,modo RGBA → RGB con fondo blanco
114214.webp,procesado,modo RGBA → RGB con fondo blanco
114215.webp,procesado,modo RGBA → RGB con fondo blanco
114301.webp,procesado,modo RGBA → RGB con fondo blanco
114354.webp,procesado,modo RGBA → RGB con fondo blanco
114355.webp,procesado,modo RGBA → RGB con fondo blanco
114361.webp,procesado,modo RGBA → RGB con fondo blanco
115154.webp,procesado,modo RGBA → RGB con fondo blanco
117166.webp,procesado,modo RGBA → RGB con fondo blanco
118002.webp,procesado,modo RGBA → RGB con fondo blanco
118003.webp,procesado,modo RGBA → RGB con fondo blanco
118005.webp,procesado,modo RGBA → RGB con fondo blanco
119263.webp,procesado,modo RGBA → RGB con fondo blanco
119270.webp,procesado,modo RGBA → RGB con fondo blanco
120.webp,procesado,modo RGBA → RGB con fondo blanco
12020.webp,procesado,modo RGBA → RGB con fondo blanco
120330.webp,procesado,modo RGBA → RGB con fondo blanco
120331.webp,procesado,modo RGBA → RGB con fondo blanco
120335.webp,procesado,modo RGBA → RGB con fondo blanco
120341.webp,procesado,modo RGBA → RGB con fondo blanco
120354.webp,procesado,modo RGBA → RGB con fondo blanco
120360.webp,procesado,modo RGBA → RGB con fondo blanco
120361.webp,procesado,modo RGBA → RGB con fondo blanco
120362.webp,procesado,modo RGBA → RGB con fondo blanco
120370.webp,procesado,modo RGBA → RGB con fondo blanco
120748.webp,procesado,modo RGBA → RGB con fondo blanco
12098.webp,procesado,modo RGBA → RGB con fondo blanco
121150.webp,procesado,modo RGBA → RGB con fondo blanco
122.webp,procesado,modo RGBA → RGB con fondo blanco
122101.webp,procesado,modo RGBA → RGB con fondo blanco
122110.webp,procesado,modo RGBA → RGB con fondo blanco
122280.webp,procesado,modo RGBA → RGB con fondo blanco
123262.webp,procesado,modo RGBA → RGB con fondo blanco
123311.webp,procesado,modo RGBA → RGB con fondo blanco
123312.webp,procesado,modo RGBA → RGB con fondo blanco
123313.webp,procesado,modo RGBA → RGB con fondo blanco
123314.webp,procesado,modo RGBA → RGB con fondo blanco
123381.webp,procesado,modo RGBA → RGB con fondo blanco
123385.webp,procesado,modo RGBA → RGB con fondo blanco
123396.webp,procesado,modo RGBA → RGB con fondo blanco
123502.webp,procesado,modo RGBA → RGB con fondo blanco
123504.webp,procesado,modo RGBA → RGB con fondo blanco
123505.webp,procesado,modo RGBA → RGB con fondo blanco
123509.webp,procesado,modo RGBA → RGB con fondo blanco
123510.webp,procesado,modo RGBA → RGB con fondo blanco
123512.webp,procesado,modo RGBA → RGB con fondo blanco
123702.webp,procesado,modo RGBA → RGB con fondo blanco
123900.webp,procesado,modo RGBA → RGB con fondo blanco
124.webp,procesado,modo RGBA → RGB con fondo blanco
124408.webp,procesado,modo RGBA → RGB con fondo blanco
125.webp,procesado,modo RGBA → RGB con fondo blanco
130409.webp,procesado,modo RGBA → RGB con fondo blanco
136.webp,procesado,modo RGBA → RGB con fondo blanco
136935.webp,procesado,modo RGBA → RGB con fondo blanco
136936.webp,procesado,modo RGBA → RGB con fondo blanco
136938.webp,procesado,modo RGBA → RGB con fondo blanco
137297.webp,procesado,modo RGBA → RGB con fondo blanco
137308.webp,procesado,modo RGBA → RGB con fondo blanco
137320.webp,procesado,modo RGBA → RGB con fondo blanco
137321.webp,procesado,modo RGBA → RGB con fondo blanco
137324.webp,procesado,modo RGBA → RGB con fondo blanco
137325.webp,procesado,modo RGBA → RGB con fondo blanco
137326.webp,procesado,modo RGBA → RGB con fondo blanco
137327.webp,procesado,modo RGBA → RGB con fondo blanco
137328.webp,procesado,modo RGBA → RGB con fondo blanco
137331.webp,procesado,modo RGBA → RGB con fondo blanco
137334.webp,procesado,modo RGBA → RGB con fondo blanco
137352.webp,procesado,modo RGBA → RGB con fondo blanco
137354.webp,procesado,modo RGBA → RGB con fondo blanco
137355.webp,procesado,modo RGBA → RGB con fondo blanco
137376.webp,procesado,modo RGBA → RGB con fondo blanco
137377.webp,procesado,modo RGBA → RGB con fondo blanco
137384.webp,procesado,modo RGBA → RGB con fondo blanco
137401.webp,procesado,modo RGBA → RGB con fondo blanco
137409.webp,procesado,modo RGBA → RGB con fondo blanco
137416.webp,procesado,modo RGBA → RGB con fondo blanco
137430.webp,procesado,modo RGBA → RGB con fondo blanco
137441.webp,procesado,modo RGBA → RGB con fondo blanco
137442.webp,procesado,modo RGBA → RGB con fondo blanco
137459.webp,procesado,modo RGBA → RGB con fondo blanco
137496.webp,procesado,modo RGBA → RGB con fondo blanco
137497.webp,procesado,modo RGBA → RGB con fondo blanco
137504.webp,procesado,modo RGBA → RGB con fondo blanco
137505.webp,procesado,modo RGBA → RGB con fondo blanco
137506.webp,procesado,modo RGBA → RGB con fondo blanco
137507.webp,procesado,modo RGBA → RGB con fondo blanco
137538.webp,procesado,modo RGBA → RGB con fondo blanco
137539.webp,procesado,modo RGBA → RGB con fondo blanco
137540.webp,procesado,modo RGBA → RGB con fondo blanco
137541.webp,procesado,modo RGBA → RGB con fondo blanco
137542.webp,procesado,modo RGBA → RGB con fondo blanco
137548.webp,procesado,modo RGBA → RGB con fondo blanco
137549.webp,procesado,modo RGBA → RGB con fondo blanco
137592.webp,procesado,modo RGBA → RGB con fondo blanco
137620.webp,procesado,modo RGBA → RGB con fondo blanco
137657.webp,procesado,modo RGBA → RGB con fondo blanco
137658.webp,procesado,modo RGBA → RGB con fondo blanco
137659.webp,procesado,modo RGBA → RGB con fondo blanco
137668.webp,procesado,modo RGBA → RGB con fondo blanco
137670.webp,procesado,modo RGBA → RGB con fondo blanco
137684.webp,procesado,modo RGBA → RGB con fondo blanco
137791.webp,procesado,modo RGBA → RGB con fondo blanco
137793.webp,procesado,modo RGBA → RGB con fondo blanco
137795.webp,procesado,modo RGBA → RGB con fondo blanco
137798.webp,procesado,modo RGBA → RGB con fondo blanco
137799.webp,procesado,modo RGBA → RGB con fondo blanco
137821.webp,procesado,modo RGBA → RGB con fondo blanco
137823.webp,procesado,modo RGBA → RGB con fondo blanco
137824.webp,procesado,modo RGBA → RGB con fondo blanco
137826.webp,procesado,modo RGBA → RGB con fondo blanco
138026.webp,procesado,modo RGBA → RGB con fondo blanco
140982.webp,procesado,modo RGBA → RGB con fondo blanco
142038.webp,procesado,modo RGBA → RGB con fondo blanco
142063.webp,procesado,modo RGBA → RGB con fondo blanco
142070.webp,procesado,modo RGBA → RGB con fondo blanco
142132.webp,procesado,modo RGBA → RGB con fondo blanco
143106.webp,procesado,modo RGBA → RGB con fondo blanco
143401.webp,procesado,modo RGBA → RGB con fondo blanco
143422.webp,procesado,modo RGBA → RGB con fondo blanco
144183.webp,procesado,modo RGBA → RGB con fondo blanco
144184.webp,procesado,modo RGBA → RGB con fondo blanco
144185.webp,procesado,modo RGBA → RGB con fondo blanco
150826.webp,procesado,modo RGBA → RGB con fondo blanco
151006.webp,procesado,modo RGBA → RGB con fondo blanco
151007.webp,procesado,modo RGBA → RGB con fondo blanco
151226.webp,procesado,modo RGBA → RGB con fondo blanco
151227.webp,procesado,modo RGBA → RGB con fondo blanco
151531.webp,procesado,modo RGBA → RGB con fondo blanco
151532.webp,procesado,modo RGBA → RGB con fondo blanco
151533.webp,procesado,modo RGBA → RGB con fondo blanco
15377.webp,procesado,modo RGBA → RGB con fondo blanco
15378.webp,procesado,modo RGBA → RGB con fondo blanco
15379.webp,procesado,modo RGBA → RGB con fondo blanco
1686.webp,procesado,modo RGBA → RGB con fondo blanco
1687.webp,procesado,modo RGBA → RGB con fondo blanco
1688.webp,procesado,modo RGBA → RGB con fondo blanco
1700CM.webp,procesado,modo RGBA → RGB con fondo blanco
1905647.webp,procesado,modo RGBA → RGB con fondo blanco
1905649.webp,procesado,modo RGBA → RGB con fondo blanco
1905650.webp,procesado,modo RGBA → RGB con fondo blanco
19129.webp,procesado,modo RGBA → RGB con fondo blanco
22362.webp,procesado,modo RGBA → RGB con fondo blanco
2442.webp,procesado,modo RGBA → RGB con fondo blanco
2444.webp,procesado,modo RGBA → RGB con fondo blanco
2462.webp,procesado,modo RGBA → RGB con fondo blanco
2740.webp,procesado,modo RGBA → RGB con fondo blanco
2741.webp,procesado,modo RGBA → RGB con fondo blanco
2742.webp,procesado,modo RGBA → RGB con fondo blanco
2743.webp,procesado,modo RGBA → RGB con fondo blanco
2744.webp,procesado,modo RGBA → RGB con fondo blanco
2745.webp,procesado,modo RGBA → RGB con fondo blanco
2746.webp,procesado,modo RGBA → RGB con fondo blanco
2747.webp,procesado,modo RGBA → RGB con fondo blanco
2748.webp,procesado,modo RGBA → RGB con fondo blanco
2750.webp,procesado,modo RGBA → RGB con fondo blanco
2752.webp,procesado,modo RGBA → RGB con fondo blanco
2843.webp,procesado,modo RGBA → RGB con fondo blanco
2885.webp,procesado,modo RGBA → RGB con fondo blanco
2888.webp,procesado,modo RGBA → RGB con fondo blanco
2898.webp,procesado,modo RGBA → RGB con fondo blanco
2899.webp,procesado,modo RGBA → RGB con fondo blanco
2934.webp,procesado,modo RGBA → RGB con fondo blanco
2936.webp,procesado,modo RGBA → RGB con fondo blanco
293R.webp,procesado,modo RGBA → RGB con fondo blanco
2999.webp,procesado,modo RGBA → RGB con fondo blanco
300A.webp,procesado,modo RGBA → RGB con fondo blanco
302A.webp,procesado,modo RGBA → RGB con fondo blanco
304A.webp,procesado,modo RGBA → RGB con fondo blanco
31026.webp,procesado,modo RGBA → RGB con fondo blanco
31027.webp,procesado,modo RGBA → RGB con fondo blanco
32135.webp,procesado,modo RGBA → RGB con fondo blanco
32136.webp,procesado,modo RGBA → RGB con fondo blanco
32833.webp,procesado,modo RGBA → RGB con fondo blanco
33610.webp,procesado,modo RGBA → RGB con fondo blanco
391.webp,procesado,modo RGBA → RGB con fondo blanco
392.webp,procesado,modo RGBA → RGB con fondo blanco
398.webp,procesado,modo RGBA → RGB con fondo blanco
405.webp,procesado,modo RGBA → RGB con fondo blanco
4059.webp,procesado,modo RGBA → RGB con fondo blanco
406.webp,procesado,modo RGBA → RGB con fondo blanco
4060.webp,procesado,modo RGBA → RGB con fondo blanco
4067.webp,procesado,modo RGBA → RGB con fondo blanco
4068.webp,procesado,modo RGBA → RGB con fondo blanco
4184.webp,procesado,modo RGBA → RGB con fondo blanco
41A.webp,procesado,modo RGBA → RGB con fondo blanco
425MP.webp,procesado,modo RGBA → RGB con fondo blanco
4526TCA.webp,procesado,modo RGBA → RGB con fondo blanco
4535.webp,procesado,modo RGBA → RGB con fondo blanco
5439C.webp,procesado,modo RGBA → RGB con fondo blanco
54417.webp,procesado,modo RGBA → RGB con fondo blanco
70470.webp,procesado,modo RGBA → RGB con fondo blanco
72.webp,procesado,modo RGBA → RGB con fondo blanco
87F20.webp,procesado,modo RGBA → RGB con fondo blanco
87G22.webp,procesado,modo RGBA → RGB con fondo blanco
87P14.webp,procesado,modo RGBA → RGB con fondo blanco
902.webp,procesado,modo RGBA → RGB con fondo blanco
906.webp,procesado,modo RGBA → RGB con fondo blanco
910.webp,procesado,modo RGBA → RGB con fondo blanco
919.webp,procesado,modo RGBA → RGB con fondo blanco
923.webp,procesado,modo RGBA → RGB con fondo blanco
930.webp,procesado,modo RGBA → RGB con fondo blanco
934.webp,procesado,modo RGBA → RGB con fondo blanco
A3X19.webp,procesado,modo RGBA → RGB con fondo blanco
A3X25L.webp,procesado,modo RGBA → RGB con fondo blanco
A3X32L.webp,procesado,modo RGBA → RGB con fondo blanco
A3X38L.webp,procesado,modo RGBA → RGB con fondo blanco
A3X50L.webp,procesado,modo RGBA → RGB con fondo blanco
A5X32.webp,procesado,modo RGBA → RGB con fondo blanco
A5X38.webp,procesado,modo RGBA → RGB con fondo blanco
A5X44.webp,procesado,modo RGBA → RGB con fondo blanco
A5X50.webp,procesado,modo RGBA → RGB con fondo blanco
A5X64.webp,procesado,modo RGBA → RGB con fondo blanco
A6X100.webp,procesado,modo RGBA → RGB con fondo blanco
A6X32.webp,procesado,modo RGBA → RGB con fondo blanco
A6X38.webp,procesado,modo RGBA → RGB con fondo blanco
A6X50.webp,procesado,modo RGBA → RGB con fondo blanco
A6X64.webp,procesado,modo RGBA → RGB con fondo blanco
A6X75.webp,procesado,modo RGBA → RGB con fondo blanco
A8-09-1-5.webp,procesado,modo RGBA → RGB con fondo blanco
A8-09-5-5.webp,procesado,modo RGBA → RGB con fondo blanco
AA-815-20-C1.webp,procesado,modo RGBA → RGB con fondo blanco
AA-915-120L-VV.webp,procesado,modo RGBA → RGB con fondo blanco
AA10115-1-120.webp,procesado,modo RGBA → RGB con fondo blanco
AA11115-1-120GV.webp,procesado,modo RGBA → RGB con fondo blanco
AA11115-1-120V-V.webp,procesado,modo RGBA → RGB con fondo blanco
AA715-120.webp,procesado,modo RGBA → RGB con fondo blanco
AAWD40.webp,procesado,modo RGBA → RGB con fondo blanco
ABRATE41.webp,procesado,modo RGBA → RGB con fondo blanco
ABRATE47.webp,procesado,modo RGBA → RGB con fondo blanco
ACOPG318.webp,procesado,modo RGBA → RGB con fondo blanco
ACOPG320.webp,procesado,modo RGBA → RGB con fondo blanco
ADAP039873.webp,procesado,modo RGBA → RGB con fondo blanco
ADHCAR450G.webp,procesado,modo RGBA → RGB con fondo blanco
ADORNO.webp,procesado,modo RGBA → RGB con fondo blanco
ADORNOC.webp,procesado,modo RGBA → RGB con fondo blanco
ADOROVALO.webp,procesado,modo RGBA → RGB con fondo blanco
AEF401.webp,procesado,modo RGBA → RGB con fondo blanco
AEF403.webp,procesado,modo RGBA → RGB con fondo blanco
AEF405.webp,procesado,modo RGBA → RGB con fondo blanco
AEM303.webp,procesado,modo RGBA → RGB con fondo blanco
AEM401.webp,procesado,modo RGBA → RGB con fondo blanco
AEM402.webp,procesado,modo RGBA → RGB con fondo blanco
AEM403.webp,procesado,modo RGBA → RGB con fondo blanco
AEM404.webp,procesado,modo RGBA → RGB con fondo blanco
AEM406.webp,procesado,modo RGBA → RGB con fondo blanco
AER2170.webp,procesado,modo RGBA → RGB con fondo blanco
AER2171.webp,procesado,modo RGBA → RGB con fondo blanco
AER2175.webp,procesado,modo RGBA → RGB con fondo blanco
AER2182.webp,procesado,modo RGBA → RGB con fondo blanco
AER2185.webp,procesado,modo RGBA → RGB con fondo blanco
AER2192.webp,procesado,modo RGBA → RGB con fondo blanco
AER2193.webp,procesado,modo RGBA → RGB con fondo blanco
AERVERZIN.webp,procesado,modo RGBA → RGB con fondo blanco
AERVERZINP.webp,procesado,modo RGBA → RGB con fondo blanco
AES304.webp,procesado,modo RGBA → RGB con fondo blanco
AES313.webp,procesado,modo RGBA → RGB con fondo blanco
AES402.webp,procesado,modo RGBA → RGB con fondo blanco
AES403.webp,procesado,modo RGBA → RGB con fondo blanco
AES404.webp,procesado,modo RGBA → RGB con fondo blanco
AES407.webp,procesado,modo RGBA → RGB con fondo blanco
AES408.webp,procesado,modo RGBA → RGB con fondo blanco
AES410.webp,procesado,modo RGBA → RGB con fondo blanco
AES411.webp,procesado,modo RGBA → RGB con fondo blanco
AES413.webp,procesado,modo RGBA → RGB con fondo blanco
AES414.webp,procesado,modo RGBA → RGB con fondo blanco
AES415.webp,procesado,modo RGBA → RGB con fondo blanco
AES416.webp,procesado,modo RGBA → RGB con fondo blanco
AES420.webp,procesado,modo RGBA → RGB con fondo blanco
AES423.webp,procesado,modo RGBA → RGB con fondo blanco
AES425.webp,procesado,modo RGBA → RGB con fondo blanco
AET301.webp,procesado,modo RGBA → RGB con fondo blanco
AET302.webp,procesado,modo RGBA → RGB con fondo blanco
AET303.webp,procesado,modo RGBA → RGB con fondo blanco
AFLOJA.webp,procesado,modo RGBA → RGB con fondo blanco
ALAAI.webp,procesado,modo RGBA → RGB con fondo blanco
ALCGALU.webp,procesado,modo RGBA → RGB con fondo blanco
ALCHIALUM.webp,procesado,modo RGBA → RGB con fondo blanco
ALLFH9.webp,procesado,modo RGBA → RGB con fondo blanco
ANCO.webp,procesado,modo RGBA → RGB con fondo blanco
ANTGEL.webp,procesado,modo RGBA → RGB con fondo blanco
ANTGEL400GRS.webp,procesado,modo RGBA → RGB con fondo blanco
ARC17N.webp,procesado,modo RGBA → RGB con fondo blanco
ARCA.webp,procesado,modo RGBA → RGB con fondo blanco
ARCO.webp,procesado,modo RGBA → RGB con fondo blanco
ARCOR2.webp,procesado,modo RGBA → RGB con fondo blanco
AROC-18.webp,procesado,modo RGBA → RGB con fondo blanco
AROC13.webp,procesado,modo RGBA → RGB con fondo blanco
AROCONFLORFO-CO.webp,procesado,modo RGBA → RGB con fondo blanco
AROCONROSAFO-CO.webp,procesado,modo RGBA → RGB con fondo blanco
ARORED13.webp,procesado,modo RGBA → RGB con fondo blanco
AROTB113.webp,procesado,modo RGBA → RGB con fondo blanco
AS510A.webp,procesado,modo RGBA → RGB con fondo blanco
AT2610254M.webp,procesado,modo RGBA → RGB con fondo blanco
AXT-160TBV.webp,procesado,modo RGBA → RGB con fondo blanco
AXT-BORNEHEM1-2.webp,procesado,modo RGBA → RGB con fondo blanco
AXT-BORNEHEM3-8.webp,procesado,modo RGBA → RGB con fondo blanco
AXT-CEAMERICA.webp,procesado,modo RGBA → RGB con fondo blanco
AXT-CEFRANK.webp,procesado,modo RGBA → RGB con fondo blanco
AXT-CEMETAL.webp,procesado,modo RGBA → RGB con fondo blanco
AXT-CEREX.webp,procesado,modo RGBA → RGB con fondo blanco
AXT-EM207LCD-2.webp,procesado,modo RGBA → RGB con fondo blanco
AXT-P120TC.webp,procesado,modo RGBA → RGB con fondo blanco
AXT-P207LCD.webp,procesado,modo RGBA → RGB con fondo blanco
AXT-WP26.webp,procesado,modo RGBA → RGB con fondo blanco
B122074.webp,procesado,modo RGBA → RGB con fondo blanco
B122080.webp,procesado,modo RGBA → RGB con fondo blanco
B122082.webp,procesado,modo RGBA → RGB con fondo blanco
B122086.webp,procesado,modo RGBA → RGB con fondo blanco
BAT1120-3.webp,procesado,modo RGBA → RGB con fondo blanco
BCHA13.webp,procesado,modo RGBA → RGB con fondo blanco
BCHA25.webp,procesado,modo RGBA → RGB con fondo blanco
BCHA38.webp,procesado,modo RGBA → RGB con fondo blanco
BCHA50.webp,procesado,modo RGBA → RGB con fondo blanco
BCHA65.webp,procesado,modo RGBA → RGB con fondo blanco
BCHA75.webp,procesado,modo RGBA → RGB con fondo blanco
BCN3812.webp,procesado,modo RGBA → RGB con fondo blanco
BCO3-16.webp,procesado,modo RGBA → RGB con fondo blanco
BIBELGI.webp,procesado,modo RGBA → RGB con fondo blanco
BIBELGILIGTH.webp,procesado,modo RGBA → RGB con fondo blanco
BIBELGIR.webp,procesado,modo RGBA → RGB con fondo blanco
BIBELJUM.webp,procesado,modo RGBA → RGB con fondo blanco
BIBELMED.webp,procesado,modo RGBA → RGB con fondo blanco
BIBELSEN.webp,procesado,modo RGBA → RGB con fondo blanco
BIBELTA.webp,procesado,modo RGBA → RGB con fondo blanco
BIMEGA.webp,procesado,modo RGBA → RGB con fondo blanco
BIRLO5X100.webp,procesado,modo RGBA → RGB con fondo blanco
BIRLO5X125.webp,procesado,modo RGBA → RGB con fondo blanco
BIRLO5X150.webp,procesado,modo RGBA → RGB con fondo blanco
BIRLO5X178.webp,procesado,modo RGBA → RGB con fondo blanco
BIRLO5X200.webp,procesado,modo RGBA → RGB con fondo blanco
BIRLO5X250.webp,procesado,modo RGBA → RGB con fondo blanco
BIRLO5X300.webp,procesado,modo RGBA → RGB con fondo blanco
BIRLO6X250.webp,procesado,modo RGBA → RGB con fondo blanco
BIRLO6X300.webp,procesado,modo RGBA → RGB con fondo blanco
BISBA5-C-PLA.webp,procesado,modo RGBA → RGB con fondo blanco
BISBA7-C-PLA.webp,procesado,modo RGBA → RGB con fondo blanco
BISBIVCG.webp,procesado,modo RGBA → RGB con fondo blanco
BISL100.webp,procesado,modo RGBA → RGB con fondo blanco
BISL100S.webp,procesado,modo RGBA → RGB con fondo blanco
BISL88.webp,procesado,modo RGBA → RGB con fondo blanco
BISLB50.webp,procesado,modo RGBA → RGB con fondo blanco
BISLB56.webp,procesado,modo RGBA → RGB con fondo blanco
BISLB75.webp,procesado,modo RGBA → RGB con fondo blanco
BISLBA125.webp,procesado,modo RGBA → RGB con fondo blanco
BISLBA150.webp,procesado,modo RGBA → RGB con fondo blanco
BISLBA75.webp,procesado,modo RGBA → RGB con fondo blanco
BISPRO.webp,procesado,modo RGBA → RGB con fondo blanco
BIST10.webp,procesado,modo RGBA → RGB con fondo blanco
BIST16.webp,procesado,modo RGBA → RGB con fondo blanco
BIST19.webp,procesado,modo RGBA → RGB con fondo blanco
BIST25.webp,procesado,modo RGBA → RGB con fondo blanco
BITA.webp,procesado,modo RGBA → RGB con fondo blanco
BOMBOA25.webp,procesado,modo RGBA → RGB con fondo blanco
BOMBOA32.webp,procesado,modo RGBA → RGB con fondo blanco
BOMBOA38.webp,procesado,modo RGBA → RGB con fondo blanco
BOMBOEMB25.webp,procesado,modo RGBA → RGB con fondo blanco
BOMBOEMB38.webp,procesado,modo RGBA → RGB con fondo blanco
BOTONB.webp,procesado,modo RGBA → RGB con fondo blanco
BOTONR.webp,procesado,modo RGBA → RGB con fondo blanco
BR1405.webp,procesado,modo RGBA → RGB con fondo blanco
BRO119154.webp,procesado,modo RGBA → RGB con fondo blanco
BRO119156.webp,procesado,modo RGBA → RGB con fondo blanco
BRO119157.webp,procesado,modo RGBA → RGB con fondo blanco
BRO119158.webp,procesado,modo RGBA → RGB con fondo blanco
BRO119159.webp,procesado,modo RGBA → RGB con fondo blanco
BRO119160.webp,procesado,modo RGBA → RGB con fondo blanco
BRO119161.webp,procesado,modo RGBA → RGB con fondo blanco
BRO119162.webp,procesado,modo RGBA → RGB con fondo blanco
BRO119163.webp,procesado,modo RGBA → RGB con fondo blanco
BRO119164.webp,procesado,modo RGBA → RGB con fondo blanco
BRO119165.webp,procesado,modo RGBA → RGB con fondo blanco
BRO119166.webp,procesado,modo RGBA → RGB con fondo blanco
BRO119167.webp,procesado,modo RGBA → RGB con fondo blanco
BRO119168.webp,procesado,modo RGBA → RGB con fondo blanco
BRO119170.webp,procesado,modo RGBA → RGB con fondo blanco
BRO119171.webp,procesado,modo RGBA → RGB con fondo blanco
BRO119173.webp,procesado,modo RGBA → RGB con fondo blanco
BROCA19-64.webp,procesado,modo RGBA → RGB con fondo blanco
BROCA25-64.webp,procesado,modo RGBA → RGB con fondo blanco
BROCA3-32.webp,procesado,modo RGBA → RGB con fondo blanco
BROCIRW1-2.webp,procesado,modo RGBA → RGB con fondo blanco
BROCIRW1-4.webp,procesado,modo RGBA → RGB con fondo blanco
BROCIRW1-8.webp,procesado,modo RGBA → RGB con fondo blanco
BROCIRW3-16.webp,procesado,modo RGBA → RGB con fondo blanco
BROCIRW3-8.webp,procesado,modo RGBA → RGB con fondo blanco
BROCIRW5-16.webp,procesado,modo RGBA → RGB con fondo blanco
BROCON1-2X12.webp,procesado,modo RGBA → RGB con fondo blanco
BROCON1-2X12D00979.webp,procesado,modo RGBA → RGB con fondo blanco
BROCON1-2X12D24446.webp,procesado,modo RGBA → RGB con fondo blanco
BROCON1-2X6.webp,procesado,modo RGBA → RGB con fondo blanco
BROCON1-2X6D00963.webp,procesado,modo RGBA → RGB con fondo blanco
BROCON1-2X6D24430.webp,procesado,modo RGBA → RGB con fondo blanco
BROCON1-4X-12D24371.webp,procesado,modo RGBA → RGB con fondo blanco
BROCON1-4X12.webp,procesado,modo RGBA → RGB con fondo blanco
BROCON1-4X4.webp,procesado,modo RGBA → RGB con fondo blanco
BROCON1-4X4D00860.webp,procesado,modo RGBA → RGB con fondo blanco
BROCON1-4X4D24359.webp,procesado,modo RGBA → RGB con fondo blanco
BROCON1-4X6.webp,procesado,modo RGBA → RGB con fondo blanco
BROCON1-4X6D008876.webp,procesado,modo RGBA → RGB con fondo blanco
BROCON1X12.webp,procesado,modo RGBA → RGB con fondo blanco
BROCON3-16X6D00832.webp,procesado,modo RGBA → RGB con fondo blanco
BROCON3-4X12.webp,procesado,modo RGBA → RGB con fondo blanco
BROCON3-4X12D01046.webp,procesado,modo RGBA → RGB con fondo blanco
BROCON3-4X6.webp,procesado,modo RGBA → RGB con fondo blanco
BROCON3-8X12.webp,procesado,modo RGBA → RGB con fondo blanco
BROCON3-8X12D000935.webp,procesado,modo RGBA → RGB con fondo blanco
BROCON3-8X18.webp,procesado,modo RGBA → RGB con fondo blanco
BROCON3-8X6.webp,procesado,modo RGBA → RGB con fondo blanco
BROCON3-8X6D000929.webp,procesado,modo RGBA → RGB con fondo blanco
BROCON3-8X6D24402.webp,procesado,modo RGBA → RGB con fondo blanco
BROCON5-16X12.webp,procesado,modo RGBA → RGB con fondo blanco
BROCON5-16X12D24393.webp,procesado,modo RGBA → RGB con fondo blanco
BROCON5-16X6.webp,procesado,modo RGBA → RGB con fondo blanco
BROCON5-16X6D00907.webp,procesado,modo RGBA → RGB con fondo blanco
BROCON5-16X6D24387.webp,procesado,modo RGBA → RGB con fondo blanco
BROCON5-8X12.webp,procesado,modo RGBA → RGB con fondo blanco
BROCON5-8X6.webp,procesado,modo RGBA → RGB con fondo blanco
BROCON7-8X12.webp,procesado,modo RGBA → RGB con fondo blanco
BROCON9-16X6D00985.webp,procesado,modo RGBA → RGB con fondo blanco
BROESC119370.webp,procesado,modo RGBA → RGB con fondo blanco
BROESC119372.webp,procesado,modo RGBA → RGB con fondo blanco
BROESC119373.webp,procesado,modo RGBA → RGB con fondo blanco
BROESC119374.webp,procesado,modo RGBA → RGB con fondo blanco
BROIRW1-16.webp,procesado,modo RGBA → RGB con fondo blanco
BROIRW1-2.webp,procesado,modo RGBA → RGB con fondo blanco
BROIRW1-4.webp,procesado,modo RGBA → RGB con fondo blanco
BROIRW1-8.webp,procesado,modo RGBA → RGB con fondo blanco
BROIRW1.webp,procesado,modo RGBA → RGB con fondo blanco
BROIRW11-32.webp,procesado,modo RGBA → RGB con fondo blanco
BROIRW11-64.webp,procesado,modo RGBA → RGB con fondo blanco
BROIRW13-64.webp,procesado,modo RGBA → RGB con fondo blanco
BROIRW15-64.webp,procesado,modo RGBA → RGB con fondo blanco
BROIRW17-64.webp,procesado,modo RGBA → RGB con fondo blanco
BROIRW19-64.webp,procesado,modo RGBA → RGB con fondo blanco
BROIRW21-64.webp,procesado,modo RGBA → RGB con fondo blanco
BROIRW27-64.webp,procesado,modo RGBA → RGB con fondo blanco
BROIRW3-16.webp,procesado,modo RGBA → RGB con fondo blanco
BROIRW3-32.webp,procesado,modo RGBA → RGB con fondo blanco
BROIRW3-4.webp,procesado,modo RGBA → RGB con fondo blanco
BROIRW3-64.webp,procesado,modo RGBA → RGB con fondo blanco
BROIRW3-8.webp,procesado,modo RGBA → RGB con fondo blanco
BROIRW31-64.webp,procesado,modo RGBA → RGB con fondo blanco
BROIRW5-16.webp,procesado,modo RGBA → RGB con fondo blanco
BROIRW5-32.webp,procesado,modo RGBA → RGB con fondo blanco
BROIRW5-64.webp,procesado,modo RGBA → RGB con fondo blanco
BROIRW5-8-1.webp,procesado,modo RGBA → RGB con fondo blanco
BROIRW5-8.webp,procesado,modo RGBA → RGB con fondo blanco
BROIRW7-32.webp,procesado,modo RGBA → RGB con fondo blanco
BROIRW7-64.webp,procesado,modo RGBA → RGB con fondo blanco
BROIRW7-8.webp,procesado,modo RGBA → RGB con fondo blanco
BROIRW9-32.webp,procesado,modo RGBA → RGB con fondo blanco
BROIRW9-64.webp,procesado,modo RGBA → RGB con fondo blanco
BROMAK1-2.webp,procesado,modo RGBA → RGB con fondo blanco
BROQM194041-7.webp,procesado,modo RGBA → RGB con fondo blanco
BSDS1-2X12.webp,procesado,modo RGBA → RGB con fondo blanco
BSDS1-2X6.webp,procesado,modo RGBA → RGB con fondo blanco
BSDS3-8X12.webp,procesado,modo RGBA → RGB con fondo blanco
BSDS5-8X12.webp,procesado,modo RGBA → RGB con fondo blanco
BSDS5-8X6.webp,procesado,modo RGBA → RGB con fondo blanco
BULON150.webp,procesado,modo RGBA → RGB con fondo blanco
BUZONP.webp,procesado,modo RGBA → RGB con fondo blanco
C502.webp,procesado,modo RGBA → RGB con fondo blanco
C504.webp,procesado,modo RGBA → RGB con fondo blanco
C513.webp,procesado,modo RGBA → RGB con fondo blanco
C514.webp,procesado,modo RGBA → RGB con fondo blanco
C516.webp,procesado,modo RGBA → RGB con fondo blanco
C527.webp,procesado,modo RGBA → RGB con fondo blanco
C542.webp,procesado,modo RGBA → RGB con fondo blanco
C572.webp,procesado,modo RGBA → RGB con fondo blanco
C578.webp,procesado,modo RGBA → RGB con fondo blanco
C580.webp,procesado,modo RGBA → RGB con fondo blanco
CA-1.webp,procesado,modo RGBA → RGB con fondo blanco
CA-10.webp,procesado,modo RGBA → RGB con fondo blanco
CA-12.webp,procesado,modo RGBA → RGB con fondo blanco
CA-13.webp,procesado,modo RGBA → RGB con fondo blanco
CA-14.webp,procesado,modo RGBA → RGB con fondo blanco
CA-15.webp,procesado,modo RGBA → RGB con fondo blanco
CA-16.webp,procesado,modo RGBA → RGB con fondo blanco
CA-17.webp,procesado,modo RGBA → RGB con fondo blanco
CA-19.webp,procesado,modo RGBA → RGB con fondo blanco
CA-2-0A.webp,procesado,modo RGBA → RGB con fondo blanco
CA-2-B-D.webp,procesado,modo RGBA → RGB con fondo blanco
CA-2-CH.webp,procesado,modo RGBA → RGB con fondo blanco
CA-2-M.webp,procesado,modo RGBA → RGB con fondo blanco
CA-21.webp,procesado,modo RGBA → RGB con fondo blanco
CA-22.webp,procesado,modo RGBA → RGB con fondo blanco
CA-23.webp,procesado,modo RGBA → RGB con fondo blanco
CA-24.webp,procesado,modo RGBA → RGB con fondo blanco
CA-25.webp,procesado,modo RGBA → RGB con fondo blanco
CA-26.webp,procesado,modo RGBA → RGB con fondo blanco
CA-27.webp,procesado,modo RGBA → RGB con fondo blanco
CA-29.webp,procesado,modo RGBA → RGB con fondo blanco
CA-3.webp,procesado,modo RGBA → RGB con fondo blanco
CA-30.webp,procesado,modo RGBA → RGB con fondo blanco
CA-31.webp,procesado,modo RGBA → RGB con fondo blanco
CA-32.webp,procesado,modo RGBA → RGB con fondo blanco
CA-33.webp,procesado,modo RGBA → RGB con fondo blanco
CA-34.webp,procesado,modo RGBA → RGB con fondo blanco
CA-35.webp,procesado,modo RGBA → RGB con fondo blanco
CA-36.webp,procesado,modo RGBA → RGB con fondo blanco
CA-37.webp,procesado,modo RGBA → RGB con fondo blanco
CA-38.webp,procesado,modo RGBA → RGB con fondo blanco
CA-39.webp,procesado,modo RGBA → RGB con fondo blanco
CA-4.webp,procesado,modo RGBA → RGB con fondo blanco
CA-40-A.webp,procesado,modo RGBA → RGB con fondo blanco
CA-40.webp,procesado,modo RGBA → RGB con fondo blanco
CA-41.webp,procesado,modo RGBA → RGB con fondo blanco
CA-42.webp,procesado,modo RGBA → RGB con fondo blanco
CA-43.webp,procesado,modo RGBA → RGB con fondo blanco
CA-44.webp,procesado,modo RGBA → RGB con fondo blanco
CA-45-A.webp,procesado,modo RGBA → RGB con fondo blanco
CA-45.webp,procesado,modo RGBA → RGB con fondo blanco
CA-46.webp,procesado,modo RGBA → RGB con fondo blanco
CA-47.webp,procesado,modo RGBA → RGB con fondo blanco
CA-48.webp,procesado,modo RGBA → RGB con fondo blanco
CA-5.webp,procesado,modo RGBA → RGB con fondo blanco
CA-50.webp,procesado,modo RGBA → RGB con fondo blanco
CA-51.webp,procesado,modo RGBA → RGB con fondo blanco
CA-52.webp,procesado,modo RGBA → RGB con fondo blanco
CA-57.webp,procesado,modo RGBA → RGB con fondo blanco
CA-59.webp,procesado,modo RGBA → RGB con fondo blanco
CA-6.webp,procesado,modo RGBA → RGB con fondo blanco
CA-62.webp,procesado,modo RGBA → RGB con fondo blanco
CA-64.webp,procesado,modo RGBA → RGB con fondo blanco
CA-66.webp,procesado,modo RGBA → RGB con fondo blanco
CA-66A.webp,procesado,modo RGBA → RGB con fondo blanco
CA-7.webp,procesado,modo RGBA → RGB con fondo blanco
CA-8.webp,procesado,modo RGBA → RGB con fondo blanco
CA-81.webp,procesado,modo RGBA → RGB con fondo blanco
CA-9.webp,procesado,modo RGBA → RGB con fondo blanco
CA-96.webp,procesado,modo RGBA → RGB con fondo blanco
CA-98.webp,procesado,modo RGBA → RGB con fondo blanco
CA-99.webp,procesado,modo RGBA → RGB con fondo blanco
CA214.webp,procesado,modo RGBA → RGB con fondo blanco
CA216.webp,procesado,modo RGBA → RGB con fondo blanco
CAAGU.webp,procesado,modo RGBA → RGB con fondo blanco
CAB-66A.webp,procesado,modo RGBA → RGB con fondo blanco
CAB-70A.webp,procesado,modo RGBA → RGB con fondo blanco
CAB-70H.webp,procesado,modo RGBA → RGB con fondo blanco
CAB-71C.webp,procesado,modo RGBA → RGB con fondo blanco
CAB-74A.webp,procesado,modo RGBA → RGB con fondo blanco
CAB-76A.webp,procesado,modo RGBA → RGB con fondo blanco
CAB-76C.webp,procesado,modo RGBA → RGB con fondo blanco
CAB-80A.webp,procesado,modo RGBA → RGB con fondo blanco
CAB-80C.webp,procesado,modo RGBA → RGB con fondo blanco
CAB14-C.webp,procesado,modo RGBA → RGB con fondo blanco
CABALLITO.webp,procesado,modo RGBA → RGB con fondo blanco
CABDER.webp,procesado,modo RGBA → RGB con fondo blanco
CABIZQ.webp,procesado,modo RGBA → RGB con fondo blanco
CABLE1-0.webp,procesado,modo RGBA → RGB con fondo blanco
CABLE4.webp,procesado,modo RGBA → RGB con fondo blanco
CABLISOC32.webp,procesado,modo RGBA → RGB con fondo blanco
CABPLAS10.webp,procesado,modo RGBA → RGB con fondo blanco
CABPLAS8.webp,procesado,modo RGBA → RGB con fondo blanco
CABZALUMR-72.webp,procesado,modo RGBA → RGB con fondo blanco
CACTUSL.webp,procesado,modo RGBA → RGB con fondo blanco
CAJAR4.webp,procesado,modo RGBA → RGB con fondo blanco
CAJAR4G.webp,procesado,modo RGBA → RGB con fondo blanco
CAJAR6.webp,procesado,modo RGBA → RGB con fondo blanco
CALLAM.webp,procesado,modo RGBA → RGB con fondo blanco
CANAL150.webp,procesado,modo RGBA → RGB con fondo blanco
CANALU.webp,procesado,modo RGBA → RGB con fondo blanco
CANALU100.webp,procesado,modo RGBA → RGB con fondo blanco
CANALU75-5-3KG-MTS.webp,procesado,modo RGBA → RGB con fondo blanco
CANALU75.webp,procesado,modo RGBA → RGB con fondo blanco
CANALUL.webp,procesado,modo RGBA → RGB con fondo blanco
CANCOM6933.webp,procesado,modo RGBA → RGB con fondo blanco
CAND16924.webp,procesado,modo RGBA → RGB con fondo blanco
CAND16944.webp,procesado,modo RGBA → RGB con fondo blanco
CAND16945.webp,procesado,modo RGBA → RGB con fondo blanco
CAND16946.webp,procesado,modo RGBA → RGB con fondo blanco
CAND6318.webp,procesado,modo RGBA → RGB con fondo blanco
CAND6319.webp,procesado,modo RGBA → RGB con fondo blanco
CAND6368.webp,procesado,modo RGBA → RGB con fondo blanco
CAND6910.webp,procesado,modo RGBA → RGB con fondo blanco
CAND6911.webp,procesado,modo RGBA → RGB con fondo blanco
CAND6912.webp,procesado,modo RGBA → RGB con fondo blanco
CAND6913.webp,procesado,modo RGBA → RGB con fondo blanco
CAND6914.webp,procesado,modo RGBA → RGB con fondo blanco
CAND6916.webp,procesado,modo RGBA → RGB con fondo blanco
CAND6918.webp,procesado,modo RGBA → RGB con fondo blanco
CAND6919.webp,procesado,modo RGBA → RGB con fondo blanco
CAND6929.webp,procesado,modo RGBA → RGB con fondo blanco
CAND6930.webp,procesado,modo RGBA → RGB con fondo blanco
CAND6931.webp,procesado,modo RGBA → RGB con fondo blanco
CAND6932.webp,procesado,modo RGBA → RGB con fondo blanco
CAND6935.webp,procesado,modo RGBA → RGB con fondo blanco
CAND6936.webp,procesado,modo RGBA → RGB con fondo blanco
CAND6937.webp,procesado,modo RGBA → RGB con fondo blanco
CAND6938.webp,procesado,modo RGBA → RGB con fondo blanco
CAND6941.webp,procesado,modo RGBA → RGB con fondo blanco
CAND6943.webp,procesado,modo RGBA → RGB con fondo blanco
CAND6944.webp,procesado,modo RGBA → RGB con fondo blanco
CAND6945.webp,procesado,modo RGBA → RGB con fondo blanco
CAND6947.webp,procesado,modo RGBA → RGB con fondo blanco
CAND6948.webp,procesado,modo RGBA → RGB con fondo blanco
CAND6959.webp,procesado,modo RGBA → RGB con fondo blanco
CAND6963.webp,procesado,modo RGBA → RGB con fondo blanco
CANDEX6965.webp,procesado,modo RGBA → RGB con fondo blanco
CANPHILLIN0-12.webp,procesado,modo RGBA → RGB con fondo blanco
CANPHILLIN0-12GL.webp,procesado,modo RGBA → RGB con fondo blanco
CAP216.webp,procesado,modo RGBA → RGB con fondo blanco
CAP218.webp,procesado,modo RGBA → RGB con fondo blanco
CAPUCHA.webp,procesado,modo RGBA → RGB con fondo blanco
CAR-441.webp,procesado,modo RGBA → RGB con fondo blanco
CAR-510.webp,procesado,modo RGBA → RGB con fondo blanco
CAR-530.webp,procesado,modo RGBA → RGB con fondo blanco
CAR-810R.webp,procesado,modo RGBA → RGB con fondo blanco
CAR-EWH241.webp,procesado,modo RGBA → RGB con fondo blanco
CAR-EWH2414.webp,procesado,modo RGBA → RGB con fondo blanco
CAR-EWH245.webp,procesado,modo RGBA → RGB con fondo blanco
CAR-EWHM20.webp,procesado,modo RGBA → RGB con fondo blanco
CAR-EWHM60.webp,procesado,modo RGBA → RGB con fondo blanco
CAR-EWHM69.webp,procesado,modo RGBA → RGB con fondo blanco
CAR123221.webp,procesado,modo RGBA → RGB con fondo blanco
CAR123224.webp,procesado,modo RGBA → RGB con fondo blanco
CAR123225.webp,procesado,modo RGBA → RGB con fondo blanco
CAR3M6001.webp,procesado,modo RGBA → RGB con fondo blanco
CARCIOND4.webp,procesado,modo RGBA → RGB con fondo blanco
CARCO123229.webp,procesado,modo RGBA → RGB con fondo blanco
CARCOTRE3-123237.webp,procesado,modo RGBA → RGB con fondo blanco
CARCOTRE3.webp,procesado,modo RGBA → RGB con fondo blanco
CARCOTRE4-123238.webp,procesado,modo RGBA → RGB con fondo blanco
CARCOTRE5-14MM.webp,procesado,modo RGBA → RGB con fondo blanco
CARCOTRE5.webp,procesado,modo RGBA → RGB con fondo blanco
CARE300.webp,procesado,modo RGBA → RGB con fondo blanco
CARHPKAR.webp,procesado,modo RGBA → RGB con fondo blanco
CARRCUA.webp,procesado,modo RGBA → RGB con fondo blanco
CARRDO.webp,procesado,modo RGBA → RGB con fondo blanco
CARRSEN.webp,procesado,modo RGBA → RGB con fondo blanco
CARRWEM.webp,procesado,modo RGBA → RGB con fondo blanco
CARSC400.webp,procesado,modo RGBA → RGB con fondo blanco
CARTAL6X44.webp,procesado,modo RGBA → RGB con fondo blanco
CARTAL6X70.webp,procesado,modo RGBA → RGB con fondo blanco
CARTAL6X75.webp,procesado,modo RGBA → RGB con fondo blanco
CASA.webp,procesado,modo RGBA → RGB con fondo blanco
CATOGRA.webp,procesado,modo RGBA → RGB con fondo blanco
CATTUBD.webp,procesado,modo RGBA → RGB con fondo blanco
CBR1.webp,procesado,modo RGBA → RGB con fondo blanco
CECOCH.webp,procesado,modo RGBA → RGB con fondo blanco
CECON13.webp,procesado,modo RGBA → RGB con fondo blanco
CEPALM.webp,procesado,modo RGBA → RGB con fondo blanco
CEPVM.webp,procesado,modo RGBA → RGB con fondo blanco
CER-117B.webp,procesado,modo RGBA → RGB con fondo blanco
CER-118A.webp,procesado,modo RGBA → RGB con fondo blanco
CER-F80D.webp,procesado,modo RGBA → RGB con fondo blanco
CER-F80I.webp,procesado,modo RGBA → RGB con fondo blanco
CER-F90I.webp,procesado,modo RGBA → RGB con fondo blanco
CER-L80D.webp,procesado,modo RGBA → RGB con fondo blanco
CER-L80I.webp,procesado,modo RGBA → RGB con fondo blanco
CERD6337.webp,procesado,modo RGBA → RGB con fondo blanco
CERD6338.webp,procesado,modo RGBA → RGB con fondo blanco
CERD6340.webp,procesado,modo RGBA → RGB con fondo blanco
CERD6341.webp,procesado,modo RGBA → RGB con fondo blanco
CERD6492.webp,procesado,modo RGBA → RGB con fondo blanco
CERD6493.webp,procesado,modo RGBA → RGB con fondo blanco
CERD6630.webp,procesado,modo RGBA → RGB con fondo blanco
CERD6631.webp,procesado,modo RGBA → RGB con fondo blanco
CERD6633.webp,procesado,modo RGBA → RGB con fondo blanco
CERD6635.webp,procesado,modo RGBA → RGB con fondo blanco
CERD6732.webp,procesado,modo RGBA → RGB con fondo blanco
CERD6733.webp,procesado,modo RGBA → RGB con fondo blanco
CESA-840-16-2.webp,procesado,modo RGBA → RGB con fondo blanco
CESPIGA.webp,procesado,modo RGBA → RGB con fondo blanco
CGALV13.webp,procesado,modo RGBA → RGB con fondo blanco
CGG.webp,procesado,modo RGBA → RGB con fondo blanco
CGGA.webp,procesado,modo RGBA → RGB con fondo blanco
CGJR.webp,procesado,modo RGBA → RGB con fondo blanco
CGJRA.webp,procesado,modo RGBA → RGB con fondo blanco
CGN6.webp,procesado,modo RGBA → RGB con fondo blanco
CGN8.webp,procesado,modo RGBA → RGB con fondo blanco
CHA4188.webp,procesado,modo RGBA → RGB con fondo blanco
CHA4190.webp,procesado,modo RGBA → RGB con fondo blanco
CHA4191.webp,procesado,modo RGBA → RGB con fondo blanco
CHA50-CPH.webp,procesado,modo RGBA → RGB con fondo blanco
CHA50-LPH.webp,procesado,modo RGBA → RGB con fondo blanco
CHA625IFD.webp,procesado,modo RGBA → RGB con fondo blanco
CHA625IFI.webp,procesado,modo RGBA → RGB con fondo blanco
CHA6303.webp,procesado,modo RGBA → RGB con fondo blanco
CHA6306.webp,procesado,modo RGBA → RGB con fondo blanco
CHA6606.webp,procesado,modo RGBA → RGB con fondo blanco
CHA6745.webp,procesado,modo RGBA → RGB con fondo blanco
CHA6746.webp,procesado,modo RGBA → RGB con fondo blanco
CHA6747.webp,procesado,modo RGBA → RGB con fondo blanco
CHA6748.webp,procesado,modo RGBA → RGB con fondo blanco
CHA6755.webp,procesado,modo RGBA → RGB con fondo blanco
CHA6758.webp,procesado,modo RGBA → RGB con fondo blanco
CHA6759.webp,procesado,modo RGBA → RGB con fondo blanco
CHA6765.webp,procesado,modo RGBA → RGB con fondo blanco
CHA6766.webp,procesado,modo RGBA → RGB con fondo blanco
CHA6772DEX.webp,procesado,modo RGBA → RGB con fondo blanco
CHA6774DEX.webp,procesado,modo RGBA → RGB con fondo blanco
CHA6817REC.webp,procesado,modo RGBA → RGB con fondo blanco
CHA6823REC.webp,procesado,modo RGBA → RGB con fondo blanco
CHA6825REC.webp,procesado,modo RGBA → RGB con fondo blanco
CHA6895DEXB.webp,procesado,modo RGBA → RGB con fondo blanco
CHA6896BAN.webp,procesado,modo RGBA → RGB con fondo blanco
CHA715CLD.webp,procesado,modo RGBA → RGB con fondo blanco
CHA715CLI.webp,procesado,modo RGBA → RGB con fondo blanco
CHA715IFD.webp,procesado,modo RGBA → RGB con fondo blanco
CHA715IFI.webp,procesado,modo RGBA → RGB con fondo blanco
CHA720IFD.webp,procesado,modo RGBA → RGB con fondo blanco
CHA720IFI.webp,procesado,modo RGBA → RGB con fondo blanco
CHA725IFD.webp,procesado,modo RGBA → RGB con fondo blanco
CHA725IFI.webp,procesado,modo RGBA → RGB con fondo blanco
CHA800DD.webp,procesado,modo RGBA → RGB con fondo blanco
CHA800DI.webp,procesado,modo RGBA → RGB con fondo blanco
CHA800FD-AS.webp,procesado,modo RGBA → RGB con fondo blanco
CHA800LD-AS.webp,procesado,modo RGBA → RGB con fondo blanco
CHA800LI-AS.webp,procesado,modo RGBA → RGB con fondo blanco
CHA800LI.webp,procesado,modo RGBA → RGB con fondo blanco
CHA900D.webp,procesado,modo RGBA → RGB con fondo blanco
CHA900DI.webp,procesado,modo RGBA → RGB con fondo blanco
CHA900I.webp,procesado,modo RGBA → RGB con fondo blanco
CHAD16119.webp,procesado,modo RGBA → RGB con fondo blanco
CHAD2020.webp,procesado,modo RGBA → RGB con fondo blanco
CHAD2021.webp,procesado,modo RGBA → RGB con fondo blanco
CHAD2064.webp,procesado,modo RGBA → RGB con fondo blanco
CHAD2066.webp,procesado,modo RGBA → RGB con fondo blanco
CHAD2067.webp,procesado,modo RGBA → RGB con fondo blanco
CHAD5801.webp,procesado,modo RGBA → RGB con fondo blanco
CHAD5804.webp,procesado,modo RGBA → RGB con fondo blanco
CHAD5807.webp,procesado,modo RGBA → RGB con fondo blanco
CHAD5808.webp,procesado,modo RGBA → RGB con fondo blanco
CHAD5818.webp,procesado,modo RGBA → RGB con fondo blanco
CHAD5826.webp,procesado,modo RGBA → RGB con fondo blanco
CHAD5828.webp,procesado,modo RGBA → RGB con fondo blanco
CHAD5829.webp,procesado,modo RGBA → RGB con fondo blanco
CHAD5832.webp,procesado,modo RGBA → RGB con fondo blanco
CHAD5833.webp,procesado,modo RGBA → RGB con fondo blanco
CHAD5834.webp,procesado,modo RGBA → RGB con fondo blanco
CHAD5835.webp,procesado,modo RGBA → RGB con fondo blanco
CHAD5836.webp,procesado,modo RGBA → RGB con fondo blanco
CHAD5837.webp,procesado,modo RGBA → RGB con fondo blanco
CHAD5838.webp,procesado,modo RGBA → RGB con fondo blanco
CHAD5839.webp,procesado,modo RGBA → RGB con fondo blanco
CHAD6310.webp,procesado,modo RGBA → RGB con fondo blanco
CHAD6372.webp,procesado,modo RGBA → RGB con fondo blanco
CHAD6496.webp,procesado,modo RGBA → RGB con fondo blanco
CHAD6501.webp,procesado,modo RGBA → RGB con fondo blanco
CHAD6503.webp,procesado,modo RGBA → RGB con fondo blanco
CHAD6516.webp,procesado,modo RGBA → RGB con fondo blanco
CHAD6601.webp,procesado,modo RGBA → RGB con fondo blanco
CHAD6603.webp,procesado,modo RGBA → RGB con fondo blanco
CHAD6604.webp,procesado,modo RGBA → RGB con fondo blanco
CHAD6605.webp,procesado,modo RGBA → RGB con fondo blanco
CHAD6617.webp,procesado,modo RGBA → RGB con fondo blanco
CHAD6625.webp,procesado,modo RGBA → RGB con fondo blanco
CHAD6626.webp,procesado,modo RGBA → RGB con fondo blanco
CHAD6637.webp,procesado,modo RGBA → RGB con fondo blanco
CHAD6638.webp,procesado,modo RGBA → RGB con fondo blanco
CHAD6657.webp,procesado,modo RGBA → RGB con fondo blanco
CHAD6659.webp,procesado,modo RGBA → RGB con fondo blanco
CHAD6683.webp,procesado,modo RGBA → RGB con fondo blanco
CHAD6724.webp,procesado,modo RGBA → RGB con fondo blanco
CHAD6725.webp,procesado,modo RGBA → RGB con fondo blanco
CHAD6726.webp,procesado,modo RGBA → RGB con fondo blanco
CHAD6728.webp,procesado,modo RGBA → RGB con fondo blanco
CHAD6729.webp,procesado,modo RGBA → RGB con fondo blanco
CHAD6741.webp,procesado,modo RGBA → RGB con fondo blanco
CHAD6742.webp,procesado,modo RGBA → RGB con fondo blanco
CHAD6756.webp,procesado,modo RGBA → RGB con fondo blanco
CHAD6757.webp,procesado,modo RGBA → RGB con fondo blanco
CHAD6789.webp,procesado,modo RGBA → RGB con fondo blanco
CHAD6790.webp,procesado,modo RGBA → RGB con fondo blanco
CHAD6804.webp,procesado,modo RGBA → RGB con fondo blanco
CHAD6805.webp,procesado,modo RGBA → RGB con fondo blanco
CHAD6813.webp,procesado,modo RGBA → RGB con fondo blanco
CHAD6820.webp,procesado,modo RGBA → RGB con fondo blanco
CHAD6824.webp,procesado,modo RGBA → RGB con fondo blanco
CHAD6826.webp,procesado,modo RGBA → RGB con fondo blanco
CHAD6832.webp,procesado,modo RGBA → RGB con fondo blanco
CHAD6834.webp,procesado,modo RGBA → RGB con fondo blanco
CHAD6835.webp,procesado,modo RGBA → RGB con fondo blanco
CHAD6836.webp,procesado,modo RGBA → RGB con fondo blanco
CHAD6838.webp,procesado,modo RGBA → RGB con fondo blanco
CHAD6839.webp,procesado,modo RGBA → RGB con fondo blanco
CHAD6840.webp,procesado,modo RGBA → RGB con fondo blanco
CHAD6850.webp,procesado,modo RGBA → RGB con fondo blanco
CHAD6891.webp,procesado,modo RGBA → RGB con fondo blanco
CHAD6897.webp,procesado,modo RGBA → RGB con fondo blanco
CHADIFD.webp,procesado,modo RGBA → RGB con fondo blanco
CHADIFI.webp,procesado,modo RGBA → RGB con fondo blanco
CHADPR.webp,procesado,modo RGBA → RGB con fondo blanco
CHADX300.webp,procesado,modo RGBA → RGB con fondo blanco
CHAGU.webp,procesado,modo RGBA → RGB con fondo blanco
CHALA1M51MM.webp,procesado,modo RGBA → RGB con fondo blanco
CHALA1M89MM.webp,procesado,modo RGBA → RGB con fondo blanco
CHALA2M39MM.webp,procesado,modo RGBA → RGB con fondo blanco
CHALA2M46MM.webp,procesado,modo RGBA → RGB con fondo blanco
CHALA2M51MM.webp,procesado,modo RGBA → RGB con fondo blanco
CHALA2M71MM.webp,procesado,modo RGBA → RGB con fondo blanco
CHALACHL.webp,procesado,modo RGBA → RGB con fondo blanco
CHALACHL39MM.webp,procesado,modo RGBA → RGB con fondo blanco
CHAPH900D.webp,procesado,modo RGBA → RGB con fondo blanco
CHAPLA88MM.webp,procesado,modo RGBA → RGB con fondo blanco
CHAPLACH.webp,procesado,modo RGBA → RGB con fondo blanco
CHAPLAGD.webp,procesado,modo RGBA → RGB con fondo blanco
CHAPLAGDEL.webp,procesado,modo RGBA → RGB con fondo blanco
CHAPLAMEL.webp,procesado,modo RGBA → RGB con fondo blanco
CHAPLAMI.webp,procesado,modo RGBA → RGB con fondo blanco
CHAV625IFI.webp,procesado,modo RGBA → RGB con fondo blanco
CHAV715IFD.webp,procesado,modo RGBA → RGB con fondo blanco
CHAV715IFI.webp,procesado,modo RGBA → RGB con fondo blanco
CHAVAS075IFD.webp,procesado,modo RGBA → RGB con fondo blanco
CHAVT715IFD.webp,procesado,modo RGBA → RGB con fondo blanco
CHAVT715IFI.webp,procesado,modo RGBA → RGB con fondo blanco
CHAX2016.webp,procesado,modo RGBA → RGB con fondo blanco
CHAX3002017.webp,procesado,modo RGBA → RGB con fondo blanco
CHAX3002018.webp,procesado,modo RGBA → RGB con fondo blanco
CHCH.webp,procesado,modo RGBA → RGB con fondo blanco
CHCRUZ.webp,procesado,modo RGBA → RGB con fondo blanco
CHCT.webp,procesado,modo RGBA → RGB con fondo blanco
CHES.webp,procesado,modo RGBA → RGB con fondo blanco
CHESR.webp,procesado,modo RGBA → RGB con fondo blanco
CHGT.webp,procesado,modo RGBA → RGB con fondo blanco
CHL100.webp,procesado,modo RGBA → RGB con fondo blanco
CHL13.webp,procesado,modo RGBA → RGB con fondo blanco
CHL150.webp,procesado,modo RGBA → RGB con fondo blanco
CHL19.webp,procesado,modo RGBA → RGB con fondo blanco
CHL25.webp,procesado,modo RGBA → RGB con fondo blanco
CHL32.webp,procesado,modo RGBA → RGB con fondo blanco
CHL38.webp,procesado,modo RGBA → RGB con fondo blanco
CHL50.webp,procesado,modo RGBA → RGB con fondo blanco
CHL64.webp,procesado,modo RGBA → RGB con fondo blanco
CHL75.webp,procesado,modo RGBA → RGB con fondo blanco
CHSOL2.webp,procesado,modo RGBA → RGB con fondo blanco
CHSOL3.webp,procesado,modo RGBA → RGB con fondo blanco
CINA18.webp,procesado,modo RGBA → RGB con fondo blanco
CINAIS.webp,procesado,modo RGBA → RGB con fondo blanco
CINAIS3M-013000.webp,procesado,modo RGBA → RGB con fondo blanco
CINAIS3M.webp,procesado,modo RGBA → RGB con fondo blanco
CINAIST-2229.webp,procesado,modo RGBA → RGB con fondo blanco
CINCAN007061.webp,procesado,modo RGBA → RGB con fondo blanco
CINPEN10CM.webp,procesado,modo RGBA → RGB con fondo blanco
CINPEN5CM.webp,procesado,modo RGBA → RGB con fondo blanco
CINTRA032211.webp,procesado,modo RGBA → RGB con fondo blanco
CINTRA032212.webp,procesado,modo RGBA → RGB con fondo blanco
CITAL.webp,procesado,modo RGBA → RGB con fondo blanco
CIZALLAJS3201.webp,procesado,modo RGBA → RGB con fondo blanco
CL13.webp,procesado,modo RGBA → RGB con fondo blanco
CL19.webp,procesado,modo RGBA → RGB con fondo blanco
CL25.webp,procesado,modo RGBA → RGB con fondo blanco
CL32.webp,procesado,modo RGBA → RGB con fondo blanco
CL50.webp,procesado,modo RGBA → RGB con fondo blanco
CL6.webp,procesado,modo RGBA → RGB con fondo blanco
CLA108500.webp,procesado,modo RGBA → RGB con fondo blanco
CLA108506.webp,procesado,modo RGBA → RGB con fondo blanco
CLANEUCN650.webp,procesado,modo RGBA → RGB con fondo blanco
CLFV20.webp,procesado,modo RGBA → RGB con fondo blanco
CLIP-LAM.webp,procesado,modo RGBA → RGB con fondo blanco
CLX30.webp,procesado,modo RGBA → RGB con fondo blanco
CLX50.webp,procesado,modo RGBA → RGB con fondo blanco
CO84.webp,procesado,modo RGBA → RGB con fondo blanco
CODO-INF-PVC.webp,procesado,modo RGBA → RGB con fondo blanco
CODS100.webp,procesado,modo RGBA → RGB con fondo blanco
CODS19.webp,procesado,modo RGBA → RGB con fondo blanco
CODS25.webp,procesado,modo RGBA → RGB con fondo blanco
CODS32.webp,procesado,modo RGBA → RGB con fondo blanco
CODS38.webp,procesado,modo RGBA → RGB con fondo blanco
CODS50.webp,procesado,modo RGBA → RGB con fondo blanco
CODS64.webp,procesado,modo RGBA → RGB con fondo blanco
CODS75.webp,procesado,modo RGBA → RGB con fondo blanco
CODSOL25.webp,procesado,modo RGBA → RGB con fondo blanco
CODSOL32.webp,procesado,modo RGBA → RGB con fondo blanco
CODSOL38.webp,procesado,modo RGBA → RGB con fondo blanco
COMP23LTBYP.webp,procesado,modo RGBA → RGB con fondo blanco
COMP60GALBYP.webp,procesado,modo RGBA → RGB con fondo blanco
CONECT-PVC.webp,procesado,modo RGBA → RGB con fondo blanco
CONSCH.webp,procesado,modo RGBA → RGB con fondo blanco
CONVERT-PVC.webp,procesado,modo RGBA → RGB con fondo blanco
CORDEW.webp,procesado,modo RGBA → RGB con fondo blanco
CORDEWALT.webp,procesado,modo RGBA → RGB con fondo blanco
CORMAK.webp,procesado,modo RGBA → RGB con fondo blanco
CORMAR.webp,procesado,modo RGBA → RGB con fondo blanco
CORPECUT40.webp,procesado,modo RGBA → RGB con fondo blanco
COTOI.webp,procesado,modo RGBA → RGB con fondo blanco
CP115144.webp,procesado,modo RGBA → RGB con fondo blanco
CPS17.webp,procesado,modo RGBA → RGB con fondo blanco
CPS17K.webp,procesado,modo RGBA → RGB con fondo blanco
CPS19P.webp,procesado,modo RGBA → RGB con fondo blanco
CPTAD6752.webp,procesado,modo RGBA → RGB con fondo blanco
CPTAD6753.webp,procesado,modo RGBA → RGB con fondo blanco
CPU19P.webp,procesado,modo RGBA → RGB con fondo blanco
CRSOLS.webp,procesado,modo RGBA → RGB con fondo blanco
CRUZE.webp,procesado,modo RGBA → RGB con fondo blanco
CRUZR.webp,procesado,modo RGBA → RGB con fondo blanco
CSC1.webp,procesado,modo RGBA → RGB con fondo blanco
CSC2.webp,procesado,modo RGBA → RGB con fondo blanco
CT13.webp,procesado,modo RGBA → RGB con fondo blanco
CTM19.webp,procesado,modo RGBA → RGB con fondo blanco
CTROP13.webp,procesado,modo RGBA → RGB con fondo blanco
CUA13.webp,procesado,modo RGBA → RGB con fondo blanco
CUAE.webp,procesado,modo RGBA → RGB con fondo blanco
CUALAS13.webp,procesado,modo RGBA → RGB con fondo blanco
CUAZTECA13.webp,procesado,modo RGBA → RGB con fondo blanco
CUCF13.webp,procesado,modo RGBA → RGB con fondo blanco
CUCRS13.webp,procesado,modo RGBA → RGB con fondo blanco
CUCS10.webp,procesado,modo RGBA → RGB con fondo blanco
CUCS13.webp,procesado,modo RGBA → RGB con fondo blanco
CUCS13P.webp,procesado,modo RGBA → RGB con fondo blanco
CUCS16.webp,procesado,modo RGBA → RGB con fondo blanco
CUCS19.webp,procesado,modo RGBA → RGB con fondo blanco
CUCS25.webp,procesado,modo RGBA → RGB con fondo blanco
CUEP6.webp,procesado,modo RGBA → RGB con fondo blanco
CUESP13.webp,procesado,modo RGBA → RGB con fondo blanco
CUF13.webp,procesado,modo RGBA → RGB con fondo blanco
CUF16.webp,procesado,modo RGBA → RGB con fondo blanco
CUFC13.webp,procesado,modo RGBA → RGB con fondo blanco
CUFP-C16.webp,procesado,modo RGBA → RGB con fondo blanco
CUGOF-032.webp,procesado,modo RGBA → RGB con fondo blanco
CUMEDC13.webp,procesado,modo RGBA → RGB con fondo blanco
CUMEDC13R.webp,procesado,modo RGBA → RGB con fondo blanco
CUMEDF13.webp,procesado,modo RGBA → RGB con fondo blanco
CUMEDF16.webp,procesado,modo RGBA → RGB con fondo blanco
CUMEDFC13.webp,procesado,modo RGBA → RGB con fondo blanco
CUMEDR13.webp,procesado,modo RGBA → RGB con fondo blanco
CUMEDR16.webp,procesado,modo RGBA → RGB con fondo blanco
CUMILMR13.webp,procesado,modo RGBA → RGB con fondo blanco
CUMILR13.webp,procesado,modo RGBA → RGB con fondo blanco
CUN13.webp,procesado,modo RGBA → RGB con fondo blanco
CUN13L.webp,procesado,modo RGBA → RGB con fondo blanco
CUN16.webp,procesado,modo RGBA → RGB con fondo blanco
CUN16L.webp,procesado,modo RGBA → RGB con fondo blanco
CUNP-C13.webp,procesado,modo RGBA → RGB con fondo blanco
CUNP-C16.webp,procesado,modo RGBA → RGB con fondo blanco
CURCS13.webp,procesado,modo RGBA → RGB con fondo blanco
CURS13.webp,procesado,modo RGBA → RGB con fondo blanco
CURS16.webp,procesado,modo RGBA → RGB con fondo blanco
CUTF14.webp,procesado,modo RGBA → RGB con fondo blanco
D006123.webp,procesado,modo RGBA → RGB con fondo blanco
D162.webp,procesado,modo RGBA → RGB con fondo blanco
D171.webp,procesado,modo RGBA → RGB con fondo blanco
D196.webp,procesado,modo RGBA → RGB con fondo blanco
D198.webp,procesado,modo RGBA → RGB con fondo blanco
D2004.webp,procesado,modo RGBA → RGB con fondo blanco
D2006.webp,procesado,modo RGBA → RGB con fondo blanco
D2007.webp,procesado,modo RGBA → RGB con fondo blanco
D2008.webp,procesado,modo RGBA → RGB con fondo blanco
D2014.webp,procesado,modo RGBA → RGB con fondo blanco
D2015.webp,procesado,modo RGBA → RGB con fondo blanco
D2018.webp,procesado,modo RGBA → RGB con fondo blanco
D2019.webp,procesado,modo RGBA → RGB con fondo blanco
D2024.webp,procesado,modo RGBA → RGB con fondo blanco
D2025.webp,procesado,modo RGBA → RGB con fondo blanco
D204.webp,procesado,modo RGBA → RGB con fondo blanco
D2044.webp,procesado,modo RGBA → RGB con fondo blanco
D2133.webp,procesado,modo RGBA → RGB con fondo blanco
D2134.webp,procesado,modo RGBA → RGB con fondo blanco
D2216.webp,procesado,modo RGBA → RGB con fondo blanco
D2217.webp,procesado,modo RGBA → RGB con fondo blanco
D2218.webp,procesado,modo RGBA → RGB con fondo blanco
D247.webp,procesado,modo RGBA → RGB con fondo blanco
D2552.webp,procesado,modo RGBA → RGB con fondo blanco
D2553.webp,procesado,modo RGBA → RGB con fondo blanco
D2555.webp,procesado,modo RGBA → RGB con fondo blanco
D2556.webp,procesado,modo RGBA → RGB con fondo blanco
D2558.webp,procesado,modo RGBA → RGB con fondo blanco
D2559.webp,procesado,modo RGBA → RGB con fondo blanco
D2638.webp,procesado,modo RGBA → RGB con fondo blanco
D2639.webp,procesado,modo RGBA → RGB con fondo blanco
D2643.webp,procesado,modo RGBA → RGB con fondo blanco
D2691.webp,procesado,modo RGBA → RGB con fondo blanco
D2716.webp,procesado,modo RGBA → RGB con fondo blanco
D2717.webp,procesado,modo RGBA → RGB con fondo blanco
D2718.webp,procesado,modo RGBA → RGB con fondo blanco
D2953.webp,procesado,modo RGBA → RGB con fondo blanco
D2954.webp,procesado,modo RGBA → RGB con fondo blanco
D2955.webp,procesado,modo RGBA → RGB con fondo blanco
D2956.webp,procesado,modo RGBA → RGB con fondo blanco
D2959.webp,procesado,modo RGBA → RGB con fondo blanco
D2980.webp,procesado,modo RGBA → RGB con fondo blanco
D2982.webp,procesado,modo RGBA → RGB con fondo blanco
D2988.webp,procesado,modo RGBA → RGB con fondo blanco
D2989.webp,procesado,modo RGBA → RGB con fondo blanco
D2990.webp,procesado,modo RGBA → RGB con fondo blanco
D2995.webp,procesado,modo RGBA → RGB con fondo blanco
D2996.webp,procesado,modo RGBA → RGB con fondo blanco
D2997.webp,procesado,modo RGBA → RGB con fondo blanco
D3250.webp,procesado,modo RGBA → RGB con fondo blanco
D3251.webp,procesado,modo RGBA → RGB con fondo blanco
D3252.webp,procesado,modo RGBA → RGB con fondo blanco
D3253.webp,procesado,modo RGBA → RGB con fondo blanco
D3255.webp,procesado,modo RGBA → RGB con fondo blanco
D3300.webp,procesado,modo RGBA → RGB con fondo blanco
D3301.webp,procesado,modo RGBA → RGB con fondo blanco
D3302.webp,procesado,modo RGBA → RGB con fondo blanco
D3504.webp,procesado,modo RGBA → RGB con fondo blanco
D4250.webp,procesado,modo RGBA → RGB con fondo blanco
D4251.webp,procesado,modo RGBA → RGB con fondo blanco
D4261.webp,procesado,modo RGBA → RGB con fondo blanco
D48-40-4515.webp,procesado,modo RGBA → RGB con fondo blanco
D525.webp,procesado,modo RGBA → RGB con fondo blanco
D554.webp,procesado,modo RGBA → RGB con fondo blanco
D560.webp,procesado,modo RGBA → RGB con fondo blanco
D561.webp,procesado,modo RGBA → RGB con fondo blanco
D566.webp,procesado,modo RGBA → RGB con fondo blanco
D567.webp,procesado,modo RGBA → RGB con fondo blanco
D710.webp,procesado,modo RGBA → RGB con fondo blanco
D711.webp,procesado,modo RGBA → RGB con fondo blanco
D732.webp,procesado,modo RGBA → RGB con fondo blanco
D733.webp,procesado,modo RGBA → RGB con fondo blanco
D737.webp,procesado,modo RGBA → RGB con fondo blanco
D739.webp,procesado,modo RGBA → RGB con fondo blanco
D742.webp,procesado,modo RGBA → RGB con fondo blanco
D743.webp,procesado,modo RGBA → RGB con fondo blanco
D744.webp,procesado,modo RGBA → RGB con fondo blanco
D746.webp,procesado,modo RGBA → RGB con fondo blanco
D750.webp,procesado,modo RGBA → RGB con fondo blanco
D751.webp,procesado,modo RGBA → RGB con fondo blanco
D752.webp,procesado,modo RGBA → RGB con fondo blanco
D753.webp,procesado,modo RGBA → RGB con fondo blanco
D758.webp,procesado,modo RGBA → RGB con fondo blanco
D766.webp,procesado,modo RGBA → RGB con fondo blanco
D768.webp,procesado,modo RGBA → RGB con fondo blanco
D775.webp,procesado,modo RGBA → RGB con fondo blanco
D778.webp,procesado,modo RGBA → RGB con fondo blanco
D780.webp,procesado,modo RGBA → RGB con fondo blanco
D781.webp,procesado,modo RGBA → RGB con fondo blanco
D8.webp,procesado,modo RGBA → RGB con fondo blanco
D875.webp,procesado,modo RGBA → RGB con fondo blanco
D877.webp,procesado,modo RGBA → RGB con fondo blanco
D879.webp,procesado,modo RGBA → RGB con fondo blanco
D881.webp,procesado,modo RGBA → RGB con fondo blanco
D882.webp,procesado,modo RGBA → RGB con fondo blanco
D889.webp,procesado,modo RGBA → RGB con fondo blanco
D892.webp,procesado,modo RGBA → RGB con fondo blanco
D999.webp,procesado,modo RGBA → RGB con fondo blanco
DA60I.webp,procesado,modo RGBA → RGB con fondo blanco
DA60P.webp,procesado,modo RGBA → RGB con fondo blanco
DAC811512.webp,procesado,modo RGBA → RGB con fondo blanco
DADO.webp,procesado,modo RGBA → RGB con fondo blanco
DFANDG4041-2.webp,procesado,modo RGBA → RGB con fondo blanco
DG40PFERC41-2.webp,procesado,modo RGBA → RGB con fondo blanco
DG60PFER41-2.webp,procesado,modo RGBA → RGB con fondo blanco
DIS-CHA14.webp,procesado,modo RGBA → RGB con fondo blanco
DIS-CHA412.webp,procesado,modo RGBA → RGB con fondo blanco
DIS-CHA7.webp,procesado,modo RGBA → RGB con fondo blanco
DIS-TEG412.webp,procesado,modo RGBA → RGB con fondo blanco
DIS-TEG7.webp,procesado,modo RGBA → RGB con fondo blanco
DMAKITA.webp,procesado,modo RGBA → RGB con fondo blanco
DRB-160.webp,procesado,modo RGBA → RGB con fondo blanco
DRM-160.webp,procesado,modo RGBA → RGB con fondo blanco
DSB-250.webp,procesado,modo RGBA → RGB con fondo blanco
DSB-383-BLK.webp,procesado,modo RGBA → RGB con fondo blanco
DSB-383-GLD.webp,procesado,modo RGBA → RGB con fondo blanco
DSB-383-GRN.webp,procesado,modo RGBA → RGB con fondo blanco
DSB-383-SIL.webp,procesado,modo RGBA → RGB con fondo blanco
DT060-065.webp,procesado,modo RGBA → RGB con fondo blanco
DT100-065.webp,procesado,modo RGBA → RGB con fondo blanco
DUE11X2-44SQ.webp,procesado,modo RGBA → RGB con fondo blanco
DUEL1X-915.webp,procesado,modo RGBA → RGB con fondo blanco
DUEL2X1-05.webp,procesado,modo RGBA → RGB con fondo blanco
DUEL2X1-22.webp,procesado,modo RGBA → RGB con fondo blanco
DUEL3X1-22.webp,procesado,modo RGBA → RGB con fondo blanco
DUEL4X2-44.webp,procesado,modo RGBA → RGB con fondo blanco
DUEL5X2-44.webp,procesado,modo RGBA → RGB con fondo blanco
DUEL9X3-05RECH.webp,procesado,modo RGBA → RGB con fondo blanco
DUELZ-3X91-5CB.webp,procesado,modo RGBA → RGB con fondo blanco
DUELZ11X2-00RCH.webp,procesado,modo RGBA → RGB con fondo blanco
DUELZ14X1-83FCH.webp,procesado,modo RGBA → RGB con fondo blanco
DUELZ19X2-44FCH.webp,procesado,modo RGBA → RGB con fondo blanco
DUELZ1X-915LCH.webp,procesado,modo RGBA → RGB con fondo blanco
DUELZ3X-915FC.webp,procesado,modo RGBA → RGB con fondo blanco
DUELZ3X-915RCCH.webp,procesado,modo RGBA → RGB con fondo blanco
DUELZ3X1-05CB.webp,procesado,modo RGBA → RGB con fondo blanco
DUELZ3X1-05RC.webp,procesado,modo RGBA → RGB con fondo blanco
DUELZ3X1-83.webp,procesado,modo RGBA → RGB con fondo blanco
DUELZ3X1-83LCH.webp,procesado,modo RGBA → RGB con fondo blanco
DUELZ3X91-5RC.webp,procesado,modo RGBA → RGB con fondo blanco
DUELZ4X1-98.webp,procesado,modo RGBA → RGB con fondo blanco
DUELZ4X1-98LCH.webp,procesado,modo RGBA → RGB con fondo blanco
DUELZ56-5.webp,procesado,modo RGBA → RGB con fondo blanco
DUELZ56.webp,procesado,modo RGBA → RGB con fondo blanco
DUELZ560.webp,procesado,modo RGBA → RGB con fondo blanco
DUELZ5X1-83CBC.webp,procesado,modo RGBA → RGB con fondo blanco
DUELZ5X1-83FO.webp,procesado,modo RGBA → RGB con fondo blanco
DUELZ5X1-83RCC.webp,procesado,modo RGBA → RGB con fondo blanco
DUELZ5X1-98RC.webp,procesado,modo RGBA → RGB con fondo blanco
DUELZ5X2-44LCH.webp,procesado,modo RGBA → RGB con fondo blanco
DUELZ610.webp,procesado,modo RGBA → RGB con fondo blanco
DUELZ7X2-44RC.webp,procesado,modo RGBA → RGB con fondo blanco
DUELZ910.webp,procesado,modo RGBA → RGB con fondo blanco
DUELZ96-50.webp,procesado,modo RGBA → RGB con fondo blanco
DUELZ9X-915FCH.webp,procesado,modo RGBA → RGB con fondo blanco
DUELZ9X-915RECH.webp,procesado,modo RGBA → RGB con fondo blanco
DUELZ9X1-98SQ.webp,procesado,modo RGBA → RGB con fondo blanco
DUELZ9X10RC.webp,procesado,modo RGBA → RGB con fondo blanco
DUELZ9X3-05CB.webp,procesado,modo RGBA → RGB con fondo blanco
DUELZ9X3-05FC.webp,procesado,modo RGBA → RGB con fondo blanco
DW130.webp,procesado,modo RGBA → RGB con fondo blanco
DWD210.webp,procesado,modo RGBA → RGB con fondo blanco
DWE4315.webp,procesado,modo RGBA → RGB con fondo blanco
E1P100.webp,procesado,modo RGBA → RGB con fondo blanco
E1P19.webp,procesado,modo RGBA → RGB con fondo blanco
E1P25.webp,procesado,modo RGBA → RGB con fondo blanco
E1P38.webp,procesado,modo RGBA → RGB con fondo blanco
E1P50.webp,procesado,modo RGBA → RGB con fondo blanco
E1P75.webp,procesado,modo RGBA → RGB con fondo blanco
E2P38.webp,procesado,modo RGBA → RGB con fondo blanco
E2P50.webp,procesado,modo RGBA → RGB con fondo blanco
E2PFCC1338.webp,procesado,modo RGBA → RGB con fondo blanco
E2PFCCR1638.webp,procesado,modo RGBA → RGB con fondo blanco
E2PFFCO1338.webp,procesado,modo RGBA → RGB con fondo blanco
ECLCH.webp,procesado,modo RGBA → RGB con fondo blanco
EE20.webp,procesado,modo RGBA → RGB con fondo blanco
ELBRONGRA.webp,procesado,modo RGBA → RGB con fondo blanco
ELEALUM.webp,procesado,modo RGBA → RGB con fondo blanco
ELEBRON.webp,procesado,modo RGBA → RGB con fondo blanco
EM212.webp,procesado,modo RGBA → RGB con fondo blanco
EMVIN5-5NEG.webp,procesado,modo RGBA → RGB con fondo blanco
ENCCAZ.webp,procesado,modo RGBA → RGB con fondo blanco
ENERGY10000.webp,procesado,modo RGBA → RGB con fondo blanco
EP243.webp,procesado,modo RGBA → RGB con fondo blanco
EP246.webp,procesado,modo RGBA → RGB con fondo blanco
EQUIPO.webp,procesado,modo RGBA → RGB con fondo blanco
ES19.webp,procesado,modo RGBA → RGB con fondo blanco
ES25.webp,procesado,modo RGBA → RGB con fondo blanco
ES5.webp,procesado,modo RGBA → RGB con fondo blanco
ESC34.webp,procesado,modo RGBA → RGB con fondo blanco
ESC36.webp,procesado,modo RGBA → RGB con fondo blanco
ESC44.webp,procesado,modo RGBA → RGB con fondo blanco
ESCA4.webp,procesado,modo RGBA → RGB con fondo blanco
ESFER001.webp,procesado,modo RGBA → RGB con fondo blanco
ESFER2P1.webp,procesado,modo RGBA → RGB con fondo blanco
ESFOOR002.webp,procesado,modo RGBA → RGB con fondo blanco
ESFOOR003.webp,procesado,modo RGBA → RGB con fondo blanco
ESFOOR004.webp,procesado,modo RGBA → RGB con fondo blanco
ESFOOR006.webp,procesado,modo RGBA → RGB con fondo blanco
ESFOR001.webp,procesado,modo RGBA → RGB con fondo blanco
ESGA1.webp,procesado,modo RGBA → RGB con fondo blanco
ESGA11-2.webp,procesado,modo RGBA → RGB con fondo blanco
ESGA2.webp,procesado,modo RGBA → RGB con fondo blanco
ESGA3.webp,procesado,modo RGBA → RGB con fondo blanco
ESLALUMIN.webp,procesado,modo RGBA → RGB con fondo blanco
ESLALUMTER.webp,procesado,modo RGBA → RGB con fondo blanco
ESMBCOSR.webp,procesado,modo RGBA → RGB con fondo blanco
ESMCHOSR.webp,procesado,modo RGBA → RGB con fondo blanco
ESMDWE4887.webp,procesado,modo RGBA → RGB con fondo blanco
ESME12.webp,procesado,modo RGBA → RGB con fondo blanco
ESME6.webp,procesado,modo RGBA → RGB con fondo blanco
ESME8.webp,procesado,modo RGBA → RGB con fondo blanco
ESME8X12.webp,procesado,modo RGBA → RGB con fondo blanco
ESMHP9.webp,procesado,modo RGBA → RGB con fondo blanco
ESMNE.webp,procesado,modo RGBA → RGB con fondo blanco
ESMNESR.webp,procesado,modo RGBA → RGB con fondo blanco
ESMVER.webp,procesado,modo RGBA → RGB con fondo blanco
ESPPEFOAM500ML.webp,procesado,modo RGBA → RGB con fondo blanco
ESPPENFOAM.webp,procesado,modo RGBA → RGB con fondo blanco
ESPPENMULT.webp,procesado,modo RGBA → RGB con fondo blanco
ESQ-8011NOG.webp,procesado,modo RGBA → RGB con fondo blanco
ESQ-8018OX.webp,procesado,modo RGBA → RGB con fondo blanco
ESQ-8019PINO.webp,procesado,modo RGBA → RGB con fondo blanco
ESQ-8051GP.webp,procesado,modo RGBA → RGB con fondo blanco
ESQ100.webp,procesado,modo RGBA → RGB con fondo blanco
ESQ25.webp,procesado,modo RGBA → RGB con fondo blanco
ESTCHFC.webp,procesado,modo RGBA → RGB con fondo blanco
ESTG.webp,procesado,modo RGBA → RGB con fondo blanco
ET4.webp,procesado,modo RGBA → RGB con fondo blanco
ET5.webp,procesado,modo RGBA → RGB con fondo blanco
F4400.webp,procesado,modo RGBA → RGB con fondo blanco
FALC.webp,procesado,modo RGBA → RGB con fondo blanco
FALC1.webp,procesado,modo RGBA → RGB con fondo blanco
FALCCH.webp,procesado,modo RGBA → RGB con fondo blanco
FAP40.webp,procesado,modo RGBA → RGB con fondo blanco
FGIR.webp,procesado,modo RGBA → RGB con fondo blanco
FIG-B5.webp,procesado,modo RGBA → RGB con fondo blanco
FIG-B7.webp,procesado,modo RGBA → RGB con fondo blanco
FIG-C1.webp,procesado,modo RGBA → RGB con fondo blanco
FIG-C10.webp,procesado,modo RGBA → RGB con fondo blanco
FIG-C12M.webp,procesado,modo RGBA → RGB con fondo blanco
FIG-C15M.webp,procesado,modo RGBA → RGB con fondo blanco
FIG-C5M.webp,procesado,modo RGBA → RGB con fondo blanco
FIG-C7.webp,procesado,modo RGBA → RGB con fondo blanco
FIG-C7M.webp,procesado,modo RGBA → RGB con fondo blanco
FIG-C9.webp,procesado,modo RGBA → RGB con fondo blanco
FIGC13.webp,procesado,modo RGBA → RGB con fondo blanco
FIGFCE.webp,procesado,modo RGBA → RGB con fondo blanco
FIGFCM.webp,procesado,modo RGBA → RGB con fondo blanco
FIGFCP-C.webp,procesado,modo RGBA → RGB con fondo blanco
FIGFOCO.webp,procesado,modo RGBA → RGB con fondo blanco
FIJAPUERTA6868.webp,procesado,modo RGBA → RGB con fondo blanco
FILTRON95-3M.webp,procesado,modo RGBA → RGB con fondo blanco
FLECA36.webp,procesado,modo RGBA → RGB con fondo blanco
FLECA36MGA.webp,procesado,modo RGBA → RGB con fondo blanco
FLECA5-5C.webp,procesado,modo RGBA → RGB con fondo blanco
FLECA5.webp,procesado,modo RGBA → RGB con fondo blanco
FLECA55.webp,procesado,modo RGBA → RGB con fondo blanco
FLECA55R.webp,procesado,modo RGBA → RGB con fondo blanco
FLECA5MGA.webp,procesado,modo RGBA → RGB con fondo blanco
FLECA7-5.webp,procesado,modo RGBA → RGB con fondo blanco
FLECA7-50MGA7525.webp,procesado,modo RGBA → RGB con fondo blanco
FLECA9.webp,procesado,modo RGBA → RGB con fondo blanco
FLEHP5.webp,procesado,modo RGBA → RGB con fondo blanco
FLEHP5A.webp,procesado,modo RGBA → RGB con fondo blanco
FLEHP7-5.webp,procesado,modo RGBA → RGB con fondo blanco
FLEIRWW5M.webp,procesado,modo RGBA → RGB con fondo blanco
FLEP1.webp,procesado,modo RGBA → RGB con fondo blanco
FLEP2.webp,procesado,modo RGBA → RGB con fondo blanco
FLIRIO.webp,procesado,modo RGBA → RGB con fondo blanco
FLODE003.webp,procesado,modo RGBA → RGB con fondo blanco
FLODE004.webp,procesado,modo RGBA → RGB con fondo blanco
FLODE005.webp,procesado,modo RGBA → RGB con fondo blanco
FLODE006.webp,procesado,modo RGBA → RGB con fondo blanco
FLORDEAGAVE.webp,procesado,modo RGBA → RGB con fondo blanco
FROS.webp,procesado,modo RGBA → RGB con fondo blanco
FTUL.webp,procesado,modo RGBA → RGB con fondo blanco
FUNBRON.webp,procesado,modo RGBA → RGB con fondo blanco
G2-210.webp,procesado,modo RGBA → RGB con fondo blanco
G2-213.webp,procesado,modo RGBA → RGB con fondo blanco
G2-214.webp,procesado,modo RGBA → RGB con fondo blanco
G2-216.webp,procesado,modo RGBA → RGB con fondo blanco
G2-217.webp,procesado,modo RGBA → RGB con fondo blanco
GALESM1000.webp,procesado,modo RGBA → RGB con fondo blanco
GALESM1014.webp,procesado,modo RGBA → RGB con fondo blanco
GALESM200.webp,procesado,modo RGBA → RGB con fondo blanco
GALESM223.webp,procesado,modo RGBA → RGB con fondo blanco
GALPRI5001.webp,procesado,modo RGBA → RGB con fondo blanco
GALPRI5003.webp,procesado,modo RGBA → RGB con fondo blanco
GAPG.webp,procesado,modo RGBA → RGB con fondo blanco
GAPM.webp,procesado,modo RGBA → RGB con fondo blanco
GARCABDOBLE.webp,procesado,modo RGBA → RGB con fondo blanco
GARCABSENC.webp,procesado,modo RGBA → RGB con fondo blanco
GASOL.webp,procesado,modo RGBA → RGB con fondo blanco
GAVA2.webp,procesado,modo RGBA → RGB con fondo blanco
GAVA3.webp,procesado,modo RGBA → RGB con fondo blanco
GBS12.webp,procesado,modo RGBA → RGB con fondo blanco
GBS4.webp,procesado,modo RGBA → RGB con fondo blanco
GC5.webp,procesado,modo RGBA → RGB con fondo blanco
GOG-E108.webp,procesado,modo RGBA → RGB con fondo blanco
GOGLEVM.webp,procesado,modo RGBA → RGB con fondo blanco
GOLD.webp,procesado,modo RGBA → RGB con fondo blanco
GOLI.webp,procesado,modo RGBA → RGB con fondo blanco
GRA1C13.webp,procesado,modo RGBA → RGB con fondo blanco
GRA1C25.webp,procesado,modo RGBA → RGB con fondo blanco
GRA1C38.webp,procesado,modo RGBA → RGB con fondo blanco
GRA2C13.webp,procesado,modo RGBA → RGB con fondo blanco
GRA2C38.webp,procesado,modo RGBA → RGB con fondo blanco
GUAARGO.webp,procesado,modo RGBA → RGB con fondo blanco
GUACARC-041623.webp,procesado,modo RGBA → RGB con fondo blanco
GUACARC-C.webp,procesado,modo RGBA → RGB con fondo blanco
GUACARC.webp,procesado,modo RGBA → RGB con fondo blanco
GUACARL.webp,procesado,modo RGBA → RGB con fondo blanco
GUAL-TU.webp,procesado,modo RGBA → RGB con fondo blanco
GUANIN.webp,procesado,modo RGBA → RGB con fondo blanco
GUANNITRI.webp,procesado,modo RGBA → RGB con fondo blanco
GUAPIEL.webp,procesado,modo RGBA → RGB con fondo blanco
GUAPUNTON.webp,procesado,modo RGBA → RGB con fondo blanco
GUCARFEL.webp,procesado,modo RGBA → RGB con fondo blanco
GUCARFELA.webp,procesado,modo RGBA → RGB con fondo blanco
GUIAPISO3MTS.webp,procesado,modo RGBA → RGB con fondo blanco
HBARCH.webp,procesado,modo RGBA → RGB con fondo blanco
HBARG.webp,procesado,modo RGBA → RGB con fondo blanco
HBUGAM.webp,procesado,modo RGBA → RGB con fondo blanco
HERRCH.webp,procesado,modo RGBA → RGB con fondo blanco
HERRGDE.webp,procesado,modo RGBA → RGB con fondo blanco
HERRGDER.webp,procesado,modo RGBA → RGB con fondo blanco
HERRLAM.webp,procesado,modo RGBA → RGB con fondo blanco
HFRES.webp,procesado,modo RGBA → RGB con fondo blanco
HG1160-20-C1.webp,procesado,modo RGBA → RGB con fondo blanco
HLIMON.webp,procesado,modo RGBA → RGB con fondo blanco
HOJA003.webp,procesado,modo RGBA → RGB con fondo blanco
HOJA004.webp,procesado,modo RGBA → RGB con fondo blanco
HOJJA005.webp,procesado,modo RGBA → RGB con fondo blanco
HRA-206.webp,procesado,modo RGBA → RGB con fondo blanco
HROSA.webp,procesado,modo RGBA → RGB con fondo blanco
HROSAG.webp,procesado,modo RGBA → RGB con fondo blanco
HS1-1-16.webp,procesado,modo RGBA → RGB con fondo blanco
HS1-1-2.webp,procesado,modo RGBA → RGB con fondo blanco
HS1-1-4.webp,procesado,modo RGBA → RGB con fondo blanco
HS1-1-8.webp,procesado,modo RGBA → RGB con fondo blanco
HS1-3-16.webp,procesado,modo RGBA → RGB con fondo blanco
HS1-3-8.webp,procesado,modo RGBA → RGB con fondo blanco
HS1.webp,procesado,modo RGBA → RGB con fondo blanco
HS2-1-2.webp,procesado,modo RGBA → RGB con fondo blanco
HS2-1-4.webp,procesado,modo RGBA → RGB con fondo blanco
HS2-1-8.webp,procesado,modo RGBA → RGB con fondo blanco
HS2.webp,procesado,modo RGBA → RGB con fondo blanco
HS7-8.webp,procesado,modo RGBA → RGB con fondo blanco
HSS12X123-8.webp,procesado,modo RGBA → RGB con fondo blanco
HSS6X63-16.webp,procesado,modo RGBA → RGB con fondo blanco
INSER001.webp,procesado,modo RGBA → RGB con fondo blanco
INSER003.webp,procesado,modo RGBA → RGB con fondo blanco
INSER004.webp,procesado,modo RGBA → RGB con fondo blanco
INSER007.webp,procesado,modo RGBA → RGB con fondo blanco
INSER010.webp,procesado,modo RGBA → RGB con fondo blanco
IP-1012-220.webp,procesado,modo RGBA → RGB con fondo blanco
IRW-0102L3.webp,procesado,modo RGBA → RGB con fondo blanco
JADOVE.webp,procesado,modo RGBA → RGB con fondo blanco
JAL-2211.webp,procesado,modo RGBA → RGB con fondo blanco
JAL-2212.webp,procesado,modo RGBA → RGB con fondo blanco
JAL-CHINA.webp,procesado,modo RGBA → RGB con fondo blanco
JAL-CHITA.webp,procesado,modo RGBA → RGB con fondo blanco
JAL-COLA.webp,procesado,modo RGBA → RGB con fondo blanco
JAL-COLB.webp,procesado,modo RGBA → RGB con fondo blanco
JAL-COLN.webp,procesado,modo RGBA → RGB con fondo blanco
JAL-COLO.webp,procesado,modo RGBA → RGB con fondo blanco
JAL-COLTB.webp,procesado,modo RGBA → RGB con fondo blanco
JAL-COLTD.webp,procesado,modo RGBA → RGB con fondo blanco
JAL-COLV.webp,procesado,modo RGBA → RGB con fondo blanco
JAL-ESCEG.webp,procesado,modo RGBA → RGB con fondo blanco
JAL-HC4527N.webp,procesado,modo RGBA → RGB con fondo blanco
JAL-HC4527S.webp,procesado,modo RGBA → RGB con fondo blanco
JAL-HC8060S.webp,procesado,modo RGBA → RGB con fondo blanco
JAL-PCH.webp,procesado,modo RGBA → RGB con fondo blanco
JAL-PCHB.webp,procesado,modo RGBA → RGB con fondo blanco
JAL-PCHC.webp,procesado,modo RGBA → RGB con fondo blanco
JAL-PCHCL.webp,procesado,modo RGBA → RGB con fondo blanco
JAL-PCHN.webp,procesado,modo RGBA → RGB con fondo blanco
JAL-PCHP.webp,procesado,modo RGBA → RGB con fondo blanco
JALALUP.webp,procesado,modo RGBA → RGB con fondo blanco
JALELECTRO.webp,procesado,modo RGBA → RGB con fondo blanco
JALELECTROB.webp,procesado,modo RGBA → RGB con fondo blanco
JALH2203.webp,procesado,modo RGBA → RGB con fondo blanco
JALH2205.webp,procesado,modo RGBA → RGB con fondo blanco
JALH2208.webp,procesado,modo RGBA → RGB con fondo blanco
JALRUSC.webp,procesado,modo RGBA → RGB con fondo blanco
JAMO110LA.webp,procesado,modo RGBA → RGB con fondo blanco
JAMO110NE.webp,procesado,modo RGBA → RGB con fondo blanco
JAMO110NI.webp,procesado,modo RGBA → RGB con fondo blanco
JANAVE.webp,procesado,modo RGBA → RGB con fondo blanco
JARRON.webp,procesado,modo RGBA → RGB con fondo blanco
JBAVS.webp,procesado,modo RGBA → RGB con fondo blanco
JGAMA.webp,procesado,modo RGBA → RGB con fondo blanco
JSH6.webp,procesado,modo RGBA → RGB con fondo blanco
K2707-2.webp,procesado,modo RGBA → RGB con fondo blanco
KC4815T.webp,procesado,modo RGBA → RGB con fondo blanco
L1971.webp,procesado,modo RGBA → RGB con fondo blanco
L1972.webp,procesado,modo RGBA → RGB con fondo blanco
L1973.webp,procesado,modo RGBA → RGB con fondo blanco
LA32AA.webp,procesado,modo RGBA → RGB con fondo blanco
LACT1-22.webp,procesado,modo RGBA → RGB con fondo blanco
LACT1-83.webp,procesado,modo RGBA → RGB con fondo blanco
LACT2-44.webp,procesado,modo RGBA → RGB con fondo blanco
LACT3-05.webp,procesado,modo RGBA → RGB con fondo blanco
LACT3-66.webp,procesado,modo RGBA → RGB con fondo blanco
LACT4-27.webp,procesado,modo RGBA → RGB con fondo blanco
LACT4-88.webp,procesado,modo RGBA → RGB con fondo blanco
LACT5-50.webp,procesado,modo RGBA → RGB con fondo blanco
LACT6-10.webp,procesado,modo RGBA → RGB con fondo blanco
LAMECON.webp,procesado,modo RGBA → RGB con fondo blanco
LAMFRON.webp,procesado,modo RGBA → RGB con fondo blanco
LANC38.webp,procesado,modo RGBA → RGB con fondo blanco
LANL12.webp,procesado,modo RGBA → RGB con fondo blanco
LANL38.webp,procesado,modo RGBA → RGB con fondo blanco
LAO1-83.webp,procesado,modo RGBA → RGB con fondo blanco
LAO2-44.webp,procesado,modo RGBA → RGB con fondo blanco
LAO3-05.webp,procesado,modo RGBA → RGB con fondo blanco
LAO3-66.webp,procesado,modo RGBA → RGB con fondo blanco
LAR2-44.webp,procesado,modo RGBA → RGB con fondo blanco
LAR3-05.webp,procesado,modo RGBA → RGB con fondo blanco
LAR4-88.webp,procesado,modo RGBA → RGB con fondo blanco
LAR6-10.webp,procesado,modo RGBA → RGB con fondo blanco
LARC3-05.webp,procesado,modo RGBA → RGB con fondo blanco
LARC3-66.webp,procesado,modo RGBA → RGB con fondo blanco
LARC4-27.webp,procesado,modo RGBA → RGB con fondo blanco
LARC4-88.webp,procesado,modo RGBA → RGB con fondo blanco
LARC5-50.webp,procesado,modo RGBA → RGB con fondo blanco
LARC6-10.webp,procesado,modo RGBA → RGB con fondo blanco
LENCC003979.webp,procesado,modo RGBA → RGB con fondo blanco
LENCH003980.webp,procesado,modo RGBA → RGB con fondo blanco
LENCLA25107.webp,procesado,modo RGBA → RGB con fondo blanco
LENGRIS25110.webp,procesado,modo RGBA → RGB con fondo blanco
LENMICGRIS.webp,procesado,modo RGBA → RGB con fondo blanco
LENSTEELCLA.webp,procesado,modo RGBA → RGB con fondo blanco
LENSTEELESP.webp,procesado,modo RGBA → RGB con fondo blanco
LENSTEELESP2.webp,procesado,modo RGBA → RGB con fondo blanco
LENSTEELGRIS.webp,procesado,modo RGBA → RGB con fondo blanco
LGAR3-05.webp,procesado,modo RGBA → RGB con fondo blanco
LGL3C16.webp,procesado,modo RGBA → RGB con fondo blanco
LGL4C16.webp,procesado,modo RGBA → RGB con fondo blanco
LGLC246-10.webp,procesado,modo RGBA → RGB con fondo blanco
LGLR3C28.webp,procesado,modo RGBA → RGB con fondo blanco
LGLR3C30.webp,procesado,modo RGBA → RGB con fondo blanco
LGT3-05.webp,procesado,modo RGBA → RGB con fondo blanco
LGTP1-22.webp,procesado,modo RGBA → RGB con fondo blanco
LGTP1-83.webp,procesado,modo RGBA → RGB con fondo blanco
LGTP2-44.webp,procesado,modo RGBA → RGB con fondo blanco
LGTP3-05.webp,procesado,modo RGBA → RGB con fondo blanco
LGTP3-66.webp,procesado,modo RGBA → RGB con fondo blanco
LGTP4-27.webp,procesado,modo RGBA → RGB con fondo blanco
LGTP4-88.webp,procesado,modo RGBA → RGB con fondo blanco
LGTP5-50.webp,procesado,modo RGBA → RGB con fondo blanco
LGTP6-10.webp,procesado,modo RGBA → RGB con fondo blanco
LGZR3-05C26.webp,procesado,modo RGBA → RGB con fondo blanco
LGZR3-05E.webp,procesado,modo RGBA → RGB con fondo blanco
LGZR3-66.webp,procesado,modo RGBA → RGB con fondo blanco
LGZR3-66E.webp,procesado,modo RGBA → RGB con fondo blanco
LGZR4-27.webp,procesado,modo RGBA → RGB con fondo blanco
LGZR4-27C26.webp,procesado,modo RGBA → RGB con fondo blanco
LGZR4-88.webp,procesado,modo RGBA → RGB con fondo blanco
LGZR4-88C26.webp,procesado,modo RGBA → RGB con fondo blanco
LGZR4-88E.webp,procesado,modo RGBA → RGB con fondo blanco
LGZR5-50.webp,procesado,modo RGBA → RGB con fondo blanco
LGZR6-10.webp,procesado,modo RGBA → RGB con fondo blanco
LGZR6-10C26.webp,procesado,modo RGBA → RGB con fondo blanco
LGZR7-32.webp,procesado,modo RGBA → RGB con fondo blanco
LI14-8011NO.webp,procesado,modo RGBA → RGB con fondo blanco
LI14-8018OX.webp,procesado,modo RGBA → RGB con fondo blanco
LI14-8019PINO.webp,procesado,modo RGBA → RGB con fondo blanco
LI14-8051BH.webp,procesado,modo RGBA → RGB con fondo blanco
LNANT3C12.webp,procesado,modo RGBA → RGB con fondo blanco
LNANT3C14.webp,procesado,modo RGBA → RGB con fondo blanco
LNANT4-1-8.webp,procesado,modo RGBA → RGB con fondo blanco
LNANT4C12.webp,procesado,modo RGBA → RGB con fondo blanco
LNANT4C14.webp,procesado,modo RGBA → RGB con fondo blanco
LNANT4C16.webp,procesado,modo RGBA → RGB con fondo blanco
LNL3C10.webp,procesado,modo RGBA → RGB con fondo blanco
LNL3C12.webp,procesado,modo RGBA → RGB con fondo blanco
LNL3C14.webp,procesado,modo RGBA → RGB con fondo blanco
LNL3C16.webp,procesado,modo RGBA → RGB con fondo blanco
LNL3C18.webp,procesado,modo RGBA → RGB con fondo blanco
LNL3C20.webp,procesado,modo RGBA → RGB con fondo blanco
LNL3C22.webp,procesado,modo RGBA → RGB con fondo blanco
LNL4C10.webp,procesado,modo RGBA → RGB con fondo blanco
LNL4C12.webp,procesado,modo RGBA → RGB con fondo blanco
LNL4C14.webp,procesado,modo RGBA → RGB con fondo blanco
LNL4C16.webp,procesado,modo RGBA → RGB con fondo blanco
LNL4C18.webp,procesado,modo RGBA → RGB con fondo blanco
LNL4C20.webp,procesado,modo RGBA → RGB con fondo blanco
LO414A.webp,procesado,modo RGBA → RGB con fondo blanco
LO914.webp,procesado,modo RGBA → RGB con fondo blanco
LP607A.webp,procesado,modo RGBA → RGB con fondo blanco
LRCF4.webp,procesado,modo RGBA → RGB con fondo blanco
LUMEDFC.webp,procesado,modo RGBA → RGB con fondo blanco
M0801B.webp,procesado,modo RGBA → RGB con fondo blanco
M1-122.webp,procesado,modo RGBA → RGB con fondo blanco
M12.webp,procesado,modo RGBA → RGB con fondo blanco
MAC3-16.webp,procesado,modo RGBA → RGB con fondo blanco
MAC5-32.webp,procesado,modo RGBA → RGB con fondo blanco
MAN15MTP-OXI-ACET.webp,procesado,modo RGBA → RGB con fondo blanco
MAN50-4807.webp,procesado,modo RGBA → RGB con fondo blanco
MAN50-4812.webp,procesado,modo RGBA → RGB con fondo blanco
MAN7-5MTP-OXI-ACET.webp,procesado,modo RGBA → RGB con fondo blanco
MANCAR.webp,procesado,modo RGBA → RGB con fondo blanco
MANCOMDER.webp,procesado,modo RGBA → RGB con fondo blanco
MANDRIL.webp,procesado,modo RGBA → RGB con fondo blanco
MANDRIL1L.webp,procesado,modo RGBA → RGB con fondo blanco
MANDRIL21820.webp,procesado,modo RGBA → RGB con fondo blanco
MANDRIL21836.webp,procesado,modo RGBA → RGB con fondo blanco
MANDRIL3-8.webp,procesado,modo RGBA → RGB con fondo blanco
MANDRILL2.webp,procesado,modo RGBA → RGB con fondo blanco
MANG175.webp,procesado,modo RGBA → RGB con fondo blanco
MANP-LIMA.webp,procesado,modo RGBA → RGB con fondo blanco
MANTUB.webp,procesado,modo RGBA → RGB con fondo blanco
MAR2LB141890.webp,procesado,modo RGBA → RGB con fondo blanco
MAR3LB141891.webp,procesado,modo RGBA → RGB con fondo blanco
MAR4LB141892.webp,procesado,modo RGBA → RGB con fondo blanco
MARI.webp,procesado,modo RGBA → RGB con fondo blanco
MARR3.webp,procesado,modo RGBA → RGB con fondo blanco
MART141816.webp,procesado,modo RGBA → RGB con fondo blanco
MARTB141832.webp,procesado,modo RGBA → RGB con fondo blanco
MARTB141833.webp,procesado,modo RGBA → RGB con fondo blanco
MARTB141834.webp,procesado,modo RGBA → RGB con fondo blanco
MASBOQ.webp,procesado,modo RGBA → RGB con fondo blanco
MASSEN3M.webp,procesado,modo RGBA → RGB con fondo blanco
MDHK.webp,procesado,modo RGBA → RGB con fondo blanco
MDL-650.webp,procesado,modo RGBA → RGB con fondo blanco
MEDAME.webp,procesado,modo RGBA → RGB con fondo blanco
MEDARED.webp,procesado,modo RGBA → RGB con fondo blanco
MEDE100.webp,procesado,modo RGBA → RGB con fondo blanco
MEDE13.webp,procesado,modo RGBA → RGB con fondo blanco
MEDE150.webp,procesado,modo RGBA → RGB con fondo blanco
MEDE19.webp,procesado,modo RGBA → RGB con fondo blanco
MEDE25.webp,procesado,modo RGBA → RGB con fondo blanco
MEDE32.webp,procesado,modo RGBA → RGB con fondo blanco
MEDE38.webp,procesado,modo RGBA → RGB con fondo blanco
MEDE3914.webp,procesado,modo RGBA → RGB con fondo blanco
MEDE42116.webp,procesado,modo RGBA → RGB con fondo blanco
MEDE44810.webp,procesado,modo RGBA → RGB con fondo blanco
MEDE50.webp,procesado,modo RGBA → RGB con fondo blanco
MEDE64.webp,procesado,modo RGBA → RGB con fondo blanco
MEDE75.webp,procesado,modo RGBA → RGB con fondo blanco
MEMM41-29510.webp,procesado,modo RGBA → RGB con fondo blanco
MESM115.webp,procesado,modo RGBA → RGB con fondo blanco
MESM4530.webp,procesado,modo RGBA → RGB con fondo blanco
MESM90B.webp,procesado,modo RGBA → RGB con fondo blanco
MESM9557.webp,procesado,modo RGBA → RGB con fondo blanco
MESMB1375.webp,procesado,modo RGBA → RGB con fondo blanco
MESMBYD4.webp,procesado,modo RGBA → RGB con fondo blanco
MESMD4020.webp,procesado,modo RGBA → RGB con fondo blanco
MESMD4120.webp,procesado,modo RGBA → RGB con fondo blanco
MESMM4010.webp,procesado,modo RGBA → RGB con fondo blanco
MET-5197.webp,procesado,modo RGBA → RGB con fondo blanco
MIR-6415.webp,procesado,modo RGBA → RGB con fondo blanco
MIR-6416.webp,procesado,modo RGBA → RGB con fondo blanco
MIR-6418.webp,procesado,modo RGBA → RGB con fondo blanco
MN1300.webp,procesado,modo RGBA → RGB con fondo blanco
MODULO15.webp,procesado,modo RGBA → RGB con fondo blanco
MODULO25.webp,procesado,modo RGBA → RGB con fondo blanco
MON100X38C14.webp,procesado,modo RGBA → RGB con fondo blanco
MON100X505MTC14.webp,procesado,modo RGBA → RGB con fondo blanco
MON100X50C16.webp,procesado,modo RGBA → RGB con fondo blanco
MON200X70C14.webp,procesado,modo RGBA → RGB con fondo blanco
MON75X38C14.webp,procesado,modo RGBA → RGB con fondo blanco
MON75X38C16.webp,procesado,modo RGBA → RGB con fondo blanco
MPCLARO.webp,procesado,modo RGBA → RGB con fondo blanco
MPI04.webp,procesado,modo RGBA → RGB con fondo blanco
MPI05.webp,procesado,modo RGBA → RGB con fondo blanco
MPI115.webp,procesado,modo RGBA → RGB con fondo blanco
MPI14.webp,procesado,modo RGBA → RGB con fondo blanco
MSS-381.webp,procesado,modo RGBA → RGB con fondo blanco
NIV122102.webp,procesado,modo RGBA → RGB con fondo blanco
NIV122104.webp,procesado,modo RGBA → RGB con fondo blanco
NL-1045-3.webp,procesado,modo RGBA → RGB con fondo blanco
NLB-0-4073.webp,procesado,modo RGBA → RGB con fondo blanco
NLB-0-4075.webp,procesado,modo RGBA → RGB con fondo blanco
NLB-0-4080.webp,procesado,modo RGBA → RGB con fondo blanco
NLB-0-4081.webp,procesado,modo RGBA → RGB con fondo blanco
NLB-1-4074.webp,procesado,modo RGBA → RGB con fondo blanco
NLB-3-4076.webp,procesado,modo RGBA → RGB con fondo blanco
NLB-4-4077.webp,procesado,modo RGBA → RGB con fondo blanco
NLB-5-4078.webp,procesado,modo RGBA → RGB con fondo blanco
NLB-6-4079.webp,procesado,modo RGBA → RGB con fondo blanco
NLB-9-4082.webp,procesado,modo RGBA → RGB con fondo blanco
NUALTUBC3013.webp,procesado,modo RGBA → RGB con fondo blanco
NUALTUBC3019.webp,procesado,modo RGBA → RGB con fondo blanco
O315224401.webp,procesado,modo RGBA → RGB con fondo blanco
P2-513.webp,procesado,modo RGBA → RGB con fondo blanco
P2-514.webp,procesado,modo RGBA → RGB con fondo blanco
P2-516.webp,procesado,modo RGBA → RGB con fondo blanco
P2-517.webp,procesado,modo RGBA → RGB con fondo blanco
P2-518.webp,procesado,modo RGBA → RGB con fondo blanco
P3X3-3-16.webp,procesado,modo RGBA → RGB con fondo blanco
P4X4-3-16.webp,procesado,modo RGBA → RGB con fondo blanco
P5X5-3-16.webp,procesado,modo RGBA → RGB con fondo blanco
PA1.webp,procesado,modo RGBA → RGB con fondo blanco
PACO2R.webp,procesado,modo RGBA → RGB con fondo blanco
PAS-CA30.webp,procesado,modo RGBA → RGB con fondo blanco
PAS-CA40.webp,procesado,modo RGBA → RGB con fondo blanco
PAS-CA60.webp,procesado,modo RGBA → RGB con fondo blanco
PASA30.webp,procesado,modo RGBA → RGB con fondo blanco
PASA30R.webp,procesado,modo RGBA → RGB con fondo blanco
PASA30S.webp,procesado,modo RGBA → RGB con fondo blanco
PASA40R.webp,procesado,modo RGBA → RGB con fondo blanco
PASA40S.webp,procesado,modo RGBA → RGB con fondo blanco
PASA60R.webp,procesado,modo RGBA → RGB con fondo blanco
PASA60S.webp,procesado,modo RGBA → RGB con fondo blanco
PASBRO.webp,procesado,modo RGBA → RGB con fondo blanco
PASDEX6869.webp,procesado,modo RGBA → RGB con fondo blanco
PASDEX6870.webp,procesado,modo RGBA → RGB con fondo blanco
PASDEX6871.webp,procesado,modo RGBA → RGB con fondo blanco
PASDEX6872.webp,procesado,modo RGBA → RGB con fondo blanco
PASDEX6874.webp,procesado,modo RGBA → RGB con fondo blanco
PASDEX6875.webp,procesado,modo RGBA → RGB con fondo blanco
PASDEX6877.webp,procesado,modo RGBA → RGB con fondo blanco
PASDEX6881.webp,procesado,modo RGBA → RGB con fondo blanco
PASDEX6882.webp,procesado,modo RGBA → RGB con fondo blanco
PASDEX6883.webp,procesado,modo RGBA → RGB con fondo blanco
PASDEX6884.webp,procesado,modo RGBA → RGB con fondo blanco
PASDEX6886.webp,procesado,modo RGBA → RGB con fondo blanco
PASFAG.webp,procesado,modo RGBA → RGB con fondo blanco
PASFANC.webp,procesado,modo RGBA → RGB con fondo blanco
PASGMAC.webp,procesado,modo RGBA → RGB con fondo blanco
PASGTUB.webp,procesado,modo RGBA → RGB con fondo blanco
PASLA13.webp,procesado,modo RGBA → RGB con fondo blanco
PASLA5.webp,procesado,modo RGBA → RGB con fondo blanco
PASLA9.webp,procesado,modo RGBA → RGB con fondo blanco
PASMA32.webp,procesado,modo RGBA → RGB con fondo blanco
PASMA51.webp,procesado,modo RGBA → RGB con fondo blanco
PASMA64.webp,procesado,modo RGBA → RGB con fondo blanco
PASOLE130.webp,procesado,modo RGBA → RGB con fondo blanco
PASOLE160.webp,procesado,modo RGBA → RGB con fondo blanco
PASOLE200.webp,procesado,modo RGBA → RGB con fondo blanco
PASOLE220.webp,procesado,modo RGBA → RGB con fondo blanco
PASOLS153N.webp,procesado,modo RGBA → RGB con fondo blanco
PASOLS172C.webp,procesado,modo RGBA → RGB con fondo blanco
PASOLS2650.webp,procesado,modo RGBA → RGB con fondo blanco
PASP100.webp,procesado,modo RGBA → RGB con fondo blanco
PASP150.webp,procesado,modo RGBA → RGB con fondo blanco
PASP50.webp,procesado,modo RGBA → RGB con fondo blanco
PASR10.webp,procesado,modo RGBA → RGB con fondo blanco
PASR15.webp,procesado,modo RGBA → RGB con fondo blanco
PASR25.webp,procesado,modo RGBA → RGB con fondo blanco
PASR5.webp,procesado,modo RGBA → RGB con fondo blanco
PASSP.webp,procesado,modo RGBA → RGB con fondo blanco
PCHD6854.webp,procesado,modo RGBA → RGB con fondo blanco
PCHD6855.webp,procesado,modo RGBA → RGB con fondo blanco
PCHD6856.webp,procesado,modo RGBA → RGB con fondo blanco
PCJ38.webp,procesado,modo RGBA → RGB con fondo blanco
PE250.webp,procesado,modo RGBA → RGB con fondo blanco
PE300VAR.webp,procesado,modo RGBA → RGB con fondo blanco
PE500VAR.webp,procesado,modo RGBA → RGB con fondo blanco
PELDANO.webp,procesado,modo RGBA → RGB con fondo blanco
PELDANOCG.webp,procesado,modo RGBA → RGB con fondo blanco
PELDANOE.webp,procesado,modo RGBA → RGB con fondo blanco
PER1.webp,procesado,modo RGBA → RGB con fondo blanco
PER140432.webp,procesado,modo RGBA → RGB con fondo blanco
PER2.webp,procesado,modo RGBA → RGB con fondo blanco
PER3.webp,procesado,modo RGBA → RGB con fondo blanco
PEREDF250.webp,procesado,modo RGBA → RGB con fondo blanco
PEREDF300.webp,procesado,modo RGBA → RGB con fondo blanco
PEREDF300UR.webp,procesado,modo RGBA → RGB con fondo blanco
PERVENT.webp,procesado,modo RGBA → RGB con fondo blanco
PETEK20GR.webp,procesado,modo RGBA → RGB con fondo blanco
PETEK5G.webp,procesado,modo RGBA → RGB con fondo blanco
PFC33.webp,procesado,modo RGBA → RGB con fondo blanco
PGIS-S-GIS.webp,procesado,modo RGBA → RGB con fondo blanco
PGIS.webp,procesado,modo RGBA → RGB con fondo blanco
PICAR12.webp,procesado,modo RGBA → RGB con fondo blanco
PICAR22.webp,procesado,modo RGBA → RGB con fondo blanco
PIJA12X2.webp,procesado,modo RGBA → RGB con fondo blanco
PIJA14X2.webp,procesado,modo RGBA → RGB con fondo blanco
PIJA8X2.webp,procesado,modo RGBA → RGB con fondo blanco
PIJAAU100.webp,procesado,modo RGBA → RGB con fondo blanco
PIJAAU25.webp,procesado,modo RGBA → RGB con fondo blanco
PIJAAU32.webp,procesado,modo RGBA → RGB con fondo blanco
PIJAAU38.webp,procesado,modo RGBA → RGB con fondo blanco
PIJAAU50.webp,procesado,modo RGBA → RGB con fondo blanco
PIJAAU75.webp,procesado,modo RGBA → RGB con fondo blanco
PIJAKLATH8X3-4.webp,procesado,modo RGBA → RGB con fondo blanco
PIN-977.webp,procesado,modo RGBA → RGB con fondo blanco
PIN-SV238G.webp,procesado,modo RGBA → RGB con fondo blanco
PIN115086.webp,procesado,modo RGBA → RGB con fondo blanco
PIN115087.webp,procesado,modo RGBA → RGB con fondo blanco
PIN115089.webp,procesado,modo RGBA → RGB con fondo blanco
PINA002.webp,procesado,modo RGBA → RGB con fondo blanco
PINA005.webp,procesado,modo RGBA → RGB con fondo blanco
PINPFP10.webp,procesado,modo RGBA → RGB con fondo blanco
PIS108002.webp,procesado,modo RGBA → RGB con fondo blanco
PIS108005.webp,procesado,modo RGBA → RGB con fondo blanco
PISG352.webp,procesado,modo RGBA → RGB con fondo blanco
PISPSF3.webp,procesado,modo RGBA → RGB con fondo blanco
PLA5.webp,procesado,modo RGBA → RGB con fondo blanco
PLAB13.webp,procesado,modo RGBA → RGB con fondo blanco
PLABUBR.webp,procesado,modo RGBA → RGB con fondo blanco
PLACA6.webp,procesado,modo RGBA → RGB con fondo blanco
PLASOL130.webp,procesado,modo RGBA → RGB con fondo blanco
PLASOL150.webp,procesado,modo RGBA → RGB con fondo blanco
PLASOL160.webp,procesado,modo RGBA → RGB con fondo blanco
PLASOL180.webp,procesado,modo RGBA → RGB con fondo blanco
PLASOL225.webp,procesado,modo RGBA → RGB con fondo blanco
PLASOL300.webp,procesado,modo RGBA → RGB con fondo blanco
PLASOLAC225.webp,procesado,modo RGBA → RGB con fondo blanco
PLASOLE161.webp,procesado,modo RGBA → RGB con fondo blanco
PLASOLE180.webp,procesado,modo RGBA → RGB con fondo blanco
PLASOLEM140.webp,procesado,modo RGBA → RGB con fondo blanco
PLASOLM250-2T.webp,procesado,modo RGBA → RGB con fondo blanco
PLASOLM250.webp,procesado,modo RGBA → RGB con fondo blanco
PLASOLM325.webp,procesado,modo RGBA → RGB con fondo blanco
PLASOLMI250L.webp,procesado,modo RGBA → RGB con fondo blanco
PLASOLTH302.webp,procesado,modo RGBA → RGB con fondo blanco
PLATOGB612.webp,procesado,modo RGBA → RGB con fondo blanco
PLATOGB8.webp,procesado,modo RGBA → RGB con fondo blanco
PM10112.webp,procesado,modo RGBA → RGB con fondo blanco
PM10212.webp,procesado,modo RGBA → RGB con fondo blanco
PM123.webp,procesado,modo RGBA → RGB con fondo blanco
PM22-70KGS.webp,procesado,modo RGBA → RGB con fondo blanco
PM300AMP.webp,procesado,modo RGBA → RGB con fondo blanco
PM34KG123282.webp,procesado,modo RGBA → RGB con fondo blanco
PM36KG.webp,procesado,modo RGBA → RGB con fondo blanco
PM8.webp,procesado,modo RGBA → RGB con fondo blanco
PMC634.webp,procesado,modo RGBA → RGB con fondo blanco
PORCANG.webp,procesado,modo RGBA → RGB con fondo blanco
PORTACANDEXTER.webp,procesado,modo RGBA → RGB con fondo blanco
PPB1.webp,procesado,modo RGBA → RGB con fondo blanco
PPB2.webp,procesado,modo RGBA → RGB con fondo blanco
PPC2200HC.webp,procesado,modo RGBA → RGB con fondo blanco
PPG1.webp,procesado,modo RGBA → RGB con fondo blanco
PPG2.webp,procesado,modo RGBA → RGB con fondo blanco
PPG3.webp,procesado,modo RGBA → RGB con fondo blanco
PPG4.webp,procesado,modo RGBA → RGB con fondo blanco
PR225PREN.webp,procesado,modo RGBA → RGB con fondo blanco
PR300PREN.webp,procesado,modo RGBA → RGB con fondo blanco
PRE1-107051.webp,procesado,modo RGBA → RGB con fondo blanco
PRE5-107053.webp,procesado,modo RGBA → RGB con fondo blanco
PRE6-107056.webp,procesado,modo RGBA → RGB con fondo blanco
PRE8-107058.webp,procesado,modo RGBA → RGB con fondo blanco
PRIBCO.webp,procesado,modo RGBA → RGB con fondo blanco
PRIBCO5000.webp,procesado,modo RGBA → RGB con fondo blanco
PRIRO.webp,procesado,modo RGBA → RGB con fondo blanco
PROFAC.webp,procesado,modo RGBA → RGB con fondo blanco
PROFACL.webp,procesado,modo RGBA → RGB con fondo blanco
PROFAE.webp,procesado,modo RGBA → RGB con fondo blanco
PROOI.webp,procesado,modo RGBA → RGB con fondo blanco
PROOI3M.webp,procesado,modo RGBA → RGB con fondo blanco
PSF4.webp,procesado,modo RGBA → RGB con fondo blanco
PTR100X100C11.webp,procesado,modo RGBA → RGB con fondo blanco
PTR19X19C14.webp,procesado,modo RGBA → RGB con fondo blanco
PTR25X50CAL-11.webp,procesado,modo RGBA → RGB con fondo blanco
PTR32X32C16.webp,procesado,modo RGBA → RGB con fondo blanco
PTR38X38.webp,procesado,modo RGBA → RGB con fondo blanco
PTR38X38C11.webp,procesado,modo RGBA → RGB con fondo blanco
PTR50X100.webp,procesado,modo RGBA → RGB con fondo blanco
PTR50X150.webp,procesado,modo RGBA → RGB con fondo blanco
PTR50X5014.webp,procesado,modo RGBA → RGB con fondo blanco
PTR50X50C12.webp,procesado,modo RGBA → RGB con fondo blanco
PTR50X75.webp,procesado,modo RGBA → RGB con fondo blanco
PTR50X75C11.webp,procesado,modo RGBA → RGB con fondo blanco
PTR64X64.webp,procesado,modo RGBA → RGB con fondo blanco
PTR75X75.webp,procesado,modo RGBA → RGB con fondo blanco
PTR75X75C11.webp,procesado,modo RGBA → RGB con fondo blanco
PTRG25X25.webp,procesado,modo RGBA → RGB con fondo blanco
PTRG25X50C14.webp,procesado,modo RGBA → RGB con fondo blanco
PTRG32X32.webp,procesado,modo RGBA → RGB con fondo blanco
PTRG38X38C14.webp,procesado,modo RGBA → RGB con fondo blanco
PTRG64X64C14.webp,procesado,modo RGBA → RGB con fondo blanco
PUFLE004.webp,procesado,modo RGBA → RGB con fondo blanco
PUFLE006.webp,procesado,modo RGBA → RGB con fondo blanco
PUFLE007.webp,procesado,modo RGBA → RGB con fondo blanco
PUFLE013.webp,procesado,modo RGBA → RGB con fondo blanco
PUFLE014.webp,procesado,modo RGBA → RGB con fondo blanco
PUN-C38.webp,procesado,modo RGBA → RGB con fondo blanco
PUN2LUNAS.webp,procesado,modo RGBA → RGB con fondo blanco
PUNAFRI.webp,procesado,modo RGBA → RGB con fondo blanco
PUNBA13.webp,procesado,modo RGBA → RGB con fondo blanco
PUNBA16.webp,procesado,modo RGBA → RGB con fondo blanco
PUNBAR.webp,procesado,modo RGBA → RGB con fondo blanco
PUNBAR16.webp,procesado,modo RGBA → RGB con fondo blanco
PUNBARL.webp,procesado,modo RGBA → RGB con fondo blanco
PUNCAT.webp,procesado,modo RGBA → RGB con fondo blanco
PUNCOB.webp,procesado,modo RGBA → RGB con fondo blanco
PUNCOB19.webp,procesado,modo RGBA → RGB con fondo blanco
PUNCON.webp,procesado,modo RGBA → RGB con fondo blanco
PUNCONI.webp,procesado,modo RGBA → RGB con fondo blanco
PUNDIAM.webp,procesado,modo RGBA → RGB con fondo blanco
PUNEST.webp,procesado,modo RGBA → RGB con fondo blanco
PUNFL.webp,procesado,modo RGBA → RGB con fondo blanco
PUNFLB.webp,procesado,modo RGBA → RGB con fondo blanco
PUNFLEJR.webp,procesado,modo RGBA → RGB con fondo blanco
PUNGA.webp,procesado,modo RGBA → RGB con fondo blanco
PUNGO.webp,procesado,modo RGBA → RGB con fondo blanco
PUNIMP.webp,procesado,modo RGBA → RGB con fondo blanco
PUNISP.webp,procesado,modo RGBA → RGB con fondo blanco
PUNJAI.webp,procesado,modo RGBA → RGB con fondo blanco
PUNLAN.webp,procesado,modo RGBA → RGB con fondo blanco
PUNMEX.webp,procesado,modo RGBA → RGB con fondo blanco
PUNMEXP-C13.webp,procesado,modo RGBA → RGB con fondo blanco
PUNPARISJR.webp,procesado,modo RGBA → RGB con fondo blanco
PUNRE.webp,procesado,modo RGBA → RGB con fondo blanco
PUNTA297AR.webp,procesado,modo RGBA → RGB con fondo blanco
PV121.webp,procesado,modo RGBA → RGB con fondo blanco
PVBASE.webp,procesado,modo RGBA → RGB con fondo blanco
PVESFER.webp,procesado,modo RGBA → RGB con fondo blanco
PZALAP.webp,procesado,modo RGBA → RGB con fondo blanco
R101H3-05.webp,procesado,modo RGBA → RGB con fondo blanco
R101H4-27.webp,procesado,modo RGBA → RGB con fondo blanco
R101P2-44.webp,procesado,modo RGBA → RGB con fondo blanco
R101P3-05.webp,procesado,modo RGBA → RGB con fondo blanco
R101P3-66.webp,procesado,modo RGBA → RGB con fondo blanco
R101P4-88.webp,procesado,modo RGBA → RGB con fondo blanco
R110730501.webp,procesado,modo RGBA → RGB con fondo blanco
R110730502.webp,procesado,modo RGBA → RGB con fondo blanco
R110730503.webp,procesado,modo RGBA → RGB con fondo blanco
R110736602.webp,procesado,modo RGBA → RGB con fondo blanco
RAFIABCA.webp,procesado,modo RGBA → RGB con fondo blanco
RAUVA.webp,procesado,modo RGBA → RGB con fondo blanco
RAUVA2.webp,procesado,modo RGBA → RGB con fondo blanco
RAUVAD.webp,procesado,modo RGBA → RGB con fondo blanco
RC03.webp,procesado,modo RGBA → RGB con fondo blanco
RE3-1635.webp,procesado,modo RGBA → RGB con fondo blanco
RE3-1640.webp,procesado,modo RGBA → RGB con fondo blanco
RE5-161-20D.webp,procesado,modo RGBA → RGB con fondo blanco
RE5-161-20I.webp,procesado,modo RGBA → RGB con fondo blanco
RE7-3235.webp,procesado,modo RGBA → RGB con fondo blanco
RE7-3240.webp,procesado,modo RGBA → RGB con fondo blanco
RECHA.webp,procesado,modo RGBA → RGB con fondo blanco
RED10.webp,procesado,modo RGBA → RGB con fondo blanco
RED10P.webp,procesado,modo RGBA → RGB con fondo blanco
RED12MM.webp,procesado,modo RGBA → RGB con fondo blanco
RED13.webp,procesado,modo RGBA → RGB con fondo blanco
RED16.webp,procesado,modo RGBA → RGB con fondo blanco
RED19.webp,procesado,modo RGBA → RGB con fondo blanco
RED25.webp,procesado,modo RGBA → RGB con fondo blanco
RED32.webp,procesado,modo RGBA → RGB con fondo blanco
RED38.webp,procesado,modo RGBA → RGB con fondo blanco
RED5.webp,procesado,modo RGBA → RGB con fondo blanco
RED50.webp,procesado,modo RGBA → RGB con fondo blanco
RED6.webp,procesado,modo RGBA → RGB con fondo blanco
RED8.webp,procesado,modo RGBA → RGB con fondo blanco
REGOLB.webp,procesado,modo RGBA → RGB con fondo blanco
REGOLP.webp,procesado,modo RGBA → RGB con fondo blanco
REGSH1710C.webp,procesado,modo RGBA → RGB con fondo blanco
REMA113400.webp,procesado,modo RGBA → RGB con fondo blanco
REMA113401.webp,procesado,modo RGBA → RGB con fondo blanco
REMA113402.webp,procesado,modo RGBA → RGB con fondo blanco
REMA113403.webp,procesado,modo RGBA → RGB con fondo blanco
REMA113404.webp,procesado,modo RGBA → RGB con fondo blanco
REMA113405.webp,procesado,modo RGBA → RGB con fondo blanco
REMA113406.webp,procesado,modo RGBA → RGB con fondo blanco
REMA113407.webp,procesado,modo RGBA → RGB con fondo blanco
REMA113408.webp,procesado,modo RGBA → RGB con fondo blanco
REMA113409.webp,procesado,modo RGBA → RGB con fondo blanco
REMA113410.webp,procesado,modo RGBA → RGB con fondo blanco
REMA113412.webp,procesado,modo RGBA → RGB con fondo blanco
REMA113413.webp,procesado,modo RGBA → RGB con fondo blanco
REMA113414.webp,procesado,modo RGBA → RGB con fondo blanco
REMA113416.webp,procesado,modo RGBA → RGB con fondo blanco
REMA113417.webp,procesado,modo RGBA → RGB con fondo blanco
REMA42.webp,procesado,modo RGBA → RGB con fondo blanco
REMA44.webp,procesado,modo RGBA → RGB con fondo blanco
REMA46.webp,procesado,modo RGBA → RGB con fondo blanco
REMA48.webp,procesado,modo RGBA → RGB con fondo blanco
REMA52.webp,procesado,modo RGBA → RGB con fondo blanco
REMA54.webp,procesado,modo RGBA → RGB con fondo blanco
REMA56.webp,procesado,modo RGBA → RGB con fondo blanco
REMA58.webp,procesado,modo RGBA → RGB con fondo blanco
REMA5X25.webp,procesado,modo RGBA → RGB con fondo blanco
REMA64.webp,procesado,modo RGBA → RGB con fondo blanco
REMA66.webp,procesado,modo RGBA → RGB con fondo blanco
REMA66LF.webp,procesado,modo RGBA → RGB con fondo blanco
REMA68.webp,procesado,modo RGBA → RGB con fondo blanco
REMA68LF.webp,procesado,modo RGBA → RGB con fondo blanco
REMA6X25.webp,procesado,modo RGBA → RGB con fondo blanco
REMA6X38.webp,procesado,modo RGBA → RGB con fondo blanco
REMA6X50.webp,procesado,modo RGBA → RGB con fondo blanco
REMAPRO10-C-REM.webp,procesado,modo RGBA → RGB con fondo blanco
REMAPRO10.webp,procesado,modo RGBA → RGB con fondo blanco
REPVIS.webp,procesado,modo RGBA → RGB con fondo blanco
RESFACIAL6200.webp,procesado,modo RGBA → RGB con fondo blanco
RESM1.webp,procesado,modo RGBA → RGB con fondo blanco
RESP12.webp,procesado,modo RGBA → RGB con fondo blanco
RETFILTRO501-3M.webp,procesado,modo RGBA → RGB con fondo blanco
RFL200.webp,procesado,modo RGBA → RGB con fondo blanco
RFR3.webp,procesado,modo RGBA → RGB con fondo blanco
RH5B.webp,procesado,modo RGBA → RGB con fondo blanco
RIELC.webp,procesado,modo RGBA → RGB con fondo blanco
RIZO013.webp,procesado,modo RGBA → RGB con fondo blanco
RM1030-120G-K.webp,procesado,modo RGBA → RGB con fondo blanco
RODAJA51.webp,procesado,modo RGBA → RGB con fondo blanco
RODAJA51HU.webp,procesado,modo RGBA → RGB con fondo blanco
RODAJA51HUF.webp,procesado,modo RGBA → RGB con fondo blanco
RODHU3.webp,procesado,modo RGBA → RGB con fondo blanco
RODHU6.webp,procesado,modo RGBA → RGB con fondo blanco
ROLGAL25.webp,procesado,modo RGBA → RGB con fondo blanco
ROLGALV10.webp,procesado,modo RGBA → RGB con fondo blanco
RONGALV-8.webp,procesado,modo RGBA → RGB con fondo blanco
RONGALV13.webp,procesado,modo RGBA → RGB con fondo blanco
RONGALV16.webp,procesado,modo RGBA → RGB con fondo blanco
RONGALV19.webp,procesado,modo RGBA → RGB con fondo blanco
RONGALV5.webp,procesado,modo RGBA → RGB con fondo blanco
RONGALV6.webp,procesado,modo RGBA → RGB con fondo blanco
RONPREGAL10.webp,procesado,modo RGBA → RGB con fondo blanco
RONPREGAL13.webp,procesado,modo RGBA → RGB con fondo blanco
RONPREGAL19.webp,procesado,modo RGBA → RGB con fondo blanco
RONPREGAL25.webp,procesado,modo RGBA → RGB con fondo blanco
RONPREGAL6.webp,procesado,modo RGBA → RGB con fondo blanco
RONPREGAL8.webp,procesado,modo RGBA → RGB con fondo blanco
ROPL41.webp,procesado,modo RGBA → RGB con fondo blanco
ROS1C.webp,procesado,modo RGBA → RGB con fondo blanco
ROSET001.webp,procesado,modo RGBA → RGB con fondo blanco
ROSET002.webp,procesado,modo RGBA → RGB con fondo blanco
ROSET003.webp,procesado,modo RGBA → RGB con fondo blanco
ROSET004.webp,procesado,modo RGBA → RGB con fondo blanco
ROSETON.webp,procesado,modo RGBA → RGB con fondo blanco
ROSETSOL.webp,procesado,modo RGBA → RGB con fondo blanco
ROTMAKITA.webp,procesado,modo RGBA → RGB con fondo blanco
RUEAN3C-C.webp,procesado,modo RGBA → RGB con fondo blanco
RUEAN4.webp,procesado,modo RGBA → RGB con fondo blanco
RUEAND150.webp,procesado,modo RGBA → RGB con fondo blanco
RUEAND200.webp,procesado,modo RGBA → RGB con fondo blanco
RUEANG4G.webp,procesado,modo RGBA → RGB con fondo blanco
RUEANG6G.webp,procesado,modo RGBA → RGB con fondo blanco
RUEDIA10-5093.webp,procesado,modo RGBA → RGB con fondo blanco
RUEDIA6-5090.webp,procesado,modo RGBA → RGB con fondo blanco
RUEDIA6-57879.webp,procesado,modo RGBA → RGB con fondo blanco
RUEDIA6.webp,procesado,modo RGBA → RGB con fondo blanco
RUEDIA8-5092.webp,procesado,modo RGBA → RGB con fondo blanco
RUEDIA8.webp,procesado,modo RGBA → RGB con fondo blanco
RUEFIJ75.webp,procesado,modo RGBA → RGB con fondo blanco
RUEGIR75.webp,procesado,modo RGBA → RGB con fondo blanco
RUEGIRF2-X1.webp,procesado,modo RGBA → RGB con fondo blanco
RUEGIRF75.webp,procesado,modo RGBA → RGB con fondo blanco
RUEPLA2.webp,procesado,modo RGBA → RGB con fondo blanco
RUEPLA3.webp,procesado,modo RGBA → RGB con fondo blanco
RUEPLA4.webp,procesado,modo RGBA → RGB con fondo blanco
RUEPLA51MM.webp,procesado,modo RGBA → RGB con fondo blanco
RUEU100.webp,procesado,modo RGBA → RGB con fondo blanco
RUEU50.webp,procesado,modo RGBA → RGB con fondo blanco
RUEU75.webp,procesado,modo RGBA → RGB con fondo blanco
RUEV100.webp,procesado,modo RGBA → RGB con fondo blanco
RUEV135.webp,procesado,modo RGBA → RGB con fondo blanco
RUEV50.webp,procesado,modo RGBA → RGB con fondo blanco
RUEV75.webp,procesado,modo RGBA → RGB con fondo blanco
S1CAMARI300.webp,procesado,modo RGBA → RGB con fondo blanco
S7826HL.webp,procesado,modo RGBA → RGB con fondo blanco
S7834HL.webp,procesado,modo RGBA → RGB con fondo blanco
S7840HL.webp,procesado,modo RGBA → RGB con fondo blanco
SCH201C2K-B3.webp,procesado,modo RGBA → RGB con fondo blanco
SDH700-B3.webp,procesado,modo RGBA → RGB con fondo blanco
SE54-50.webp,procesado,modo RGBA → RGB con fondo blanco
SECARPEPEBCO.webp,procesado,modo RGBA → RGB con fondo blanco
SEGIED.webp,procesado,modo RGBA → RGB con fondo blanco
SEGLC4-10DPP.webp,procesado,modo RGBA → RGB con fondo blanco
SEGLCT-MET3-5-8-18D.webp,procesado,modo RGBA → RGB con fondo blanco
SEGLCU-MAD4-10DPP.webp,procesado,modo RGBA → RGB con fondo blanco
SEGLCU-MET3-5-8-18D.webp,procesado,modo RGBA → RGB con fondo blanco
SEGLE.webp,procesado,modo RGBA → RGB con fondo blanco
SEGLE6.webp,procesado,modo RGBA → RGB con fondo blanco
SEGLF.webp,procesado,modo RGBA → RGB con fondo blanco
SEGNBF.webp,procesado,modo RGBA → RGB con fondo blanco
SEGNF.webp,procesado,modo RGBA → RGB con fondo blanco
SH21.webp,procesado,modo RGBA → RGB con fondo blanco
SIACRI140ML.webp,procesado,modo RGBA → RGB con fondo blanco
SIBCOCAR280.webp,procesado,modo RGBA → RGB con fondo blanco
SIBCOCAR300.webp,procesado,modo RGBA → RGB con fondo blanco
SICAHITECH.webp,procesado,modo RGBA → RGB con fondo blanco
SICARACRI300ML.webp,procesado,modo RGBA → RGB con fondo blanco
SICARACRI300MLCH.webp,procesado,modo RGBA → RGB con fondo blanco
SICARACRI300MLN.webp,procesado,modo RGBA → RGB con fondo blanco
SICARANCLQ70.webp,procesado,modo RGBA → RGB con fondo blanco
SICARHI-BOND280ML.webp,procesado,modo RGBA → RGB con fondo blanco
SICARPENBYC.webp,procesado,modo RGBA → RGB con fondo blanco
SICARPENBYCT.webp,procesado,modo RGBA → RGB con fondo blanco
SICARPENS280.webp,procesado,modo RGBA → RGB con fondo blanco
SICARPENSBCO280.webp,procesado,modo RGBA → RGB con fondo blanco
SICARPEPE280ML.webp,procesado,modo RGBA → RGB con fondo blanco
SICARPEPET280ML.webp,procesado,modo RGBA → RGB con fondo blanco
SICARPESELLNEGRO.webp,procesado,modo RGBA → RGB con fondo blanco
SICARSISC300.webp,procesado,modo RGBA → RGB con fondo blanco
SICARSISM300.webp,procesado,modo RGBA → RGB con fondo blanco
SICARSISMB.webp,procesado,modo RGBA → RGB con fondo blanco
SICARSISUG300.webp,procesado,modo RGBA → RGB con fondo blanco
SICARSISUG300N.webp,procesado,modo RGBA → RGB con fondo blanco
SICARSISUS300B.webp,procesado,modo RGBA → RGB con fondo blanco
SICO1-1-4M.webp,procesado,modo RGBA → RGB con fondo blanco
SICO3-M.webp,procesado,modo RGBA → RGB con fondo blanco
SICOCI23.webp,procesado,modo RGBA → RGB con fondo blanco
SICOCI25.webp,procesado,modo RGBA → RGB con fondo blanco
SICOCI26.webp,procesado,modo RGBA → RGB con fondo blanco
SICOCI28.webp,procesado,modo RGBA → RGB con fondo blanco
SICOCI30.webp,procesado,modo RGBA → RGB con fondo blanco
SICOCI32.webp,procesado,modo RGBA → RGB con fondo blanco
SICOCI38.webp,procesado,modo RGBA → RGB con fondo blanco
SICOCI44-4.webp,procesado,modo RGBA → RGB con fondo blanco
SICOCI50.webp,procesado,modo RGBA → RGB con fondo blanco
SICOCI56.webp,procesado,modo RGBA → RGB con fondo blanco
SICOCI69.webp,procesado,modo RGBA → RGB con fondo blanco
SICOL1-1-2.webp,procesado,modo RGBA → RGB con fondo blanco
SICOL1-1-8.webp,procesado,modo RGBA → RGB con fondo blanco
SICOL1-3-4.webp,procesado,modo RGBA → RGB con fondo blanco
SICOL1-3-8.webp,procesado,modo RGBA → RGB con fondo blanco
SICOL2-1-8.webp,procesado,modo RGBA → RGB con fondo blanco
SICOL2.webp,procesado,modo RGBA → RGB con fondo blanco
SICOSI54.webp,procesado,modo RGBA → RGB con fondo blanco
SIERRADWE304.webp,procesado,modo RGBA → RGB con fondo blanco
SIERRASIM.webp,procesado,modo RGBA → RGB con fondo blanco
SILDUR300MLG.webp,procesado,modo RGBA → RGB con fondo blanco
SILDUR300MLN.webp,procesado,modo RGBA → RGB con fondo blanco
SILDURG95GR.webp,procesado,modo RGBA → RGB con fondo blanco
SILPEN75GR.webp,procesado,modo RGBA → RGB con fondo blanco
SILPENST20GR.webp,procesado,modo RGBA → RGB con fondo blanco
SILPOLIRAN300ML.webp,procesado,modo RGBA → RGB con fondo blanco
SILSALCHDB600ML.webp,procesado,modo RGBA → RGB con fondo blanco
SILSISTATRAN82-8M.webp,procesado,modo RGBA → RGB con fondo blanco
SINAIS-138000.webp,procesado,modo RGBA → RGB con fondo blanco
SINAIS-138001.webp,procesado,modo RGBA → RGB con fondo blanco
SK503B.webp,procesado,modo RGBA → RGB con fondo blanco
SK816.webp,procesado,modo RGBA → RGB con fondo blanco
SM5.webp,procesado,modo RGBA → RGB con fondo blanco
SM6.webp,procesado,modo RGBA → RGB con fondo blanco
SMER70S635.webp,procesado,modo RGBA → RGB con fondo blanco
SOL-MSG0352L.webp,procesado,modo RGBA → RGB con fondo blanco
SOL13X25.webp,procesado,modo RGBA → RGB con fondo blanco
SOL13X38.webp,procesado,modo RGBA → RGB con fondo blanco
SOL3X13.webp,procesado,modo RGBA → RGB con fondo blanco
SOL5X38.webp,procesado,modo RGBA → RGB con fondo blanco
SOLACINOX3-32308L16.webp,procesado,modo RGBA → RGB con fondo blanco
SOLAL1-8.webp,procesado,modo RGBA → RGB con fondo blanco
SOLCIN3M.webp,procesado,modo RGBA → RGB con fondo blanco
SOLD6010.webp,procesado,modo RGBA → RGB con fondo blanco
SOLDNILOX.webp,procesado,modo RGBA → RGB con fondo blanco
SOLESAB10LB.webp,procesado,modo RGBA → RGB con fondo blanco
SOLESAB15K.webp,procesado,modo RGBA → RGB con fondo blanco
SOLESAB70181-8.webp,procesado,modo RGBA → RGB con fondo blanco
SOLESAB70183-32.webp,procesado,modo RGBA → RGB con fondo blanco
SOLIN1-8E.webp,procesado,modo RGBA → RGB con fondo blanco
SOLIN3-32E.webp,procesado,modo RGBA → RGB con fondo blanco
SOLIN7018-3-32.webp,procesado,modo RGBA → RGB con fondo blanco
SOLIN7018-5-32.webp,procesado,modo RGBA → RGB con fondo blanco
SOLIN7018.webp,procesado,modo RGBA → RGB con fondo blanco
SOLIN7018INF.webp,procesado,modo RGBA → RGB con fondo blanco
SOLLICON.webp,procesado,modo RGBA → RGB con fondo blanco
SOLLIN15K.webp,procesado,modo RGBA → RGB con fondo blanco
SOLLIN1LBT-030.webp,procesado,modo RGBA → RGB con fondo blanco
SOLLIN1LBT.webp,procesado,modo RGBA → RGB con fondo blanco
SOLLIN3-32.webp,procesado,modo RGBA → RGB con fondo blanco
SOLLIN6013.webp,procesado,modo RGBA → RGB con fondo blanco
SOLVA1-8CA.webp,procesado,modo RGBA → RGB con fondo blanco
SOLVA3-32C.webp,procesado,modo RGBA → RGB con fondo blanco
SOPORT-CANAL.webp,procesado,modo RGBA → RGB con fondo blanco
SP14-CLASICO.webp,procesado,modo RGBA → RGB con fondo blanco
SP9-PREMIER.webp,procesado,modo RGBA → RGB con fondo blanco
SSH-383-SPH.webp,procesado,modo RGBA → RGB con fondo blanco
SSH-403-CHF.webp,procesado,modo RGBA → RGB con fondo blanco
SSH-403-FFL.webp,procesado,modo RGBA → RGB con fondo blanco
STDH8013-B3.webp,procesado,modo RGBA → RGB con fondo blanco
STGS8115-B3.webp,procesado,modo RGBA → RGB con fondo blanco
SUSMAT.webp,procesado,modo RGBA → RGB con fondo blanco
SY-ICU0003-10.webp,procesado,modo RGBA → RGB con fondo blanco
SYE71TGS3501.webp,procesado,modo RGBA → RGB con fondo blanco
SYER70D63505.webp,procesado,modo RGBA → RGB con fondo blanco
SZAP25.webp,procesado,modo RGBA → RGB con fondo blanco
TABLU3X3.webp,procesado,modo RGBA → RGB con fondo blanco
TABOL100.webp,procesado,modo RGBA → RGB con fondo blanco
TABOL25.webp,procesado,modo RGBA → RGB con fondo blanco
TABOL32.webp,procesado,modo RGBA → RGB con fondo blanco
TABOL38.webp,procesado,modo RGBA → RGB con fondo blanco
TABOL50.webp,procesado,modo RGBA → RGB con fondo blanco
TABOL65.webp,procesado,modo RGBA → RGB con fondo blanco
TABOL75.webp,procesado,modo RGBA → RGB con fondo blanco
TABZ3X3CB.webp,procesado,modo RGBA → RGB con fondo blanco
TAL-DEWALT1-2.webp,procesado,modo RGBA → RGB con fondo blanco
TAL-RM800.webp,procesado,modo RGBA → RGB con fondo blanco
TALD-024.webp,procesado,modo RGBA → RGB con fondo blanco
TALD-25260K.webp,procesado,modo RGBA → RGB con fondo blanco
TALDB113D.webp,procesado,modo RGBA → RGB con fondo blanco
TALDBOSCH.webp,procesado,modo RGBA → RGB con fondo blanco
TALDDEWAL.webp,procesado,modo RGBA → RGB con fondo blanco
TALDMHP1640.webp,procesado,modo RGBA → RGB con fondo blanco
TALDMHP80B.webp,procesado,modo RGBA → RGB con fondo blanco
TAPA-C.webp,procesado,modo RGBA → RGB con fondo blanco
TAPI13.webp,procesado,modo RGBA → RGB con fondo blanco
TAPICH.webp,procesado,modo RGBA → RGB con fondo blanco
TAPLAP-PTR1-1-2.webp,procesado,modo RGBA → RGB con fondo blanco
TAPLAP-PTR1-1-4.webp,procesado,modo RGBA → RGB con fondo blanco
TAPLAP-PTR1-X2.webp,procesado,modo RGBA → RGB con fondo blanco
TAPLAP-PTR1.webp,procesado,modo RGBA → RGB con fondo blanco
TAPLAP-PTR13.webp,procesado,modo RGBA → RGB con fondo blanco
TAPLAP-PTR2.webp,procesado,modo RGBA → RGB con fondo blanco
TAPLAP-PTR3-4.webp,procesado,modo RGBA → RGB con fondo blanco
TAPLAP-PTR3.webp,procesado,modo RGBA → RGB con fondo blanco
TAPLAP-TUBO1-1-2.webp,procesado,modo RGBA → RGB con fondo blanco
TAPLAP-TUBO1-1-4.webp,procesado,modo RGBA → RGB con fondo blanco
TAPLAP-TUBO1.webp,procesado,modo RGBA → RGB con fondo blanco
TAPLAP-TUBO2.webp,procesado,modo RGBA → RGB con fondo blanco
TAPLAP-TUBO3-4.webp,procesado,modo RGBA → RGB con fondo blanco
TAQA13.webp,procesado,modo RGBA → RGB con fondo blanco
TAQA3-8.webp,procesado,modo RGBA → RGB con fondo blanco
TAQA5-16.webp,procesado,modo RGBA → RGB con fondo blanco
TAQANC1-4.webp,procesado,modo RGBA → RGB con fondo blanco
TAQAR1-2X3-3-4.webp,procesado,modo RGBA → RGB con fondo blanco
TAQAR1-4X3-1-4.webp,procesado,modo RGBA → RGB con fondo blanco
TAQEX1-2.webp,procesado,modo RGBA → RGB con fondo blanco
TAQEXP1-4.webp,procesado,modo RGBA → RGB con fondo blanco
TAQEXP3-16.webp,procesado,modo RGBA → RGB con fondo blanco
TAQEXP3-8.webp,procesado,modo RGBA → RGB con fondo blanco
TAQEXP5-16.webp,procesado,modo RGBA → RGB con fondo blanco
TAQPLAS6.webp,procesado,modo RGBA → RGB con fondo blanco
TAQPLAS8.webp,procesado,modo RGBA → RGB con fondo blanco
TASBOL100.webp,procesado,modo RGBA → RGB con fondo blanco
TASBOL25.webp,procesado,modo RGBA → RGB con fondo blanco
TASBOL32.webp,procesado,modo RGBA → RGB con fondo blanco
TASBOL38.webp,procesado,modo RGBA → RGB con fondo blanco
TASBOL50.webp,procesado,modo RGBA → RGB con fondo blanco
TASBOL75.webp,procesado,modo RGBA → RGB con fondo blanco
TAUR.webp,procesado,modo RGBA → RGB con fondo blanco
TB-816-2-120-60.webp,procesado,modo RGBA → RGB con fondo blanco
TB812A.webp,procesado,modo RGBA → RGB con fondo blanco
TC734B.webp,procesado,modo RGBA → RGB con fondo blanco
TCEC244.webp,procesado,modo RGBA → RGB con fondo blanco
TCEC245.webp,procesado,modo RGBA → RGB con fondo blanco
TCEC246.webp,procesado,modo RGBA → RGB con fondo blanco
TCPC244.webp,procesado,modo RGBA → RGB con fondo blanco
TEEFO25.webp,procesado,modo RGBA → RGB con fondo blanco
TEES25.webp,procesado,modo RGBA → RGB con fondo blanco
TEES32.webp,procesado,modo RGBA → RGB con fondo blanco
TEES38.webp,procesado,modo RGBA → RGB con fondo blanco
TEES50.webp,procesado,modo RGBA → RGB con fondo blanco
TEES75.webp,procesado,modo RGBA → RGB con fondo blanco
TEJU100.webp,procesado,modo RGBA → RGB con fondo blanco
TEJU25.webp,procesado,modo RGBA → RGB con fondo blanco
TEJU32.webp,procesado,modo RGBA → RGB con fondo blanco
TEJU38.webp,procesado,modo RGBA → RGB con fondo blanco
TEJU50.webp,procesado,modo RGBA → RGB con fondo blanco
TEJU64.webp,procesado,modo RGBA → RGB con fondo blanco
TEJU75.webp,procesado,modo RGBA → RGB con fondo blanco
TEJU75N.webp,procesado,modo RGBA → RGB con fondo blanco
TEN36AA.webp,procesado,modo RGBA → RGB con fondo blanco
TEN39.webp,procesado,modo RGBA → RGB con fondo blanco
TEN412.webp,procesado,modo RGBA → RGB con fondo blanco
THINNER.webp,procesado,modo RGBA → RGB con fondo blanco
TIGCORLAM.webp,procesado,modo RGBA → RGB con fondo blanco
TIGCORLAM10.webp,procesado,modo RGBA → RGB con fondo blanco
TIGCORLAM12.webp,procesado,modo RGBA → RGB con fondo blanco
TIGCORLAM16.webp,procesado,modo RGBA → RGB con fondo blanco
TIGCORLAM8.webp,procesado,modo RGBA → RGB con fondo blanco
TILOUVER.webp,procesado,modo RGBA → RGB con fondo blanco
TOCAPCAB.webp,procesado,modo RGBA → RGB con fondo blanco
TOCAPCAR.webp,procesado,modo RGBA → RGB con fondo blanco
TOCAPHER.webp,procesado,modo RGBA → RGB con fondo blanco
TOCAPLEON.webp,procesado,modo RGBA → RGB con fondo blanco
TOCAPMI.webp,procesado,modo RGBA → RGB con fondo blanco
TOPE6412.webp,procesado,modo RGBA → RGB con fondo blanco
TOPE6859.webp,procesado,modo RGBA → RGB con fondo blanco
TOPE6862.webp,procesado,modo RGBA → RGB con fondo blanco
TOPE6865.webp,procesado,modo RGBA → RGB con fondo blanco
TOR3-16X1.webp,procesado,modo RGBA → RGB con fondo blanco
TOR3-16X11-2.webp,procesado,modo RGBA → RGB con fondo blanco
TOR3-16X2.webp,procesado,modo RGBA → RGB con fondo blanco
TORCOGALV-6X25.webp,procesado,modo RGBA → RGB con fondo blanco
TORCOGALV-8X25.webp,procesado,modo RGBA → RGB con fondo blanco
TORCOGALV-8X32.webp,procesado,modo RGBA → RGB con fondo blanco
TORCOGALV-8X38.webp,procesado,modo RGBA → RGB con fondo blanco
TORCOGALV-8X50.webp,procesado,modo RGBA → RGB con fondo blanco
TORCOGALV6X75.webp,procesado,modo RGBA → RGB con fondo blanco
TORHEXGAL10X25.webp,procesado,modo RGBA → RGB con fondo blanco
TORHEXGAL10X38.webp,procesado,modo RGBA → RGB con fondo blanco
TORHEXGAL10X50.webp,procesado,modo RGBA → RGB con fondo blanco
TORHEXGAL10X64.webp,procesado,modo RGBA → RGB con fondo blanco
TORHEXGAL10X75.webp,procesado,modo RGBA → RGB con fondo blanco
TORHEXGAL13X100.webp,procesado,modo RGBA → RGB con fondo blanco
TORHEXGAL13X25.webp,procesado,modo RGBA → RGB con fondo blanco
TORHEXGAL13X38.webp,procesado,modo RGBA → RGB con fondo blanco
TORHEXGAL13X50.webp,procesado,modo RGBA → RGB con fondo blanco
TORHEXGAL13X64.webp,procesado,modo RGBA → RGB con fondo blanco
TORHEXGAL13X75.webp,procesado,modo RGBA → RGB con fondo blanco
TORHEXGAL6X100.webp,procesado,modo RGBA → RGB con fondo blanco
TORHEXGAL6X25.webp,procesado,modo RGBA → RGB con fondo blanco
TORHEXGAL6X38.webp,procesado,modo RGBA → RGB con fondo blanco
TORHEXGAL6X50.webp,procesado,modo RGBA → RGB con fondo blanco
TORHEXGAL6X64.webp,procesado,modo RGBA → RGB con fondo blanco
TORHEXGAL8X25.webp,procesado,modo RGBA → RGB con fondo blanco
TORHEXGAL8X38.webp,procesado,modo RGBA → RGB con fondo blanco
TORHEXGAL8X50.webp,procesado,modo RGBA → RGB con fondo blanco
TORHEXGAL8X65.webp,procesado,modo RGBA → RGB con fondo blanco
TORHEXGAL8X75.webp,procesado,modo RGBA → RGB con fondo blanco
TP-813-120-2-V.webp,procesado,modo RGBA → RGB con fondo blanco
TP1013-3-120-2V.webp,procesado,modo RGBA → RGB con fondo blanco
TPG-613-1-20C1.webp,procesado,modo RGBA → RGB con fondo blanco
TPG-813-20-C1.webp,procesado,modo RGBA → RGB con fondo blanco
TPG1.webp,procesado,modo RGBA → RGB con fondo blanco
TPG2.webp,procesado,modo RGBA → RGB con fondo blanco
TPVC-T.webp,procesado,modo RGBA → RGB con fondo blanco
TROL151010.webp,procesado,modo RGBA → RGB con fondo blanco
TT300.webp,procesado,modo RGBA → RGB con fondo blanco
TT300REDF.webp,procesado,modo RGBA → RGB con fondo blanco
TT500.webp,procesado,modo RGBA → RGB con fondo blanco
TT500REDF.webp,procesado,modo RGBA → RGB con fondo blanco
TUBAEXCC75.webp,procesado,modo RGBA → RGB con fondo blanco
TUCO19.webp,procesado,modo RGBA → RGB con fondo blanco
TUCO38.webp,procesado,modo RGBA → RGB con fondo blanco
TUHEXGAL10.webp,procesado,modo RGBA → RGB con fondo blanco
TUHEXGAL16.webp,procesado,modo RGBA → RGB con fondo blanco
TUHEXGAL19.webp,procesado,modo RGBA → RGB con fondo blanco
TUHEXGAL5.webp,procesado,modo RGBA → RGB con fondo blanco
TUHEXGAL6.webp,procesado,modo RGBA → RGB con fondo blanco
TUHEXGAL8.webp,procesado,modo RGBA → RGB con fondo blanco
TUHEXGALV13.webp,procesado,modo RGBA → RGB con fondo blanco
TUHEXGALV25.webp,procesado,modo RGBA → RGB con fondo blanco
TUIN16C18MI1.webp,procesado,modo RGBA → RGB con fondo blanco
TUIN16C18MI2.webp,procesado,modo RGBA → RGB con fondo blanco
TUINC1625.webp,procesado,modo RGBA → RGB con fondo blanco
TUINC1632.webp,procesado,modo RGBA → RGB con fondo blanco
TUINC1638.webp,procesado,modo RGBA → RGB con fondo blanco
TUINC2013.webp,procesado,modo RGBA → RGB con fondo blanco
TUINC2016.webp,procesado,modo RGBA → RGB con fondo blanco
TUINC2019.webp,procesado,modo RGBA → RGB con fondo blanco
TUINC2025.webp,procesado,modo RGBA → RGB con fondo blanco
TUMOEXCM75.webp,procesado,modo RGBA → RGB con fondo blanco
TUNEC30100.webp,procesado,modo RGBA → RGB con fondo blanco
TUNEC3013.webp,procesado,modo RGBA → RGB con fondo blanco
TUNEC30150.webp,procesado,modo RGBA → RGB con fondo blanco
TUNEC3019.webp,procesado,modo RGBA → RGB con fondo blanco
TUNEC3025.webp,procesado,modo RGBA → RGB con fondo blanco
TUNEC3038.webp,procesado,modo RGBA → RGB con fondo blanco
TUNEC3050.webp,procesado,modo RGBA → RGB con fondo blanco
TUNEC3065.webp,procesado,modo RGBA → RGB con fondo blanco
TUNEC3075.webp,procesado,modo RGBA → RGB con fondo blanco
TUNEC40100.webp,procesado,modo RGBA → RGB con fondo blanco
TUNEC4013.webp,procesado,modo RGBA → RGB con fondo blanco
TUNEC40150.webp,procesado,modo RGBA → RGB con fondo blanco
TUNEC4019.webp,procesado,modo RGBA → RGB con fondo blanco
TUNEC4025.webp,procesado,modo RGBA → RGB con fondo blanco
TUNEC4032.webp,procesado,modo RGBA → RGB con fondo blanco
TUNEC4038.webp,procesado,modo RGBA → RGB con fondo blanco
TUNEC4050.webp,procesado,modo RGBA → RGB con fondo blanco
TUNEC4075.webp,procesado,modo RGBA → RGB con fondo blanco
TUTRE13.webp,procesado,modo RGBA → RGB con fondo blanco
TUTRE32.webp,procesado,modo RGBA → RGB con fondo blanco
TUTRE38.webp,procesado,modo RGBA → RGB con fondo blanco
U-BAJANT.webp,procesado,modo RGBA → RGB con fondo blanco
U40.webp,procesado,modo RGBA → RGB con fondo blanco
U40B.webp,procesado,modo RGBA → RGB con fondo blanco
UNION-BAJANT.webp,procesado,modo RGBA → RGB con fondo blanco
USCH34.webp,procesado,modo RGBA → RGB con fondo blanco
USCS5.webp,procesado,modo RGBA → RGB con fondo blanco
USCS6.webp,procesado,modo RGBA → RGB con fondo blanco
USH01Y.webp,procesado,modo RGBA → RGB con fondo blanco
USIM31.webp,procesado,modo RGBA → RGB con fondo blanco
USIM32.webp,procesado,modo RGBA → RGB con fondo blanco
USL010.webp,procesado,modo RGBA → RGB con fondo blanco
UT105-2-19M.webp,procesado,modo RGBA → RGB con fondo blanco
UT105-3-28M.webp,procesado,modo RGBA → RGB con fondo blanco
UT105-4-38M.webp,procesado,modo RGBA → RGB con fondo blanco
VARBRO.webp,procesado,modo RGBA → RGB con fondo blanco
VC1-2.webp,procesado,modo RGBA → RGB con fondo blanco
VENADO.webp,procesado,modo RGBA → RGB con fondo blanco
VICS10.webp,procesado,modo RGBA → RGB con fondo blanco
VICS11.webp,procesado,modo RGBA → RGB con fondo blanco
VICS12.webp,procesado,modo RGBA → RGB con fondo blanco
VICS13.webp,procesado,modo RGBA → RGB con fondo blanco
VICS14.webp,procesado,modo RGBA → RGB con fondo blanco
VIGA.webp,procesado,modo RGBA → RGB con fondo blanco
VIGA10-38-7KG-M.webp,procesado,modo RGBA → RGB con fondo blanco
VIGA10-44-6KG-MTS.webp,procesado,modo RGBA → RGB con fondo blanco
VIGA10X4-22K.webp,procesado,modo RGBA → RGB con fondo blanco
VIGA10X4-25-0KG-12-2.webp,procesado,modo RGBA → RGB con fondo blanco
VIGA6X4-13-40KG.webp,procesado,modo RGBA → RGB con fondo blanco
VIGAIPS4-11-46K-M12.webp,procesado,modo RGBA → RGB con fondo blanco
VIGAIPS4-11-46K-ML.webp,procesado,modo RGBA → RGB con fondo blanco
VITRAN.webp,procesado,modo RGBA → RGB con fondo blanco
VOL-210TBV.webp,procesado,modo RGBA → RGB con fondo blanco
VOL-AS110.webp,procesado,modo RGBA → RGB con fondo blanco
VOL-CEDRAGOB.webp,procesado,modo RGBA → RGB con fondo blanco
VOL-CEF1.webp,procesado,modo RGBA → RGB con fondo blanco
VOL-CELUCHADOR.webp,procesado,modo RGBA → RGB con fondo blanco
VOL-CEQUETZAL.webp,procesado,modo RGBA → RGB con fondo blanco
VOL-PE210TBV.webp,procesado,modo RGBA → RGB con fondo blanco
WMI-220.webp,procesado,modo RGBA → RGB con fondo blanco
WRB-185.webp,procesado,modo RGBA → RGB con fondo blanco
WRC-205.webp,procesado,modo RGBA → RGB con fondo blanco
WS235.webp,procesado,modo RGBA → RGB con fondo blanco
WS400.webp,procesado,modo RGBA → RGB con fondo blanco
WSP-700-FLX.webp,procesado,modo RGBA → RGB con fondo blanco
WSR-383-BNW.webp,procesado,modo RGBA → RGB con fondo blanco
WSR-383-HPR.webp,procesado,modo RGBA → RGB con fondo blanco
WSR-383-ORANG.webp,procesado,modo RGBA → RGB con fondo blanco
WST-443-BLK.webp,procesado,modo RGBA → RGB con fondo blanco
WST-443-ORA.webp,procesado,modo RGBA → RGB con fondo blanco
WST-525.webp,procesado,modo RGBA → RGB con fondo blanco
WST-530.webp,procesado,modo RGBA → RGB con fondo blanco
WST-535.webp,procesado,modo RGBA → RGB con fondo blanco
X-1100C.webp,procesado,modo RGBA → RGB con fondo blanco
ZAP500.webp,procesado,modo RGBA → RGB con fondo blanco
ZC050.webp,procesado,modo RGBA → RGB con fondo blanco
ZC075.webp,procesado,modo RGBA → RGB con fondo blanco
ZC150.webp,procesado,modo RGBA → RGB con fondo blanco
ZC150C18.webp,procesado,modo RGBA → RGB con fondo blanco
ZP015.webp,procesado,modo RGBA → RGB con fondo blanco
ZP020.webp,procesado,modo RGBA → RGB con fondo blanco
ZP030.webp,procesado,modo RGBA → RGB con fondo blanco
ZP100.webp,procesado,modo RGBA → RGB con fondo blanco
ZP200.webp,procesado,modo RGBA → RGB con fondo blanco
ZP250.webp,procesado,modo RGBA → RGB con fondo blanco
ZP300.webp,procesado,modo RGBA → RGB con fondo blanco
ZP300C18.webp,procesado,modo RGBA → RGB con fondo blanco
ZR100.webp,procesado,modo RGBA → RGB con fondo blanco
ZR200.webp,procesado,modo RGBA → RGB con fondo blanco
ZR200E.webp,procesado,modo RGBA → RGB con fondo blanco
ZR225.webp,procesado,modo RGBA → RGB con fondo blanco
ZR249.webp,procesado,modo RGBA → RGB con fondo blanco
ZR300.webp,procesado,modo RGBA → RGB con fondo blanco
ZR300C22.webp,procesado,modo RGBA → RGB con fondo blanco
ZR300E.webp,procesado,modo RGBA → RGB con fondo blanco
ZR400.webp,procesado,modo RGBA → RGB con fondo blanco
ZR400E.webp,procesado,modo RGBA → RGB con fondo blanco
ZT473X1022.webp,procesado,modo RGBA → RGB con fondo blanco
ZT483X322.webp,procesado,modo RGBA → RGB con fondo blanco
ZT483X422.webp,procesado,modo RGBA → RGB con fondo blanco
ZT483X820.webp,procesado,modo RGBA → RGB con fondo blanco
ZTA473X622.webp,procesado,modo RGBA → RGB con fondo blanco
ZV101.webp,procesado,modo RGBA → RGB con fondo blanco
ZV103.webp,procesado,modo RGBA → RGB con fondo blanco
ZV121.webp,procesado,modo RGBA → RGB con fondo blanco
ZV122.webp,procesado,modo RGBA → RGB con fondo blanco
ZV123.webp,procesado,modo RGBA → RGB con fondo blanco
ZV124.webp,procesado,modo RGBA → RGB con fondo blanco
ZV126.webp,procesado,modo RGBA → RGB con fondo blanco
ZV154.webp,procesado,modo RGBA → RGB con fondo blanco
ZV154C18.webp,procesado,modo RGBA → RGB con fondo blanco
